yorum,aspect,sentiment
acil ihtiyacım olduğu için aldım genel olarak memnunum ince ve kibar bir tasarımı var kullanımı keyifli görsel olarak da hoş,genel,pozitif
güzel bir ürün iki tane aldım,genel,pozitif
audiophile değilseniz alın F/P ürün. Kapağını açınca direkt bağlanması kolaylığını sevdim iş görür. Çok gürültülü bir yerde değilseniz telefonla konuşmada da ye,ses_goruntu,notr
dinleme için gayet iyi ama telefon görüşmesi için kötü bi kulaklık. kulaklıkla telefon görüşmesi yapanlar için hiiiçççç tavsiye etmiyorum gidin başka kaliteli k,ses_goruntu,negatif
Muhteşem bir ürün kesinlikle almalısınız bağlantı hızı ses kalitesi çok iyi çok beğendim 👏👏👏,genel,pozitif
Faturam gelmedi lütfen faturayı gönderin.,genel,notr
Ürün orjınal 2. Nesil kutuda gelmedı,kalite,pozitif
ürün 10 numara 5 yıldiz efsanee tam benim aradigimm,genel,pozitif
Ürün elime sorunsuz ulaştı satıcı trendyol olarak aldım hiç bir sorun yoktu 4 aydır kullanıyorum memnunum,genel,pozitif
şarj kablosu çıkmadı nasıl bir ürün gönderiyorsunuz yetkili satıcı olacaksınız birde😡,genel,negatif
"mediamarkt bana bozuk urun gonderdi, kulakligin dokunmatigi calismiyor ve butun sesi disariya veriyor. mediamarkta gittim ve bir ton ugrastiktan sonra gonderdik",genel,negatif
ben beğendim güzel,genel,pozitif
Ürün dün elime ulaştı kargolama güzeldi hızlı teslimat oldu uygun fiyatlı şimdiye kadar kullandığım en iyi kulaklık diyebilirim bas sistemi çok güzel sesi çok n,fiyat,pozitif
Şarj kablosu çıkmaması üzücü. Az para değil gerçekten. Ama kaliteli ve kutu kapalı ve sağlam geldi.,kalite,pozitif
adığım 10 gün oldu oyun oynarken telefon yanıyor nedenini bilmiyorum aslında videolarında en güçlü oyunları bile oynarken ısınmaz diyordu,ses_goruntu,negatif
severek kullanıyorum teşekkürlerr,genel,pozitif
Arama geldiğinde açılmıyor,genel,negatif
Ürün güzel sağlam geldi paketlemesi çok iyi kurulumu da kolay oldu sadece arada kasıyor ve biraz yavaş ama iş görür,genel,negatif
bu ürünü kimse almasın Bluetoothta görmüyor telefon haberiniz olsun.,genel,negatif
ürün elime ulaştı fakat şarj aleti yok,batarya,negatif
Ürün tam f/p ürünü babama hediye olarak aldım beğendi severek kullanıyor,genel,pozitif
Ses falan süper Apple kalitesi fakat şarj bitmiş geldi,kalite,pozitif
ürün elime bozuk geldi sol taraf çalışmıyor ayrıca ses kalitesi fiyatina göre bile düşük,kalite,negatif
Sayı tuşları basılı kalıyordu o yüzden iade...,kalite,negatif
Ürün orjinal fakat kulaklığın sağ teki bozuldu,kalite,negatif
Şarj adaptörü yok,genel,negatif
ürün gayat güzel   kargo çok hızlı ilandaki gibi bir günde elime ulaştı paketleme gayet düzgün ve sağlamdı  tavsiye ederim,kalite,pozitif
kardeşime aldım çok güzel...,genel,pozitif
Yaklaşık 10 ay önce aldım donma ve kasma problemi yaşıyorum bir yıl ek garanti de aldık telefonu hangi servise gönderebilirim,genel,negatif
Çok iyi...,genel,pozitif
yani taksit ile aldım ama umarım birşey olmadan kullanırım.,genel,notr
Merhaba aldığım kulaklıkta şarj problemi yaşıyorum. Şarjı hemen bitiyor ve şarj kutusu %4 ten fazla dolmuyor. Garanti kapsamında ilgilenir misiniz??,batarya,negatif
Kurulumu kendim yaptım çok güzel zarif bir bilgisayar beğendim kargo da sağlam geldi,genel,pozitif
"Sorunsuz geldi , tavsiye ederim",genel,pozitif
Paketleme özenliydi,ambalaj,notr
İlk aldığımda çok büyük tedirginlikle siparişi verdim. Yaklaşık 4-5 oldu kullanalı şimdiye kadar bir sıkıntısı çıkmadı. Satıcıya güveninden dolayı teşekkür eder,genel,pozitif
1.nesil göndermişler,kalite,negatif
ya bilgisayarım bozuldu acaba nerde tamir ettirebilirim,kalite,negatif
ürün çok iyi,genel,pozitif
biraz yavaş onun dışında bir problem yok,genel,pozitif
Ürün günlük kullanım için iyi ama ciddi ısınma problemi var alacak arkadaşlar bunu göze alıp almalı,genel,negatif
çok güzel bir telefon,genel,pozitif
ürün çok güzel kaliteli harika bişey çok tşk ederim paketleme ve ürün içinde,ambalaj,pozitif
Kesinlikle alın çok iyi bir korktum ama beklediğimden iyi geldi kutusu sağlamdı hasar yoktu teşekkürler:)),ambalaj,pozitif
Güzel çok beğendim ses kalitesi falan çok iyi,ses_goruntu,pozitif
gayet iyi kargoda gayet güzel gelsi,kargo,pozitif
Erkek arkadaşıma aldım çok beğendi,genel,pozitif
ürün güzel sevdim şarjı uzun süreli,genel,pozitif
5 yıldız koydum ki ilklerde oldun ama kesinlikle alınmaz paranıza yazık sürekli donuyor sürekli sesi gidiyor sürekli ısınıyor sürekli bağlantı hatası yani gerek,genel,negatif
Gayet sağlam ve çabuk ulaştı elime. Çok memnunum,kargo,pozitif
Alırken çok tereddüt etmiştim sıkıntı çıkarmı acaba diye  ama beklediğimden daha güzel ve sağlam geldi kesinlikle tereddütsüz alabilirsiniz tam bir fiyat perfor,fiyat,pozitif
Üründen gerçekten çok memnun kaldım bu fiyata göre böyle bir performans beklemiyordum alın aldırın mutlaka,genel,pozitif
telefonun dokunmatiği arızalı çıktı servise verdim kullanamadan,kalite,negatif
guzel ındırımdeydı,fiyat,notr
1 haftada geldi telefon asla bu kadar geç gelmesini beklemiyordum paket yırtıktı neyse ki telefona bir şey olmamış onun dışında telefon tabi ki efsane😄,ambalaj,negatif
arızalı urun geldı ne yazık tek kulaklık calısıuo ıade ediyorum,kalite,negatif
Telefonun sağ üst kısmında küçük bir çiziğe denk geldim,genel,negatif
Ses kalitesi görüntü hızı mük çok tereddüt ederek aldım ama değer,ses_goruntu,pozitif
arkadaşlar ürün bozuk geri gönderdim gene bana gönderdiler...,genel,negatif
Ürün sağlam geldi ama farurası gelmedi,kalite,pozitif
Ürün o kadar sağlam ve o kadar hızlı geldi ki teşekkür ederim severek kullanıyorum,kalite,pozitif
"Trendyol satıcısından almama rağmen kutusu elime sağlam ulaşmadı, daha önceden açılmaya çalışılmış gibi bir izlenim bıraktı kargoyu açtığımda ürün kapağı fotoğr",ambalaj,negatif
Çok başarılı ve hızlı bir teslimat tebrik ediyorum,kargo,pozitif
0 ürün nasıl bozuk çıkabiliyor aklım almıyor. Pil bozuk çıktı. Pil şarj olmuyor uyarısı veriyor. Güç kablosunu çektiğim anda kapanıyor. 2-3 hafta servisle uğraş,batarya,negatif
müthiş bu fiyata bu performans harika kendime aldım birde komşuma önerdim ona da aldık,fiyat,pozitif
bu üründen 3 tane aldım tam olarak 3 tane ilk gelen kutusndsn açtığım gibi sağ taraftan ses gelmiyordu iade ettim 2. si ı nasıl olduysa bir anda kulaklığın iki,ambalaj,negatif
"Ürünün seri numarasını kontrol ettirdiğimde orijinal çıktı. Hızlı teslimat, güzel paketleme emeğinize sağlık",kalite,pozitif
Mükemmel düşünmeden alın çok güzel bir ürün kendime aldım her şeyi yapabilirsiniz bu macbookta harika,genel,pozitif
Basit işler için ideal. Ekrana bayıldım çerçeveler oldukça ince iş görür.,genel,notr
Ağustosda aldım ocakta garantisi başlamış,genel,negatif
Süperrr bayıldım kargo güzeldi telefon sorunsuz,kargo,pozitif
EŞİM VE KENDİME ALDIM ÇOK GÜZELDİ PAKETLEME ORJİNAL ÜRÜN BEĞENDİK,ambalaj,pozitif
Samsung kalitesine  yakışmayan bir cihaz  ucuz diye almayın aynı paraya Xiaomi redmi note serisi bir telefon tercih edin,genel,negatif
hafif cızırtı var gibi umarım bozuk değildir onun dışında kargo hızlı geldi,kalite,negatif
2022 tarihi ürün gönderildi onun dışında iPhone kalitesi hepimizi biliyoruz,kalite,notr
İndirimlerle iyi bir fiyata yakalım.çok memnunum,fiyat,pozitif
"2, 3 bin TL ye aynı verimi alacağınız kulaklığı almak yerine bunu alabilirsiniz şarjı ortalama gidiyor seside çok açında dışarıdan duyuluyor kulaktanda asla düş",ses_goruntu,notr
Aylar sonra yorumum. Win 11 de çok kasıyor. Win 8 de kullanıyorum. Daha akışkan oluyor. Celeron olduğu için kasmasını normal karşılıyorum. 1.1ghz hız veriyor. B,genel,negatif
kargo çok hızlıydı,kargo,pozitif
hızlı teslimat paketlemesi baya İyi güzel görünüyor  fiyatına göre çok iyi alınır,kargo,pozitif
çok güzel bir ürün denedim kullandım herkese tavsiye ederim,genel,pozitif
Ürünü zaten anlatmaya gerek yok satıcıya da çok teşekkürler paketleme kargo çok iyiydi,genel,pozitif
"sol kulaklık çalışmadı, şarj almadı, aldığında da 10 dakika içinde bitti kısaca arızalı geldi gurgenclere götürdük yenisini verdiler eşime hediye almıştım doğum",kalite,negatif
"Ürün sağlam bir şekilde teslim alındı teşekkür ederim maalesef kutu içeriği şarz kablosu çıkmadı, bundan gerisi güzel çok teşekkür ederim ki beğendim çok iyi iş",kargo,pozitif
Sağlam paketleme güvenilir,ambalaj,pozitif
Tam bir fiyat performans ürünü. Oldukça hızlı,genel,pozitif
güzel ürün kaliteli lakin bir jarj kablosu yok koymamışlar,kalite,pozitif
çok hızlı bir şekilde elime ulaştı çok memnunum,kargo,pozitif
fiyata göre pek iyi değil sesi net değil garantili olması hicaz rahatlatıcı en azından bişey olursa yaptirabiliriz diye düşünüyorum,ses_goruntu,negatif
çok guzelllll şarjı günlerce bitmiyor inanılmaz kullanışlı fiyat zaten şahane. Hızlı kargo kaliteli ürün,fiyat,pozitif
üründe şarj adaptörü eksik geldi. Kaploda çift ucu telefon giriş olarak geldi,genel,negatif
Ürün gayet iyi çok güzel geldi :),genel,pozitif
çok kadıyor bazen,genel,negatif
Kendim için aldım çok iyi 👍,genel,pozitif
Sevgili Eşime Hediye aldım çok beğendi teşekkür ederim trendyol & teknosa hızlı kargo harika iphone,genel,pozitif
Hızlı kargo güzel paketleme teşekkürler çok güzel bir telefon herkese tavsiye ederim teşekkürler Trendyol ürün sorunsuz geldi,ambalaj,pozitif
daha çok yeni olduğu için performansına dair yorum yapamıyorum. ısınma sorunu yaşamadık paket kargo çok iyiydi hasarsızca geldi. ben Word vb. Office programları,genel,notr
Ürün güzel ses kalitesi iyi ama 1 sene sonra şarjı 10 dakika dayanmıyor pil ömrü bitiyor,genel,pozitif
Mükemmel bir özenli kargolama bravo,genel,pozitif
Agustos 2023 te aldım şarz almıyor şu an ve servis garanti bilgilerime ulasamiyorum,kalite,negatif
Ürün geldi kapalı kutu kart yeri çalışmıyor hat okumuyor,kalite,negatif
Ürün çok hızlı elime ulaştı ve mükemmel çok memnun kaldım,genel,pozitif
Bir günde elime ulaştı işletim sistemi ideal ve çok işlevsel bir kullanım aramayanlara yeterli.,kargo,pozitif
ipone 11 e uyum sağlamıyor almak isteyenler kimse beni uyarmadı mağdur oldum siz almayın sakın,kalite,pozitif
Telefonu henüz kullanmadık iyi görünüyor şimdilik. fakat içerisinde neden şarj adaptörü yok anlamış değilim sadece kablo var onun da iki ucu da aynı neden norma,genel,notr
Paketleme kötü -güncelleme- ; telefon çok iyi asla donmuyor kasmıyor kamerası efsane ancak şarjı çok hızlı bitiyor orijinal başlığını almama rağmen ve ısınma so,ambalaj,negatif
Kesinlikle daha önce müzik dinlemiyormuşum o derece iyi. 1 günde elime ulaştı gerçekten çok memnunum,genel,pozitif
çok güzel iyi ki almışım dediğim şeylerden biri deprem bölgesinde olmama rağmen 24 saat geçmeden elime ulaştı teşekkürlerr🫶🏻,kargo,pozitif
kualklikta şarz kablosu çıkmadı,genel,negatif
Alalı 2 hafta oldu.Şimdilik memnunum.Kullanımı kolay.Korunaklı bir şekilde geldi.Şarjı fulltime kullanmıyorsanız epey uzun süre gidiyor.Isınmıyor ve ses yapmıyo,kargo,pozitif
Bu ne abi hani nerde müşteri memnuniyeti  bu telefonu inçelicem heran gibi bir değişeni olursa o zaman görüşürüz,genel,negatif
tavsiye ederim.,genel,pozitif
Ürün elime ulaştı paketleme çok özenliydi tavsiye ederim...,kargo,pozitif
Hızlı kargo güzel paketleme teşekkürler çok güzel bir telefon herkese tavsiye ederim teşekkürler Trendyol ürün sorunsuz geldi,kargo,pozitif
Ürünü alalı henüz 2 ay bile olmadı ama sağ kulaklık bozuldu.! Sol taraftan çok güzel ses geliyor fakat sağ kulaklık şarjı olduğu halde ses gelmiyor. İki ay da n,kalite,negatif
Kuponla güzel bi fiyata aldım orjinal begendim,kalite,pozitif
Ses güzel ve sağlam paket elime ulaştı.,ses_goruntu,pozitif
Ürün hızlı geldi memnun kaldım herkese tavsiye ediyorum,genel,pozitif
"Trendyol artık eskisi kadar iyi değil, hem ürün satışı kısmında hemde kargolama kısmında. Artık uzun bir süre trendyoldan alışveriş yapmayacam.",kargo,negatif
ürün bozuk geldi üzerinde çizikler vesayre şarj soket yeri arızalı geri iade ettim,batarya,negatif
Çok iyi fiyat,fiyat,pozitif
çok güzel bi ürün şiddetle tavsiye ederim.paketlemesi de süperdi..,ambalaj,pozitif
Bana geldiğinde hiç sarjı yoktu ürün önce açılmadı,batarya,negatif
garanti belgesi ve faturası gönderilmemiş eksik geldi.,genel,negatif
Fiyatına göre çok iyi Beğendim,fiyat,pozitif
Iphone'um ile entegre olsun diye airpod aldım ancak dışarıdaki sesi hiç engellemiyor anlamadım.,ses_goruntu,notr
leptop çok güzel hızlı geldi teşekkür ederim,genel,pozitif
Çantamla çok güzel kombin oldu,genel,pozitif
KURUMSAL FATURA KESİMİ YAPMADILAR,genel,negatif
sağlam geldi şarz iyi bulutut bağlantı var...,batarya,pozitif
Arkadaşlar bu kadar donması sizce normal mi ? İkinci el de benim mi haberim yok çok güzel bilgisayar ama çok donuyor bir saçmalık var,genel,pozitif
Markası ve uygun fiyat oluşu artısı. İnce bir laptop. Ama performans zayıf...,fiyat,pozitif
Kargo çok hızlıydı 2 güne elime ulaştı. Hasarsız ve temiz bir şekilde geldi.  Çok beğendim çok zarif ve güzel bir telefon almak isteyenler tereddütsüz alsınlar,genel,pozitif
Gerçekten tereddüt ederek aldım iyikide almışım... ses kalitesi görüntü kalitesi mükemmel,ses_goruntu,pozitif
ürünü aldık sık tasarım güzel ama şarj olmuyor dolduramiyor şarjı bataryadanmi şarj aletinde bilmiyorum zaten hiç kullanılmamış oğlum kullanamadı  şarj erken bi,genel,pozitif
paketleme güzel kargo hızlı orjinal ürün alin aldırın tskler,ambalaj,pozitif
çok memnunum orijinal ürün ses kalitesi vs muhteşem,ses_goruntu,pozitif
Mükemmel bir şey okul için kullanacağım,genel,pozitif
Çok güzel çok beğendim ama paketlemeye daha özen göstermelisiniz,genel,pozitif
Ürünümü teslim aldim . hevesle kutuyu actim o kadar ozensizdiki. ne sarmislar ne koruyucu pat pata sarmislar kutuyu bir actim telefon kutuda sabit degil sallani,kargo,negatif
Normal bir süre sonra kullanamıyor kizim çok donyor yavaş çalişyır,genel,negatif
Bence çok iyi şarj süresi 30 saat kullanım süresi mükemmel,genel,pozitif
Ürün o kadar sağlam ve o kadar hızlı geldi ki teşekkür ederim severek kullanıyorum,kargo,pozitif
sıfır aldığım ürün pil servis uyarısı verdi iadeyle uğraşmadım servise gönderdim.trendyol satıcısından almıştım siz siz olun bilindik yerlerden alın,batarya,negatif
çok beğendim fiyat olarak da çok uygun,fiyat,pozitif
iphone killer,genel,notr
Yeni aldığım laptopu birkaç haftadır aktif olarak kullanıyorum ve deneyimlerimi paylaşmak istedim.  Öncelikle tasarım açısından oldukça şık ve modern bir görünü,genel,notr
Paketleme çok kötüydü,ambalaj,negatif
Daha önce kardeşime almıştım şimdi kendime aldım. Hızlı kargo ve sağlam paketleme. Teşekkürler,kalite,pozitif
satıcı bir türlü faturayı yollamadı almayın arkadaslar,genel,negatif
Ürün gayet güzel çalışıyor ancak şarj cihazı yok eksik geldi ve özensiz paketleme lütfen şarj cihazınızı  gönderin bu yüzden iki yıldız verdim orjinal şarj ciha,batarya,negatif
Kargonun korunaklılığı hiç yeterli değildi.,ambalaj,negatif
sesi az fiyatina gore iyi degil,fiyat,negatif
"bass ayarı falan yapıldığında biraz daha iyi. Aslında genel olarak fiyat performans açısından çok iyi, ama şarkıya kapılmak istiyorsanız sizlik değil bende daha",ses_goruntu,pozitif
Ürünü mayıs ayında aldım garantisi Ocak ayında başlatılmış ancak konu ile ilgili muhatap bulamıyorum.,genel,negatif
Ürün konusunda bir sıkıntım yok kaliteli ürün ve hizmet sundular fakat trendyol kargo sürecinde beni çok üzdü. Başka bir dağıtım şubesine gönderdiler sonrasında,kargo,notr
fiyatina gore mukemmel ses kalitesi herkesi tatmin etmeyebilir ama gayet iş görür,genel,pozitif
Çok kullanmadım  şimdilik iyi gibi kargo özenliydi,kargo,pozitif
Nasıl 2. Nesil anlamadim sarji cabuk bitior 2-3 yil once aldigim powaray cakma kullaklik hala daha uzun sure gidior sarji okadar video izleyip dinliom bundan ca,kalite,pozitif
ürunde sol kulaklıkda cızırtı vardı iade ettim reddedildi ve biraz uğraştım servisde 2.kez gidişimde degisebildim şuan normal,ses_goruntu,negatif
2.nesil diye 1. Nesil gönderiyorlar almayın 2. Nesilde ışık ön tarafta olur 1. Nesilde fotoğrafta göründüğü yerde,kalite,negatif
görüntü kalitesi iyi. şu an stabil çalışıyor ama hafıza doldukça yavaşlamaya başladı,ses_goruntu,pozitif
şarj kablosu çıkmadı içinden,genel,negatif
Elime sorunsuz ulaştı hızlı kargo ve paketlenmesi çok iyiydi,ambalaj,pozitif
Çok güzel paketlenmiş şekilde geldi çok teşekkür ederim çok beğendim kargo süresi de harikaydı,ambalaj,pozitif
AirPods 2 den geçtim malzeme kalitesi  iyi değil kulakta düşecek gibi duruyor kargo hızlıydı fakat paketleme çok özensizdi airpods 2 bundan daha iyi ve kaliteli,ambalaj,negatif
ürün guzel bir şekilde paketlenmiş ve sağlam elimize geçti...,kargo,pozitif
Ürün ambalajı şeffaf jelatin üstünde yoktu. Açılmıştı sanırım daha önce iade edilen bir ürünü tarafıma göndermişler. Ürün içerisinden faturası çıkmadı faturanın,genel,negatif
uygun,fiyat,pozitif
Pakette fatura veya garanti belgesi yok. Ayrıca paketleme özensiz. Garanti belgesinin e faturadaki QR kodda gözüktüğünü söylüyorlar fakat orada da gözükmüyor.,genel,negatif
Çok ısınıyor,batarya,negatif
bilgisayarım geldi aşırı özenli paketlenmişti ince ve kibar kurulum vs için halledildi biraz yavaş gibi ama fiyatına göre uygun,ambalaj,pozitif
Çok kötü bir ürün sesi dışarı veriyor iade ettim hala değerlendirmede kaç gün geçti almayın aldırmayın,ses_goruntu,negatif
"ürünü paketlemek için sardıkları şişme havalı poşet süs olarak koymuşlar yanına, kargo paketinin içinde sallanıyor du",kargo,notr
Ürünün garantisi nerde,genel,negatif
bana gönderilen bu cihaz müthiş birde aparatlari olsaydı dahada iyi olurdu pataryasi ve kılıfı ekran koruyucu yok,genel,pozitif
Rüzgarlı havada (bisiklet sürerken vs.) mikrofonu sesi almıyor ama kullanım ve müzik olarak mükemmel,ses_goruntu,notr
Paketleme özenliydi sorunsuz teslim edildi orjinal ürün sıkıntı yok beğendim,kalite,pozitif
güzel ürün okul vs işleri için uygundur.,genel,pozitif
çok güzel  kargo hizli ve özenliydi teşekkürler,genel,pozitif
Ürünler cok geç kargoya veriliyor ilgisiz vatan bilgisayar yani alırken iki kez düşünün,kargo,negatif
Ürün daha önce kullanılmış pili 99 da 128 gb aldım sürekli alam dolu diyor,kalite,negatif
Genel olarak güzel kurulumu zor oldu bizim için sadece,genel,pozitif
Siparişi verdikten sonra tam 1 gün içinde teslim edildi. Fakat ürün 1 ay sonra ışıkta titreme yaparak hata vermeye başladı. Teknik servise verdim sorun görülmed,kargo,notr
Eşim icin almıştım sorunsuz şekilde elime ulaştı piyasadan çok daha ucuza geldi herkese tavsiye ederim,fiyat,pozitif
Çok kullanışlı ve benim için yeterli bi bilgisayar okul için ideal ama iş için bilemiyorum,genel,pozitif
Sağ kulaklık çalışmıyor,genel,negatif
Eşim icin almıştım sorunsuz şekilde elime ulaştı piyasadan çok daha ucuza geldi herkese tavsiye ederim,genel,pozitif
Ürünün SIM kart yuvası açılmıyor. Arızalı ürün göndermişsiniz üstelik de teknolojik ürünler geri iade edilemez diyorsunuz. Buradaki Benim hem zaman hem para ola,fiyat,negatif
apple kalitesi tartışılmaz. ürün orijinal ve özenli paketlenmişti. hızlı şekilde elime ulaştı. gönül rahatlığı ile alabilirsiniz.,kalite,pozitif
ürün çok güzel paketlenmiş çok zarif şık bir ürün kurulumu çok kolay oldu...,genel,pozitif
Bilgisayar güzel kargoyla ilgili sıkıntı yaşamıştık şikayetimize dönüş yaptılar,kargo,pozitif
Uzun zamandır kullanıyorum memnunum,genel,pozitif
Paketleme kötüydü buyuk kutunun icinde patpata sarılmadan oylesine konmus ve fatura garanti belgesi vs hicbir sey yok saka mı sanki manavdan domates aldım..,genel,negatif
1 günde 800 tl fark olur mu,genel,notr
Beğendim güzel,genel,pozitif
Çok kötü bi bilgisayar . O kadar yavaş ki youtube a zor giriyorum...,genel,negatif
Ürün güzel fakat aynı şehire 4 günde geldi kargo çok geç,kargo,negatif
kızıma hediye aldım çok beğendi,genel,pozitif
Ürün elime sorunsuz ulaştı satıcı trendyol olarak aldım hiç bir sorun yoktu 4 aydır kullanıyorum memnunum,kargo,pozitif
Tam istediğim gibi geldi herkese tavsiye ediyorum,genel,pozitif
Windows 11 kurulu şekilde gelmedi ayrıca görüntü kalitesi ciddi anlamda kötü iade edeceğim,genel,negatif
Vallaha geç geldi ama güzel geldi çok da beğendim memnun kaldım 2aydırda kullanıyorum şükür bir sorunu yok❤️‍🔥,genel,pozitif
"Ben telefonun kamerasını beğenmedim, şarjı da bir günü ancak çıkarıyor. İmkanı olanlar bir üst telefonlara yönelsinler.",ses_goruntu,negatif
Dışarı ses veriyor,ses_goruntu,negatif
2 puan verdim çünkü kutu içinde şarj kablasu kulaklık silikonu yok,genel,negatif
Orijinal geldi ama anlamadığım şey şu garanti kaydetmede sorun yaşadım satın aldığım tarihi kabul etmedi destekten bağlandığımda da mayıs 2025 e kadar garanti g,kalite,negatif
İdare eder,genel,notr
İlk aldığımı kaybettiğim için ikincisini aldım aynı satıcıdan 100% orijinal çok da hızlı gönderdiler çok teşekkür ederim,kalite,pozitif
Satın almamın üstünden 1 sene geçti hiçbir darbe düşme bi sıkıntı yaşamamasına rağmen ilk önce sol bağlanmadı şarj dahi olmadı sonra reset attım düzelmişti üzer,batarya,negatif
Telefonla konuşurken karşi taraf sesimin gelmediğini söylüyor onun dışında müzik dinlerken ses kalitesi ve sarji fiyatina göre gayet yerinde,ses_goruntu,notr
bu üründen 3 tane aldım tam olarak 3 tane ilk gelen kutusndsn açtığım gibi sağ taraftan ses gelmiyordu iade ettim 2. si ı nasıl olduysa bir anda kulaklığın iki,ses_goruntu,negatif
Ekranında ufak bir çizikle geldi kullanima engel değil sıfır denen telefonun daha önceden kutusu açılmış belli,ses_goruntu,negatif
Olması gerekenden sadece 1 gün geç geldi. Onun dışında güzel bir ürün paketleme kargo sağlam şekilde elime ulaştı.,genel,pozitif
"Pil sağlığı çok hızlı bir şekilde düştü ,ara sıra şebeke sorunu yaşıyorum ve telefonla konuşurken sesim bazen gitmiyor karşı tarafın seside bazen gelmiyor",batarya,negatif
Orijinal apple ürünü media markttan aldım satıcıya cok dikkat edin alırken . Kargo cok güzel paketlenmişti ve 1 günde geldi. Fiyatı piyasanın en uygunuydu teşek,ambalaj,pozitif
ürün bozuk geldi üzerinde çizikler vesayre şarj soket yeri arızalı geri iade ettim,genel,negatif
ürün bozuk geldi iade ettim kabul etmediğiniz sürece değişim istiyorum lutfen,kalite,negatif
Süper bir ürün kesin tavsiyemdir👍,genel,pozitif
Teslimatbyavaşdı yalan yok 5 günde zor geçti elime,kargo,negatif
SAĞ KULAKLIKTAN SES GELMİYOR..TEKRAR TEKRAR BAĞLADIM AMA DÜZELMİYOR. Çıldırdımmm,ses_goruntu,negatif
tam istediğim gibi güzel bir şekilde paketlenmiş tavsiye ederim teşekkür ederim 🙂,ambalaj,pozitif
Ürün gayet sağlam kurulum kolay paketleme gayet iyiydi...,genel,pozitif
Paketlemesi çok iyiydi garanti sorgulamasını direkt apple müşteri hizmetleriyle yaptım teşekkürler,ambalaj,pozitif
Wp arka resmini degistrince mesaj yazilan kisim titriyor sebebini cozemedim insgtramda reel izlerken bazen saniyelik ekran parlakligi dusuuyor hersey kapali olm,ses_goruntu,negatif
üç yıldız verdim çünkü paketleme iyi değildi ve içerisinde garanti belgesi de yoktu. şimdilik bir sıkıntı yok kullandıktan sonra yorumu güncelleyeceğim.,genel,negatif
Sakın almayın ürün arızalı çıktı iade ettim ürün de sorun yok diye geri gönderdiler trendyol da yardımcı olmadı sakın almayın,kalite,negatif
sevgilimin kulaklığı bozulmuştu ona aldım çok memnun paketlemesi falan da cok guzeldi,kalite,negatif
Ürün sağlam. Geç geldi,kalite,pozitif
Ofis için aldım gayet hızlı kurulumu kolay...,genel,pozitif
Hakkını veriyor.,genel,notr
Ürün orijinaldir . Kendim için aldım çok güzel çok beğendim. Kargom da hızlı ve güzel paketlenmişti  teşekkürler 🙏🏻,ambalaj,pozitif
Çok güzel cihaz memnunum normalden uygun fiyata aldım,genel,pozitif
hiç begenmedim çok yavas zaten açıp kurarken anlamalıydım sayı tuşları çalışmıyo...,kalite,negatif
Elime çok hızlı ulaştı gerçekten beğendim ses kalitesi de mükemmel,genel,pozitif
Casper markası zaten kendini kanıtlamış. öğrenciler için ideal pil ömrü fena değil . Fiyatına göre çok iyi.,genel,pozitif
redminini active buds 6 ve play kulaklıklarını kullandım ikisindede bir problem var kulakta sabit kalmıyorlarlar yapışmıyorlar kulağa 10 dk sonra yolda yürürken,genel,negatif
yani 6000 TL verdiğim kulaklık kulağımda durmuyor düşüyor saçma sapan bir tasarım ama işte aldık,genel,negatif
merhaba ben umut bir şey diyicem tek şikayetim biraz geç geldi tabi kars uzak fakat bilgisayarımı çok sevdim casper a trendyola ve babama teşekkür ederim,genel,pozitif
Harika orijinal ürün güvenerek alabilirsiniz,kalite,pozitif
ses kalitesi gayet iyi şarjı rahat 1 2 hafta götürüyor en son ne zaman şarja taktığımı unutuyorum bazen,batarya,pozitif
bilgisayar yavas cok hizli bsy beklemeyin,genel,negatif
Kulakta emanet gibi duruyor düştü düşecek sanki. Ayrıca neden şarj girişi iPhone kablo uç değil 🤦🏻‍♀️,batarya,notr
Alalı 1 yıl oldu hiç bir sorun .Yaşamadan kullanıyorum kamarasıda gayet güzel,genel,pozitif
kardeşimin doğum günü hediyesi için almıştım çok beğendi çok uygunada aldım,fiyat,pozitif
Sağlıklı bir şekilde geldi teşekkürler.,genel,pozitif
"Üründe batarya sorunu vardı, ilgili satıcı ile iletişime geçtim ve iade aldılar. Teşekkür ederim",batarya,negatif
Ses kalitesi mükemmel eşime hediye  olarak aldım çok beğendi,ses_goruntu,pozitif
Ürün sağlam eksiksiz geldi çok güzel paketleme teşekkür ederim güvenle almanızı tavsiye ederim,genel,pozitif
1yıl oldu alalı çok memnunum rahatlıkla alabilirsiniz,genel,pozitif
Kulaklık seri numaraları farklı,genel,negatif
Fiyat performans ürünü kulağa takıldığında pek belli olmuyor dışarıdan bence bu yanı güzel ama dışarıya ses veriyor biraz olumsuz bir tarafı ona göre alacaklar,fiyat,pozitif
Çok seviyorum ürünü çok memnunum,genel,pozitif
telefon guzel evet ama sarj fişi yok başligi ama kablosu var ve hic bir başlığa uymuyor kücük kaliyor onu da gönderseler sevinirdim,genel,pozitif
ben sunum için kullanıyorum işime yarıyor. büyüklüğü iyi,genel,pozitif
güzel,genel,pozitif
Kalitesi ve fiyatı çok iyi hızlı kargo için satıcıya teşekkür ederim..,kalite,pozitif
Uzun süre Pro kullandım çok memnundum MacBook ömürlük bilgisayar ve sorunsuz teslim aldım,genel,pozitif
Çok kasıyor youtube falan zor kullanıyorum,genel,negatif
Fiyatına göre fena değil gibi şimdilik,fiyat,notr
Yorumumu güncelliyorum Sesi kaliteli olabilir ama kesinlikle kulağı küçük bayağı küçük insanların alması gereken bir kulaklık hareket etmezsem kulağımdan düşmüy,ses_goruntu,notr
Paketleme gayet iyi ve kargo hızlıydı ürün sorunsuz geldi ve sorunsuz kullanıyorum,ambalaj,pozitif
ses kalitesi asırı iyi duruşu da güzel bence ben çok sevdim paketlemesi de güzeldi sıfır ürün🎀💗,ses_goruntu,pozitif
sürekli donuyor yavaş çalışıyor.sistemi çok ağır çalışıyor,genel,negatif
ürün paket lemesi beğendim telefonu kızıma aldım gayet çok memnun kaldım tavsiye ederim,genel,pozitif
ürünün içinden şarj etmek için herhangi bir aparat çıkmadı.,batarya,negatif
Ürünü sorgulattım orjinallik garantisi var ses kalitesi 1-2 ye göre inanılmaz farkediyor tam bir performans ürünü fiyat olarak da güzel teşekkürler satıcıya kor,ses_goruntu,pozitif
Çok güzel sağlam geldi 11 inde şipariş verdim ayın 12 si geldi...,kargo,pozitif
Biraz yavaş ama güzel beğendim,genel,negatif
Fiyat performans ürünü kulağa takıldığında pek belli olmuyor dışarıdan bence bu yanı güzel ama dışarıya ses veriyor biraz olumsuz bir tarafı ona göre alacaklar,ses_goruntu,notr
Ürün sağlam. Geç geldi,kargo,negatif
"kesinlikle tavsiye ediyorum, çok güzel, beğendim elime çabuk ulaştı. teşekkürler",genel,pozitif
"İlk apple bilgisayarım, piyasada 22k iken 18.5e aldım trendyol satıcısından...",genel,pozitif
Güzel kardeşim icin aldım şuanlık bi sorun yok,genel,pozitif
"tereddütlerım vardı akşam, sıparıs, verdım sabahında geldı kızım ıcın...",kargo,pozitif
Sağ kulaklığın bassı az geliyor,ses_goruntu,notr
Hızlı geldi severek kullanıyorum,genel,pozitif
Çok güzel geldi eşime aldım,genel,pozitif
ses kalitesi falan mükemmel herkese tavsiye ederim ben severek kullanıyorum,genel,pozitif
Gayet güvenilir ve uygun fiyatlı aldım 10 aydır kullanıyorum teşekkürler,fiyat,pozitif
Ürün orjinal memnunum,genel,pozitif
Aşırı derece de yavaş ve donma yapıyor Google dahi giremiyor daha önce hiç böyle bir laptop görmedim. İade ediyorum.,genel,negatif
eşim yılbaşı hediyesi aldı severek kullanıyorum gayet sağlam özenli bi şekilde geldi,kalite,pozitif
Ses kalitesi mükemmel.,genel,pozitif
Dün sabah sipariş verdim bugün geldi .Paketleme çok özenliydi.Kurulumu basitti. Beğendim tavsiye ederim.💯 Güncelleme: Ağustosta almıştım 4 ay geçti bir sorunla,kargo,pozitif
Fiyatı bu kadar oynak olmamalı ben aldıktan sonra 300 lira düştü. 20 günde 900 lira fiyat fark ediyor. Trendyol birde kendisi satıyor. Yazık gerçekten.,fiyat,negatif
"Ürünü 1 aydır kullanıyorum, genel olarak Apple kalitesi belli oluyor. Ekran çözünürlüğü çok kaliteli...",kalite,pozitif
ÜRÜN TAM ANLAMIYLA MÜKEMMEL SORUNSUZ GELDİ. KEYIFLE ALABİLİRSİNİZ SIKINTI YOK,genel,pozitif
Harika.   Tavsiye ederim,genel,pozitif
geri arama yapmadığı için iade ettim.,genel,negatif
Kulaklığımda bu şekilde demir parçaları oluşuyor daha yeni almama rağmen bi açıklama yaparmısınız?,genel,notr
Mükemmel paketli telefon sorunsuz sıkıntısız çok iyiydi çok teşekkür ederim,genel,pozitif
Kargo gayet hızlıydı paketleme de iyiydi.Cok ağır bilgisayar işleriyle uğraşmayacağım için ideal.Satıcıya teşekkür ederim.:),ambalaj,pozitif
resimdeki gibi henüz herhangi bir sıkıntı yaşamadım,genel,notr
Orjinal 2 aydır kullanıyorum gayet memnunum,genel,pozitif
günlük kullanım için çok güzel tavsiye edilirr,genel,pozitif
Garantisi 01.06.2023 tarihinde başlamış gözüküyor. 4 ay garantimden oldum.,genel,negatif
Ablama doğum günü hediyesi olarak aldım çok mutlu oldu sorunsuz geldi paketleme güzeldi,kargo,pozitif
Ben aldım indirim yapıldı,fiyat,negatif
Ürünü sorgulattım orjinallik garantisi var ses kalitesi 1-2 ye göre inanılmaz farkediyor tam bir performans ürünü fiyat olarak da güzel teşekkürler satıcıya kor,fiyat,pozitif
Ürün çok başarılı akademi için çok uygun 💕,genel,pozitif
Güzel bir ürün tavsiye ederim,genel,pozitif
Ürün çok iyi orijinal 2 yıl garantisi var herkese öneririm,kalite,pozitif
Mümkünse daha fazla RAM i olan bir modelini tercih edin,genel,notr
hiç güzel değil,genel,negatif
Çok iyi paketlenmiş elime sağlam ulaştı erken teslim almanızı tavsiye ederim,ambalaj,pozitif
Ürün gerçekten çok güzel ses kalitesi inanılmaz güzel fakat bir olaya çok üzüldüm insan şarj kablosu göndermez mi ya hadi elektrik priz fişi kimse göndermiyor k,ses_goruntu,pozitif
"öncelikle şunu belirteyim, 5 para etmez .",genel,negatif
uzun araştırmalar sonucunda bu bilgisayarı almaya karar verdim.çok memnunum...,genel,pozitif
Bu satıcıdan 2 kere aldım çok memnunum ürün kesinlikle orijinaldir,genel,pozitif
Öğrenci indirimiyle aldım faturama 1111 yazmislar...,genel,negatif
"ses kalitesi biraz düşük, çabuk arıza verebiliyor.",ses_goruntu,notr
bu urunu iade icin gonderdim kutusunu hic acmadim 20 nisanda teslim almislar hala iade inceleniyor diyor trendyol asistandan musteri hizm canli baglandim 21 is,kargo,negatif
Bayıldım çok iyi  ses kalitesi gürültü önleme özelliği tam bi fiyat performansı bi ürün kaçırmayın 🙃,ses_goruntu,pozitif
Çok pratik güEl ürün paketleme sağlam,kalite,pozitif
Telefon iyi ama şarjdayken çok ısınıyor,batarya,negatif
Şarj başlığı gelmedi,batarya,negatif
bilgisayar güzel ama teslim edilme süresi biraz uzun ama ürün kaliteli,genel,pozitif
bilgisayar hatalı çıktı kamera ve bulutut  hata veriyor sesi çok az ve kurulum yaptıktan sonra sürekli güncelleme yapıyor cihaz çok yavaş iade kodu oluşturdum d,genel,negatif
Fiyatına göre uygun ve kullanışlı bir ürün,fiyat,pozitif
"Dokunmatik ekranlı oldugu için kulağıma takıp çıkarırken veya kulağımdaki yerinden hafif hareket ettirmek istediğimde bazen sapıtıyo, onun dışında iyi",kalite,pozitif
bilgisayar güzel paketli geldi kullandığımda guncellerim,ambalaj,pozitif
memnun kaldim tmeiz media marketten geldi güzel cihaz teşekürler,genel,pozitif
Biraz yavaş ama fiyatına göre güzel,genel,pozitif
paketleme çok iyiydi. verdiği tarihten de önce geldi. çok memnun kaldım tavsiye ederim,kargo,pozitif
ürünüm elime ulaştı gayet güzel ve kibar görseldeki gibi,genel,pozitif
"Almadan önce bu kadar ihtiyacım olduğunu bilmiyordum🙃 Aşırı kullanışlı, bağlantı kopmuyor ve çok yeterli. İyi ki almışım.",genel,pozitif
Annem için aldım gayet memnun,genel,pozitif
Ürün paketlemesi çok güzel ve problemsiz geldi 👍,ambalaj,pozitif
SAKIN BURDAN ALMAYIN YEMİN EDİYORUM SEYYAR SATICIDAN 2. EL ALSAYDIM DAHAÇABUK İLGİLENİRLERDİ. 2 HAFTADA BATARYASI ŞİŞTİ EKRAN YERİNDEN ÇIKTI. APPLE DESTEK OLMUY,ses_goruntu,negatif
Ses kalitesi baya iyi apple ile tam uyumlu bayıldım,genel,pozitif
iyi,genel,pozitif
ürün paket lemesi beğendim telefonu kızıma aldım gayet çok memnun kaldım tavsiye ederim,ambalaj,notr
android den geçiş yaptım biraz zorlanıyorum ama alışacagim  efsane aşık oldum 😂 hızlı geldi ve sağlam paketlenmisti satıcıya teşekkür ederim 🙏🏻  güncellememe,ambalaj,pozitif
Kargom bugün geldi fakat pil servis öneriliyor olarak gözüküyor ve şarj olmuyor,batarya,negatif
İki kişi aldık biz benimkinin çok iyi kulanmama rağmen  pil seviyesi şu an %93 diğer arkadaşım şarja tak çıkar yapıyor ama onunki %99 niye böyle oldu anlamadım.,batarya,pozitif
Sadece internette gezmek için alacaksanız alın. Herhangi bir program yüklenemiyor...,genel,notr
Ben okul için slayt yaparım diye aldım şuanlık iş görüyor paketleme sağlamdı,genel,notr
"Kusurlu geldi, uğraşmamak için iade etmedim; kutu içi seri numarası, kutu dışı ve airpods içindeki seri numarayla aynı değil. Apple destekten bilgi almanızı öne",kalite,negatif
Kanser olmak istiyorsanız alabilir siniz ben bu kadar kötü bir satıcı bu kadar kötü bir kargo görmedim 36 bin tl ye cihaz alıyoruz kargo parası ödüyoruz birde k,kargo,negatif
Apple kalitesi.  tlfon çok güzel sağlam geldi fakat paketlenmesi özensizdi ve faturası çıkmadı.,kalite,pozitif
yillardir bu kulakligi kullaniyorum sarji cok uzun sure gidiyor ve cok hizli sarj oluyor %100 memnuniyet garantili,batarya,pozitif
şarjı 3 4 saat falan dayanıyor birazda yavaş doluyor uzun süreçte pek iyi olmaz  2 3 sekme açıkken bile çok kasıyor fiyatında altında bir performans malesef,batarya,negatif
çok beğendik kızım için aldım hediye,genel,pozitif
Bayıldım çok iyi  ses kalitesi gürültü önleme özelliği tam bi fiyat performansı bi ürün kaçırmayın 🙃,genel,pozitif
En uyguna trendyol da buldum kamerasına diyicek yok zaten mükemmel telefon tabi alabiliyosanız 13 ve üstü alın :D,genel,pozitif
ürün güzel sadece kulaktan çabuk çıkıyor dikkatli olmanız gerekiyor çıkmasın diye sert takınca da kulak yarası oluştu,genel,pozitif
Yeni aldığım laptopu birkaç haftadır aktif olarak kullanıyorum ve deneyimlerimi paylaşmak istedim.  Öncelikle tasarım açısından oldukça şık ve modern bir görünü,genel,pozitif
"Hızlı kargo, özenli paketleme, orijinal ürün 👏",kargo,pozitif
Çok iyi çok güzel,genel,pozitif
Ben 1aydır kullanıyorum ve mukemellll kesinlikle tavsiye ediyorum hiç bir sıkıntı olmadı paketleme gayet güzeldi gönül rahatlığıyla alabilirsiniz 😊,genel,pozitif
Ekran kalitesi zayıf ama kullanımı güzel . Açıkça fena değil ama istediğim performans yok.,genel,negatif
Ses kalitesi muazzam. Bende vardı şimdi eşime de aldım çok çok beğendi. Hem bir şeyler dinleyebiliyorsunuz hem de dışarıdaki sesleri duyuyorsunuz buna rağmen di,ses_goruntu,pozitif
ÜRÜN İYİ FİYAT ÇOK YÜKSEK,fiyat,negatif
Sorunsuz bir şekilde elime ulaştı.Çok güzel ve kullanışlı bir bilgisayar .Ders için aldığımdan şarjı bir hafta gidiyor .Almanızı tavsiye ederim,batarya,pozitif
ürünüm yanlış renk ve faturasız geldi,ses_goruntu,negatif
Aşırı iyi bir ürün,genel,pozitif
keşke almadaydim  ya saçma sapan hiç bir özelliği olmayan ağır çalışan bir bilgisayar tavsiye etmiyorum. ve aşırı hızlı bitiyor şarji dandik bir bilgisayar 👎,batarya,negatif
Mikrofon sorunu vardı kapatıp açtım düzeldi. GARANTİ 6 AY ÖNCEDEN BAŞLATILMIŞ. Değişim yapmayacakları için uğraşmadım ama şehrinizde mediamarkt varsa gidin orda,ses_goruntu,negatif
Apple 13 gibi değil kamerası falan çok farklı eşiminde 13 ü var ama arasında çok fark var orijinal ürün değil gibi belgeleri kaybettiğim için geri gönderimde ya,kalite,negatif
Ürünü nişanlıma aldım çok begendim orjinal kesinlikle tavsiye ederim,genel,pozitif
ürün çok iyi ve saglma kaliteli uygulamadan ayar yapabiliyorsun bas tiz ayarı ve müzik dinlerken ses çok güzel sadece telefon görüşmesinde biraz ses az ama güze,ses_goruntu,negatif
paketleme güzel kargo hızlı orjinal ürün alin aldırın tskler,kargo,pozitif
herşey çok sorunsuz elime ulaştı paketlemesi çok iyiydi herhangi bir sorun yoktu satıcıya teşekkür ederiz,kargo,pozitif
iyi kullanışlı bir ürün,genel,pozitif
Ürüm sağlam bir şekilde elime teslim edildi. İçinden adaptörü de çıkıyor. Bir aydır kullanıyorum ve hiçbir sıkıntı yok teşekkür ederim,kargo,pozitif
Daha önce trendyoldan telefon almıştım memnun kaldığım için tekrar sipariş verdim fakat bu sefer ürün kusurlu geldi iade eder etmez para iadesi yapıldı çözüm hı,fiyat,negatif
"ürünü çok beğendim,ses kalitesi güzel ,kargo ve paketlenmesi iyi,gönül rahatlığıyla alabilirsiniz.",ses_goruntu,pozitif
sağlam kargo ve güzel paketleme kurulumlu geldi çok begendim sadece bir tık yavaş,genel,pozitif
Paketlemesi çok güzeldi. Hiçbir zarar görmemiş. Okul için aldım. Çok güzel.,ambalaj,pozitif
Paketleme harici sorunsuz geldi teşekkür ederim,ambalaj,pozitif
Sevgilime hediye aldim mukemmel begendi sanirim evlenicez,genel,pozitif
yaptığım ilk şey sims yüklemek oldu çok hızlı fan sesi çıkaran 30 kilo eski bilgisayarımdan sonra çok iyi geldi,genel,pozitif
güzel ürünl,genel,pozitif
Şu kulaklığın başına gelmeyen şey kalmadı,genel,negatif
gerçekten müthiş bir ürün. öğrenciyim ve işimi görüyor şarjı çok uzun süre gidiyor ses kalitesi beklediğimden de iyi bayıldımmm...,ses_goruntu,pozitif
Gayet güzel,genel,pozitif
Kullanılmış bilgisayar gönderdiler bana başkası adına şifreli hemde...,genel,negatif
Kulağa oturması güzel ama ses kalitesini ben pek beğenmedim ama iş görür bu fiyata bu kadar,fiyat,notr
Yani kutulama şekliniz bu mu herhangi bir balonlu naylona koyamıyor musunuz ayrıca hediye paketi olarak istedim dümdüz kartona koyup getirmişsiniz.,ambalaj,notr
kulaklık ve şarj olsaydı çok iyi olurdu  tlfonunum çok güzel memnun kaldım,batarya,pozitif
İçeriğinde şarz aleti var yazıyor ve kutusunda yeri de var açıklamada da yazıyor ayrıca resmi satıcı satıyor ama koyulmamış onun harici f/p,ambalaj,notr
sorunsuz geldi paketleme sağlam yapılmıştı satıcıya teşekkürler...,ambalaj,pozitif
Arka kamera fazla güzel değil ama telefon hızlı.,ses_goruntu,negatif
saglam ulasti elime kisa surede memnun kaldim,genel,pozitif
Özenle paketlenmiş ve İyiki almışım çok memnunum tavsiye ederim 👍,ambalaj,pozitif
Kuzenim almıştı bende ondan görüp aldım çok hafif ince ve fiyatına göre iyi bir ürün...,genel,pozitif
Satıcıya güvenerek alabilirsiniz uzun süredir kullanıyoruz bir sıkıntı çıkmadı kutusu gayet iyi geldi,genel,pozitif
Orjinal ürün oğluma hediye aldım daha kendime de almıştım çok beğendim,kalite,pozitif
Ürün 5 günde anca gelime ulaştı ayrıca faturası yok lütfen faturasını gönderin ürünün ayrıca paketleme çok özensiz,kargo,negatif
"Ses kalitesi çok iyi, ürünü aldığımda garanti süresini kontrol etmek için appleın sitesine seri numarasını girdim fakat aldığım tarih işlenmemişti, apple müşter",ses_goruntu,pozitif
oğlum kullanıyor ve çok güzel kamerası aşırı kullanisli,ses_goruntu,pozitif
2 hafta önce aldım ama sağ kulaklıktan ses gelmiyor %10 şarj gösteriyor bazen bağlanmıyor garanti belgesi var değişim yapmak istiyorum veya tamir yardımcı olurs,genel,negatif
Kargo hızlı geldi. Üründe bir problem yok. Kendi bilgilerimin bulunduğu bir fatura istiyorum fakat ulaşamıyorum firmaya.,kargo,pozitif
Ürünün içinden çıkan kablo 10 gün olmadan arızalı geldi ve ürün jelatinsiz yollandı. Satıcı desen aşırı derece alakasız ve üslup sorunu bar. Tavsiye etmiyorum.,genel,negatif
mükemmel ürün,genel,pozitif
İki günde elime ulaştı. Paketleme iyiydi. Ama içinden kablosu çıkmadı. Benim şarjımın kablosu buna uyumlu değil. Eskiden kablo koyuyorlardı ama şimdi kaldırmışl,kargo,notr
leptop çok güzel hızlı geldi teşekkür ederim,kargo,pozitif
severek kullanıyoruz kesinlikle güvenle ala bilirsiniz,genel,notr
Orijinal ve güzel beğendim,kalite,pozitif
Orijinal ürün hızlı geldi fakat Ekim ayında sipariş verdim garanti başlangıç süresi Mayıs gözüküyor,kargo,pozitif
Bayıldımm çok rahat ve çok kullanışlı,genel,pozitif
güzel ama aşırı bir kalite beklemeyin,kalite,notr
Ekran ikinci kullanımda gitti. Resmen depoda durmuş bozuk ürünü satmışsınız. Şikayet edeceğim.,ses_goruntu,negatif
5 para etmez ürün bugün teslim aldım şarjdan çıkardığın anda laptop batarya boş diyip kapanıyor bulaşmayın,genel,negatif
Telefon  fotoğraf çekimi falan iyi sorun yok ama ısınıyor sıfır telefon nasıl ısınır dört yıl kullandığım telefon da böyle ısınma gibi bir durum olmadı,ses_goruntu,pozitif
Çok memnun kaldım harika kulaklık,genel,pozitif
teşekkürler,genel,notr
Güzel ürün zaten apple,genel,pozitif
iadem hala onaylanmıyor. 2 Haftadır bekliyorum,genel,negatif
Kızıma hediye olarak aldım 2 aydır kullanıyor. Çok memnun. Kaliteli telefon kesinlikle. Hızlı şarj oluyor ve uzun süre şarjı gidiyor.,genel,pozitif
Güzel geldi sağlamdı (çeyizime aldım),kalite,pozitif
Fena değil,genel,notr
kulaklıkta ses gecikmesi problemi var beklediğim kalitede değil,kalite,negatif
Nasıl 2. Nesil anlamadim sarji cabuk bitior 2-3 yil once aldigim powaray cakma kullaklik hala daha uzun sure gidior sarji okadar video izleyip dinliom bundan ca,batarya,negatif
1 ay iyi kullandım. şimdi kutusu şarj olmuyor vs almayın iadeyle garantiyle uğraşmayın,batarya,negatif
Paketleme özenli ve hızlı kargo sorunsuz ürün teşekkür ederim,kargo,pozitif
Çok iyi paketlenmiş elime sağlam ulaştı erken teslim almanızı tavsiye ederim,genel,pozitif
Ürünün paketlemesi çok guzeldi çanta şeklinde karton bi kutuda gonderdiler laptop cantasi olmasa daha taşımak açısından guzel ve özenliydi. Casper zaten bilindi,genel,pozitif
Başarılı. Fiyat makul,fiyat,notr
Ses her şey çok güzel. Başta kararsız kalmıştım almaktan ama iyi ki almışım. Garantisi de 2024 ekime kadar geçerli.,ses_goruntu,pozitif
Altı ay oldu alalı üç ay sonra kendiliğinden kapandı garantiye yolladım bir hafta içinde geldi. şimdi tekrar kendiliğinden kapandı yolladım bir kaç arıza saydıl,genel,negatif
ürün arızalı geldi önermiyorum hiçbir şekildede ilgilenilmedi.,genel,negatif
Ürün orjinal paketlemesi de güzeldi hızlı bir şekilde elime ulaştı,kargo,pozitif
Paketleme özensiz onun dışında sıfır kapalı kutu,ambalaj,negatif
Kardeşime aldım sevdi güvenilir satıcı teşekürler,genel,notr
Beğendim bayadır kullanıyorum iş görür. Bir puanıda bir kaç saat açık kalınca arada yeniden başlatmak gerekiyor kasıyor ve görüntü gidiyor ordan kırdım.,ses_goruntu,negatif
1ocak 2025 de garantisi başlamış cihazlar gönderiliyor. Bunu belirtirseniz insanlara satmadan önce çok iyi olur. 1.5 yıl garantili kutu üzerinde ki tarihte 2024,genel,pozitif
Ses kalitesi kullanımı gerçekten çok rahat kargoda sağlam geldi telefona bağlanması sorunsuz şarjı uzun süre gidiyor.,kargo,pozitif
sorunsuz geldi elime,genel,pozitif
Çok kısa sürede geldi. Garantisi de onaylı. Ancak cihaz sarjdayken kasada elinizi gezdirdiginizde karıncalanma şeklinde elektrik kaçağı yapıyor.,kargo,pozitif
Fiyat performans ürünü fena değil rüzgar sesini çok alıyor,ses_goruntu,pozitif
400 TL’ye yakın indirim oldu aldıktan sonra. Şimdilik bir sıkıntı yok telefonda. Şarjının daha iyi dayanmasını beklerdim. Samsung 54 telefon bu konuda daha iyiy,batarya,pozitif
android den geçiş yaptım biraz zorlanıyorum ama alışacagim  efsane aşık oldum 😂 hızlı geldi ve sağlam paketlenmisti satıcıya teşekkür ederim 🙏🏻  güncellememe,kargo,pozitif
ben 2.nesil kullanıyordum bozuldu diye aldım ama bence onun ses kalitesi çok daha iyiydi ya da bunun ayarları yapamadım bilemiyorum,ses_goruntu,pozitif
Çok beğendim sorunsuz elime ulaştı 1 haftada ve çok memnunum ilk alırken tedirgin olmuştum ama kesinlikle çok iyi memnunum,kargo,pozitif
acilen dönüş yaparmisiniz kargomuz geldi ama pin şifre var o ne acill,kargo,notr
bozuk bilgisayar Gönderdiler.Sıfır bilgisayar açılmıyor 4 saat oldu halâ güncelleştirme devam ediyor diyor.Sıfır bilgisayar bu nasıl olabilir .değişim istedik y,genel,negatif
güzel tabii klasik apple musluğa düşürdüm tık demedi pratik kulakta tutuşu güzel,genel,pozitif
"tek sıkıntı garanti süremi erkenden başlatmışlar, onun dışında sağlam geldi",kargo,pozitif
Gayet güzel kutusu paketlenmesi herseyi çok güzel tereddüt etmeden alabilirsiniz,genel,pozitif
Ürünü 19 mayısta aldım garantisi ocak ayında başlatılmış apple da böyle hatalar yapılmazdı satıcıdan bi halt olmaz,genel,negatif
Kargo kutusu gayet korunaklıydı. Apple kalitesi sorunsuz teslim edildi,kalite,pozitif
anneme hediye olarak almıştım ve çok da memnun kullanırken,genel,pozitif
hızlı ve işimi görüyo,genel,pozitif
Ürün çok hızlı elime ulaştı ve mükemmel çok memnun kaldım,kargo,pozitif
Gayet güzel Orjinal ürün piyasaya göre fiyatı çok iyi,fiyat,pozitif
Garanti konusunda sorun yaşadım ürünün garantisi aldığım tarihten 7 ay öncesinde başlamıştı sonrasında apple ile iletişime geçip düzelttirdim uğraştırdı biraz ş,genel,negatif
Ürün gayet güzel herhangi bir hasar almadan geldi fakat kargo şirketi bekleyin eşim kapıyı açacak dememe rağmen telefonu kapının önüne bırakıp gitti bu kadar pa,ambalaj,pozitif
Kullanış da gayet beğendim ben 36.000 TL’ye almıştım şu an bayağı fiyatlar artmış ama kullanışlı biraz küçük geldi ilk başta diğer kullandığım telefona göre ama,fiyat,notr
"teşekkür ederiiiz babama aldım çok memnun oldu kamerası falan güzel, sağlam, yeni ve kullanışlı bir ürün almayı çok tereddüt ettim iyiki de almışım güvenilir bi",ses_goruntu,pozitif
ürün gayet güzel beğendim sorunsuz elime ulaştı tereddütsuz alınabilir,kargo,pozitif
Ürünün şarjı su gibi bitiyor çok ısınıyor ve iadesi olmuyor kesinlikle tavsiye etmiyorum,batarya,negatif
Şarjı hızlı bitiyor ve telefon çok ısınıyor 1 hafta sonunda telefonumda yatay ve dikey cizgiler cikti fotograflarim ve renkler hep degisti asla tavsiye etmiyoru,ses_goruntu,negatif
Ürün güzeldi paketleme sağlam ve güvenilir geldi,ambalaj,pozitif
Gercekten cok guzel kulaklik herkese tavsiye ederim kibar ve kulaga cok rahat oturuyor ses kaliteside cok guzel fiyat performans urunu,ses_goruntu,pozitif
"Mükemmel, renk güzel,kargo hızlıydı teşekkürler",kargo,pozitif
Telefon geldi ama faturası nıye yok. Garantisini nasıl başlatacaz,genel,negatif
ürünü sorgulattım orijinal ürün. Sorunsuz ve çok hızlı geldi teşekkürleerr,genel,pozitif
kesinlikle tavsiye etmiyorum Aras kargo ile çalışıyorlar ve çok sorumsuz bı kargo firimasi kargomu benden habersiz başka birine vermişler şuan çok mağdurum hiç,kargo,negatif
"Harika ürün, kargo beklediğimden 1-2 gün geç geldi",genel,pozitif
Çok güzel ses kalitesi süper yalnızca dışarıya Aşırı derecede ses veriyor.,ses_goruntu,pozitif
fiyat performans ses kalitesi gayet yeterli şarjıda iyi dayanıyor bu fiyata düşünmeden alınıcak ürün (ıphone telefonlarsa ses daha yüksek çıkıyor),fiyat,pozitif
Telefon güzel paketleme çok kötü kargo çok geç geldi,ambalaj,negatif
çok güzel çok memnunuz,genel,pozitif
"2 gün önce teslim aldığım ve kurulumunu hiç yapmadığım ürün, ekranında çökme kaynaklı hatalı ürün olarak tarafıma ulaştı. Teknosa mağazasına gittiğimde ürünle i",ses_goruntu,negatif
"Tatmin edici bi ses özelliği yok,normal işinizi görecek bi ürün fazla beklentiniz olmasın.",ses_goruntu,negatif
128 gb hdd yok pcde sadece ssd takılı aşırı kasıyor...,genel,negatif
Çok memnunum. Çok teşekkür ediyorum. 💻🙏🏻,genel,pozitif
Dün aldım Pc Windows 11 yüklü ve kasıyor! Herhangi bir uygulama bastığınızda rahat 10 sn bekliyorsunuz! Güzel şeyleri ise ekranı büyük ve klavyeleri güzel bu ka,genel,negatif
Herşey istediğim gibi Bu sefer kargo sarıtu ürün herşey mükemmel...,kargo,pozitif
"2 gün önce teslim aldığım ve kurulumunu hiç yapmadığım ürün, ekranında çökme kaynaklı hatalı ürün olarak tarafıma ulaştı. Teknosa mağazasına gittiğimde ürünle i",kalite,negatif
Ürün orjinal çok hızlı geldi çok beğendim satıcıya teşekkürler,kalite,pozitif
Çok beğendik ihtiyacı olanı tavsifeye ederim 😊,genel,pozitif
Mükemmel  çok iyi,genel,pozitif
"Ses kalitesi mükemmel, şarj performansını kullanmaya devam ettikçe göreceğiz. Paketleme de çok iyiydi tek sorun ürün çok geç elime ulaştı. Alacaklar 1-2 güne el",ses_goruntu,pozitif
Kargodan dolayı1 yıldız  Aras kargo Anamur şubesi tebrikler .Adrese gelmeden teslim edemedik diye mesaj atıyor. Baya ilerletmisler meslek ahlakını.🤔🤔🤔🤔,kargo,negatif
Şimdilik kulanıslı güzel,genel,pozitif
şarzi aşırı hızlı bitiyor ve kasma var yani degmez,genel,negatif
Tavsiye etmiyorum. Sıfır ürün arızalı çıktı. Şarj dolmuyor. %1 şarjla geldi. Aynı şarjla iade ettik. Paramızı aldık çok şükür.,batarya,negatif
Yeni aldım ilk bilgisayarım sağlam geldi açtım film izlemek için aldım gayet yeterli 🤩,genel,pozitif
Güzel bir teknolojik ürün gayet güzel paketlenmiş hasarsız bir şekilde elime ulaştı teşekkürler,ambalaj,pozitif
daha 1 yıl oldu ses kalitesi düştü garanti bitti ürün orijinal diye aldım ama anlamadom,ses_goruntu,notr
Telefonu çok beğendim bu kadar kullanışlı olacağını ummuyordum,genel,pozitif
şimdiden kasıyor ☹️,genel,negatif
Trendyol alınan pahalı ürünlere kargo ücreti ekleyince alasım gelmiyor ama sırf diğer satıcılara göre daha güvenilir hissettirdiği için beni alıyorum. 2 telefon,kargo,negatif
fiyatina gore mukemmel ses kalitesi herkesi tatmin etmeyebilir ama gayet iş görür,ses_goruntu,pozitif
ses muhendısıyım ses kalitesi tizler ve mid tizler yuksek basslar cok şiddetli degil ama bu fiyata alınabılır apple bir cihazınız varsa,fiyat,notr
fiyatına göre çok iyi,genel,pozitif
ürünü aldım ama işlemci düşük sadece ofis işleri için idare eder.,genel,notr
Hızlı geldi,kargo,pozitif
ürünü 3 martta aldım ama sol kulaklık şarj almıyor ve çalışmıyor.,batarya,negatif
paketleme çok iyi patpat ve koliyle yollamışlar araya hafta sonu girdiği icin gec geldi ama sorunsuz geldi kargo hizli olabilirdi,kargo,negatif
ürünün paketlenmesi güzel ve sağlamşekilde elimize ulaştı güvenle alıp kullanabilirsiniz tavsiye ederim,kalite,pozitif
Ürün sıkıntılı konuşurken karşıya sesim çok az gidiyor 25 - 30 günlük ürün daha bu satıcı firmadan ( trendyol) değişim talep ediyorum henüz değişim yapmadılar t,ses_goruntu,negatif
Kargo özenliydi. Telefon zaten güzel 👍🏻,kargo,pozitif
3 günde geldi gayet iyi apple kalitesi 1 puanı faturasını yollamadıkları için kırdım,genel,negatif
"üründen hiç memnun kalmadım.alali 1 ay oldu,konuşurken karşıdan gelen ses iyi,fakat benim sesimi çok az geliyor diyorlar.magduriyetimin giderilmesini istoyorum",genel,negatif
"Ürünün seri numarasını kontrol ettirdiğimde orijinal çıktı. Hızlı teslimat, güzel paketleme emeğinize sağlık",ambalaj,pozitif
Hala kurulmadı bekliyorum ekran gidiyo en baştan tekrar %0 oluyor anlamadım .,genel,negatif
pın istiyor nasıl yapicam onu,genel,notr
1 yıl geçmeden birinden ses gelmiyor. Bozuldu.,kalite,notr
Paketleme özenli ve hızlı kargo sorunsuz ürün teşekkür ederim,ambalaj,pozitif
çok hafif ve zarif,genel,pozitif
Kutudan Fatura çıkmadı benimle iletişime geçmenizi istiyorum,genel,negatif
ürün güzel gayet klasik apple kalitesi ama paketleme ozensiz patpata bile sarılmamıs kargocu abi ulasamayınca balkona atmis sagolsun sans eseri calisiyor resmen,genel,negatif
Biraz yavaş ama fiyatına göre güzel,fiyat,notr
Hiç tereddütsüz alabılırsınız ses kalitesı de çok ıyı,genel,pozitif
Kızıma aldım. Çok güzel bir ürün. Ses kalitesi mükemmel. Orijinal bir ürün.,genel,pozitif
Sesi çok iyi değil en yüksek sesi açmama rağmen kısık ses geliyor.,ses_goruntu,negatif
Bu fiyatta bu bilgisayar anca ama yani beğenmedim,fiyat,notr
ürünün şarz aleti gelmedi sadece kablusu geldi bununla ilgili arkadaşlar ilgilensin,genel,negatif
Telefonun kendisi zaten çok güzel Dicek bir şey yok ama kargo çok uzun sürdü gelmesi gereken zamanda gelmedi bu yönden trendyol express eksiiiii,kargo,negatif
Kargolama çok kötü. Telefon hiç koruyucuya sarılmamış bile. Kutu telefon için büyüktü ve ezilmişti. Onun dışında telefon sorunsuz gözüküyor. Daha özen beklerdim,kargo,negatif
Gönül rahatlığıyla tercih edebilirsiniz. Üründen de memnunum paketlemesinden de. Teşekkürler 🙏🏻,ambalaj,pozitif
Kargolama baştan savma yapıldı ama ürüne Allahtan hiçbir zarar gelmeden elime ulaştı,kargo,negatif
Tavsiye etmiyorum. Sıfır ürün arızalı çıktı. Şarj dolmuyor. %1 şarjla geldi. Aynı şarjla iade ettik. Paramızı aldık çok şükür.,genel,negatif
Ürün ses olarak kalite olarak güzel ama garantisi çok erken başlamış 3 ay kaldı gözüküyodu apple destekle hallettim,ses_goruntu,pozitif
çokkk memnunummmm,genel,pozitif
Paketleme güzel kargo hızlıydı fakat ilk günden itibaren aramalarda sesim karşı tarafa gitmiyordu iade etmek zorunda kaldım üzgünüm,ses_goruntu,negatif
3. Nesil kullanıyordum yenilemek için bunu aldım ses kalitesi çok çok iyi . Alınabilecek en ortalama ürün piyasadaki,ses_goruntu,pozitif
Ürün sapa sağlam geldi bir gün sonra kargo teslim edildi . İş yerim için aldım...,kalite,pozitif
Ambalajı gayet iyi ve temiz.Lakin içinden fatura ve garanti belgesi çıkmadı.Sahsen hiç hoşuma gitmedi bu durum,genel,notr
ürünü kızıma aldım beğendi,genel,pozitif
ürün teslim edildi lakin faturası kesilmedi. 3 defa fatura talebinde bulundum ama hala dönüş sağlanmadı.,kargo,negatif
Eşime hediye aldım çok beğendi,genel,pozitif
Bayıldımmmm… teslim tarihi 7 nisan gösterirken 6 nisanda geldi teşekkür ederim herkese sabırsızlıkla bekliyordum kavuştum alın aldırın fiyat olarakta dışarıya g,genel,pozitif
Kardeşime aldık gerçekten güzel bir ürün tam bir fiyat performans ürünü,genel,pozitif
İstediğim bilgisayardı iyi garantisine bakıp,genel,pozitif
Ürün orijinaldir . Kendim için aldım çok güzel çok beğendim. Kargom da hızlı ve güzel paketlenmişti  teşekkürler 🙏🏻,genel,pozitif
Fatura tc kimlik no 111111 şeklinde hatalı olarak yazılmış düzeltilmiş yeni fatura talep ediyorum,genel,negatif
telefonu oğluma aldım memnun,genel,pozitif
Anneme aldık çok beğendi,genel,pozitif
Güzel fiyatına göre,fiyat,pozitif
Gönül rahatlığıyla alabilirsiniz,genel,pozitif
"vergisiz telefon desteğinden yararlanmak için aldım, faturam henüz bana ulaşmadı maalesef. 8 gündür bekliyorum. telefonu da fatura gelmediği için açamadım. tc k",genel,negatif
2. alışım bu ilk i sıkıntısızdı fakat bu sağ kulaklığı bozuk geldi,genel,negatif
Ürün orjinal paketlemesi de güzeldi hızlı bir şekilde elime ulaştı,kalite,pozitif
Kulaklık kendi kndine sıfırlanıyor şarjı hiç kullanma kutunun içinde şarj yiyor hiçkimse yardımcı olmadı garanti falanda kapsamıyor bu arada kesinlikle ama kesi,batarya,notr
Ürün kulakta rahat duruyor. Ben kapalı ortamda müzik dinledim ve ses tonu çok iyi geliyordu. Telefon görüşmesi henüz yapmadım. Sadece kargo biraz geç geldi 😖,kargo,negatif
Harika walla,genel,pozitif
Ürünü alırken 2 yıl garantisi var diye aldım 1 yıl garantisi olduğunu öğrendim,genel,negatif
paketleme kötüydü bu konuda hiç beğenmedim deneyip çalışıp çalışmadığınada bakacağım,ambalaj,negatif
Alalı 2-3 hafta oldu sağ kulaklığım çalışmıyor yardımcı olurmusunuz?,genel,negatif
şarj kablosu yerine bu cıktı tam olarak şarj kablosu nerede acaba,batarya,negatif
şarzi aşırı hızlı bitiyor ve kasma var yani degmez,batarya,negatif
hayatımda gördüğüm en kötü bilgisayar olabilir iade etsem şu dakikada iade edebilirdim bilgisayarı açıyorum Bir saat sonra bekliyorum ki açılsın ben hayatta bu,genel,negatif
Çok iyi eşime hediye aldım sorınsuz çalıyor,genel,pozitif
Öğrenci indirimiyle aldım faturama 1111 yazmislar...,fiyat,pozitif
çok güzel bir ürün iyi paketlenmisti hızlı kargo,genel,pozitif
Ürün gerçekten harika bu fiyata bu performans süper şarjı hiç bitmiyor,genel,pozitif
Alıp alınabilecek en kötü bilgisayar diyebilirim ekran görüntüsü kötü ses iletimi kötü alır almaz daha açar açmaz kasmalar yaptı günlük çalışan birinin işine bi,ses_goruntu,negatif
gayette iyi beğendim fiyatına göre çok iyi,fiyat,pozitif
Yani bukadar para veriyoruz güzel bi paketleme beklerdim kargo gelince ayakkabı aldım sandım. 3 krşluk ürünü çok güzel sarıyorlar siz sadece koli içine koyup gö,kargo,pozitif
birkaç ay kullandım sol çalışmıyor (garantiye göndereceğim) yolda yürürken ses kesik kesik geliyor,ses_goruntu,negatif
Telefon güzel boyutu falan da aşırı büyük değil babama aldık samsung kalitesi şaşırtmadı 🤌🏻( kargo da güzel paketleme yapmış),ambalaj,pozitif
Kardeşime almıştım . Yüksek lisans öğrencisi . Beğendi . Sorun çıkmadı . Teşekkürler . Ekonomik durumu kısıtlı olanlar hala bu modeli düşünebilir . Bence çok gü,genel,pozitif
faturayla ilgili sorun çıktığı için iade etmek zorunda kaldım,genel,negatif
ben bilgisayarı beğendim tam bir fiyat performans ürünü çok şık ince duruyor ve kolay taşınabiliyor,fiyat,notr
"yanlış ürün gönderildi, şarj aleti de orjinal gibi durmuyor emin değilim...",ambalaj,pozitif
Ses patlak gibi geliyor bazen kulaktan düşüyor ve poşetin içine göstermelil şişme koymuşlar kulaklık bir yerde koruma bir yerde bu paraya idare eder,fiyat,negatif
Çok yavaş hiç tavsiye etmiyorum bişey yapılmıyor,genel,negatif
Sürekli donup duruyor yorumlara bakarak almıştım ama beğenmedim hatta 2. El mi diye düşündüm,genel,negatif
şarjı istediğim gibi gitmiyor. 3 günde bir sarj etmem gerekiyor ama kapta kuçuk tabi neresinden o kadar sarj  olsun.,batarya,negatif
Biraz yavaş ama fiyatına göre güzel,genel,negatif
Ekimde dolması gereken garantim nisan ayında bitti bu durumdan şikayetçiyim şuan airpodsum bozuldu ve tamir için para ödemek zorundayım her türlü yola başvuraca,fiyat,negatif
Apple kalitesi ne diyebiliriz ki süper. Anadolu lisesi kazanan yegenime hediye aldım çok iyi,kalite,pozitif
Sorunsuz alışveriş. Laptop zaten mükemmel.,genel,pozitif
Bilgisayar güzel kargoyla ilgili sıkıntı yaşamıştık şikayetimize dönüş yaptılar,genel,pozitif
Bu gün siparişim elime ulaştı. çok memnun kaldım. teşekkür ediyorum.,kargo,pozitif
Çok hızlı geldi ve orijinalliğinden emin olabilirsiniz.,kalite,pozitif
kargo sorunsuz geldi sadece Microsoft oturum açmakta sıkıntı çektim şuanda çok iyi yks için aldım ders çalışmak icin,genel,negatif
ürün iyi fakat şarj aleti neden yok bir anlam veremedim.neden müşteriyi şarj aletini dışardan almak zorunda bırakıyorlar.bence çok yalnis bir tutum.maliyetini ü,batarya,negatif
sıfır ürün diye pili değiştirilmiş tamir görmüş yenilenmiş telefonu göndermişler. (telefonu detaylı inceleyince kendisi gösteriyor zaten. süper zeki olmaya gere,genel,negatif
kusurlu geldi,kalite,negatif
bilgisayar hatalı çıktı kamera ve bulutut  hata veriyor sesi çok az ve kurulum yaptıktan sonra sürekli güncelleme yapıyor cihaz çok yavaş iade kodu oluşturdum d,ses_goruntu,negatif
Apple kalitesi zaten bildiğimiz bir şey pil saati çok iyi benim gibi ders çalışanlar için sürekli prizde kullanmayıp her yere götürebilmek çok avantaj,kalite,pozitif
siz ne biçim satıcısınız bozuk ürünü bana kakaladınız 2 günde bozuldu ürün açıldı diye kabul etmiyorsunuz böyle saçmalık mı olur yazıklar olsun,genel,negatif
oglum icin almisrim cok memnun guzel kullanisli tskler samsung  herkes gönul rahatligiyla alabilir,genel,pozitif
"kesinlikle almayın Android cihazımda düzgün çalışmadı. Hata verdi ilk bağlantıyı yaparken.  Kulağa tam oturmuyor, spor koşu yürüyüş vs yaparken çok rahat düşüyo",genel,negatif
çok güzel sağlam ulaştı elimize,kalite,pozitif
cihazı alalı 20 gün oldu gerçekten cihaz çok güzel kullanışlı teşekkür ederim,genel,pozitif
Şarj kablosu bozuk çıktı ve garanti belgesini göndermiyorlar servisle görüşün dediler kablonun fiyatı şuanda bin lira kadar muhattap olacağım kimse yok,genel,negatif
merhaba aldığım ürünün garantisine nasıl ulaşabilirim,genel,notr
Ürün orjinal çok hızlı geldi çok beğendim satıcıya teşekkürler,kargo,pozitif
Kargom geldi çok beğendik fiyat performans ürünü,genel,pozitif
"teşekkür ederiiiz babama aldım çok memnun oldu kamerası falan güzel, sağlam, yeni ve kullanışlı bir ürün almayı çok tereddüt ettim iyiki de almışım güvenilir bi",kalite,pozitif
Ürünü 4 ay kullandık sıfır almıştık telefoncuya satmaya götürünce ögrendik ki yenilenmiş göndermişler sim kart yerinde imei yazmıyordu güvenmeyin almayın,genel,negatif
KUTULAMA BENCE YETERSİZ! HARİCİNDE HERHANGİ BİR SIKINTISI YOK. TEŞEKKÜRLER,ambalaj,negatif
Ürün ulaştı çalışıyor sıkıntı yok. Fakat ürünü cihazla eşleştirdiğim vakit gördüm ki garantisi 11 ay 14 gün kalmış yani 9 Kasım 2024 tarihinde kapsam dışı kalac,genel,negatif
konuşurken dışardaki sesler karşıya gidiyor pek anlasamiyoruz onun harici müzik dinlerken iyi,genel,pozitif
Ürünü doğru düzgün paketlemediğiniz gibi kurye de sanki içinde mikrop varmış gibi 2 tane telefon olan poşetin ucundan tuttuğu için paket yere düştü. 300 400 tll,kargo,negatif
Ürün gayet güzel ses kalitesi ve şarj durumu özellikle uygulamaları da gayet hızlı açıyor,batarya,pozitif
Çok iyi orijinal rahatlıkla alabilirsiniz ben kılıf da aldım,kalite,pozitif
"teslimat denildiği tarihte geldi, teslimat konusunda memnun kaldım telefonu da e devlet üzerinden imei sorgulama ile teyit ettim, herhangi bi yerinde çizik vs y",genel,pozitif
ses kalitesini beğenmedim,ses_goruntu,notr
Çok araştırıp aldım. Telefonla çok vakit geciren biri olmadığım için özellikleri beni her türlü tatmin eder diye düşünmüştüm. Kamera benim için öncelikli özelli,genel,notr
Ürün elime çok hızlıca ulaştı ayrıca çok kaliteli ve sesi çok güzel istediğiniz kadar yükseklikte kaliteli ürün çok teşekkür ederim kolay gelsin hayırlı güzel s,kalite,pozitif
Kulagimi acitti ama urun guzel,genel,pozitif
Ses kalitesi çok iyi fakat son ses açınca dışarı sanki kulaklık takmamışım gibi ses gidiyor bu yönü çok kötü .,ses_goruntu,negatif
Ses kalitesi kullanımı gerçekten çok rahat kargoda sağlam geldi telefona bağlanması sorunsuz şarjı uzun süre gidiyor.,batarya,pozitif
ürün cok iyi ses kalitesi iyi ama gönderilen kargocuya saygı çerçevesinde konustugum için laf etmeyecem kargo evime gelmedi aradık dediler arama yok ertesi gün,kargo,negatif
Kutuya bile koymamışlar böyle sarıp göndermişler.,kalite,negatif
çok severek kullanıyorum,genel,pozitif
geri plandan sürekli bir cızırtı sesi var belki de bana gelen cihaz sorunludur. Fiyatı uygun olduğu için iadeyle uğraşmak istemedim.,ses_goruntu,negatif
adığım 10 gün oldu oyun oynarken telefon yanıyor nedenini bilmiyorum aslında videolarında en güçlü oyunları bile oynarken ısınmaz diyordu,batarya,negatif
"yorum yapmadan önce 5 gün kullandım. cihaz çabuk ısınıyor, şarjı iyi gidiyor, daha çoğu şey indirmememe rağmen kasıyor biraz. bu yüzden bir puan kırdım. genel o",batarya,pozitif
ses kalitesi çok iyi değil kulağa biraz zor oturuyor parasına alınırmı bilmiyorum onun dışında iyi aşırı pişman değilim.,genel,negatif
"oğluma aldık. çok memnun, çok kullanışlı. ev kullanıcısı için harika. hızlı teslimat için teşekkürler.",genel,pozitif
ürün tabiki çok güzel apple sonuçta ama trendyol çok yavaş kargoları maalesef ama sorunsuz geldi teşekkürler,genel,pozitif
Asla buradan almanızı önermiyorum.Bir ay kullandım şarjı çok hızlı bitmeye başladı.garantiye göndermek istedim muhatap bulamadım vatan şubesi kabul etmedi.trend,genel,negatif
"Tek kelime ile harika, kaplaması ambalajı, kargoya veriliş hızı mükemmel",kargo,pozitif
Gercekten cok guzel kulaklik herkese tavsiye ederim kibar ve kulaga cok rahat oturuyor ses kaliteside cok guzel fiyat performans urunu,genel,pozitif
Kara cuma indirimlerinden aldım. Ucuz diye almıştım açıkçası... biraz pişmanım. Nerdeyse sürekli donuyor,genel,negatif
beklediğim den iyi çıktı ses kalitesi olsun ürün kalitesi olsun muhteşem almanizi tavsiye ederim,kalite,pozitif
BÖYLE BİR REZİLLİK YOK 1 haftadır ürünü bekliyorum. kargoya verildi olarak gösterip vermediler...,kargo,negatif
ürünün faturasını adresime gönderir misiniz?,genel,notr
Ben aldıktan sonra fiyatı baya düştü,fiyat,negatif
Çok memnunum. Ancak içinden hiçbir şey çıkmıyor. Pes yani. Samsung da müşterileri akıllı olmayan yerine koyuyor :D,genel,notr
abime aldım bu rengini de çok begendi,genel,pozitif
ben indirdimdeyken aldım gayet iyi iş görür,genel,pozitif
Fiyat performans alınabilir,fiyat,pozitif
Kargo kutusu içinde hiçbir patpata ya da koruyucu malzemeye sarılmadan gönderildi. Sanki manavdan elma alıyoruz işinizi düzgün yapın,kalite,notr
Çok güzel sesi her şeyi çok teşekkür ederim bayıldım🩷iyiki almışım iyiki🌸🧁,ses_goruntu,pozitif
Sorunsuz bir şekilde geldi.,genel,pozitif
fp ürünü kullanışlı,genel,notr
Karşılaması zayıftı ama ürün sağlam geldi. Kargolamayı daha sağlam yapmanızı tavsiye ederim. ürün orijinal ürün güvenir.,kalite,pozitif
çok güzel olmuş ellerine sağlık ocağı ve sağlık ocağı hastaneler için randevu alma sistemi,genel,pozitif
Rüzgarlı havada (bisiklet sürerken vs.) mikrofonu sesi almıyor ama kullanım ve müzik olarak mükemmel,genel,pozitif
Tam belirtildiği gibi satıcıya teşekkürler,genel,pozitif
Telefon bozuk,kalite,negatif
şarj adaptörü yok lütfen şarj aletini bana tedarik edilmesini istiyorum,batarya,negatif
Eşime hediye aldım beğendik,genel,pozitif
Çok kibar çok güzel ürün. Yazılım öğrencisi olarak almak istedim...,genel,pozitif
Paketleme özenliydi sorunsuz teslim edildi orjinal ürün sıkıntı yok beğendim,genel,pozitif
"Ürün çok kötü paketlenmişti, ürünün kırılmamış olması büyük şans. Paketlemeyi düzgün yapmaları gerekirdi. Bu yüzden puanım 1. Alacak olanlar buna dikkat etsinle",ambalaj,negatif
Kulaktan sürekli düşmesi dışında problem yok gayet iyi,genel,pozitif
bravo size işini çok iyi yapıyorsunuz bize bin TL ye kayın ücret odettitip içine kablo bile koymaya tenezzül bile etmiyorsunuz ben nereden bulucam buna kabloyu,batarya,pozitif
Mayis ayında aldim 5380 e memnunum günlük işleri yapıyorum...,fiyat,pozitif
Sıfır kutu aldığım halde ürün sanki yenilenmiş bir cihaz . iPhone’un göre yavaş bazen dokunmatiği basmıyor böyle bir şey olamaz güya Teknosa güvenilir bir satıc,genel,negatif
Ürün sapa sağlam geldi bir gün sonra kargo teslim edildi . İş yerim için aldım...,kargo,pozitif
Telefon şarjdayken dokunmatik çalışmıyor :( böyle birşey olabilir mi.,batarya,negatif
Vallaha geç geldi ama güzel geldi çok da beğendim memnun kaldım 2aydırda kullanıyorum şükür bir sorunu yok❤️‍🔥,kargo,negatif
güzel uni için aldım yeterki,genel,pozitif
paketleme ve kargo hızı mükemmel sesi az çıkıyordu fakat ayarlardan hareket kısmınd herhangi bir şey atayın ses artırmaya sesi çok iyi oluyor bilginize,kargo,negatif
hafif cızırtı var gibi umarım bozuk değildir onun dışında kargo hızlı geldi,genel,negatif
idare eder,genel,notr
bu üründen daha önce pembe almıştım halen kullanıyorum iyi çıkınca eşim de siyah istedi ona da bundan sipariş verdim ama kısa sürede bir teki çalışmamaya başlad,genel,pozitif
Tam istediğim gibi hiç düşünmeden alabilirsiniz,genel,pozitif
ürünü öğrenci vergi indiriminden yararlanmak için alacaksanız sakın bu satıcıdan almayın 1 aydır fatura bekliyorum yok gelmiyor.  güncelleme: 2 ay geçti ben hal,fiyat,negatif
macbook güzel geldi tenk yu,genel,pozitif
ürün elime bozuk geldi sol taraf çalışmıyor ayrıca ses kalitesi fiyatina göre bile düşük,fiyat,negatif
Dün sabah sipariş verdim bugün geldi .Paketleme çok özenliydi.Kurulumu basitti. Beğendim tavsiye ederim.💯 Güncelleme: Ağustosta almıştım 4 ay geçti bir sorunla,ambalaj,pozitif
Ürünün sağ kulaklığı bozuk geldi hemen satıcıya yazdım iade veya değişim sağlanamayacağını söylediler sıfır alınan ürünün suan yetkili servise giderek onarım ya,kalite,negatif
Ürün gayet kaliteli ve şık küçük olması ayrı bir avantaj,kalite,pozitif
çok incecik ve çok kullanışlı zamanında teslimat teşekurler,genel,pozitif
Çok güzel gerçekten ses kalitesi harika. Sorunsuz bir şekilde geldi ben MediaMarkt satıcısından aldım indirimli olarak gerçekten muhteşem.,genel,pozitif
Telefonu aldım normalde benim bildiğim sıfır telefon alınca kutunun arkasında açma yeri oluyor bu telefonda yoktu,ambalaj,notr
telefona çok iyi uydu,genel,pozitif
Güzel diğer yerlere göre uygun aldık,fiyat,pozitif
Çok uygun fiyata yakaladım çok teşekkürler hızlı bir şekilde geldi. Apple kalitesi gayet güzel memnunum.,fiyat,pozitif
Ürün sağlam imei numarası kayıtlı ama çok özensiz paketlenmiş mucize ile sağlam gelmiş diyebilirim,ambalaj,negatif
Hediye olarak aldım kendim de aynı ürünü kullanıyorum gayet memnunum,genel,pozitif
Kızıma aldım. Çok güzel bir ürün. Ses kalitesi mükemmel. Orijinal bir ürün.,ses_goruntu,pozitif
"2, 3 bin TL ye aynı verimi alacağınız kulaklığı almak yerine bunu alabilirsiniz şarjı ortalama gidiyor seside çok açında dışarıdan duyuluyor kulaktanda asla düş",genel,pozitif
Günlük kulanım için aşırı ideal bir üründür ayrıca kulanım süresi olarak da gayet yeterli bi düzeydedir 4g jarz a takmadığım olmuştur bi kulaklığa göre gayet iy,genel,notr
Bosuk geldi super,genel,negatif
Paket yırtık geldi sağlam kargolanmamıştı. Satıcı çok ilgisiz siyah sipariş verdim gri gönderildi alakaya maydanoz,ambalaj,negatif
1 yıldızı bile haketmiyolar ürünümü aldım hiç açmadan geri iade etmek istedim iadem reddedildi ürünün açıldığı söylendi ama ben ürünü hiç bir şekilde açmadım il,genel,negatif
Ürün arızalı geldi değişime gönderdin servise gönderdiler servis kutudan çıkan garanti tarihi ile Apple‘daki garanti tarihi aynı olmadığı için onarım yapmıyor g,kalite,negatif
fena değil,genel,pozitif
Çok yavaş bazen donuyor,genel,negatif
Ürün sıfır değil. Apple da onayladı. Değişim isteğimi reddediyor satıcı. Kesinlikle tavsiye etmiyorum. Rezillik.,genel,negatif
"Ürün çok kısa sürede, sapasağlam elime ulaştı teslimat hızı mükemmel.Kulaklığın ses kalitesi ve malzeme yapısı fiyatının çok üzerinde, gerçekten kaliteli hisset",kalite,pozitif
gayette iyi beğendim fiyatına göre çok iyi,genel,pozitif
çok beğendim. apple bilgisayar için son derece ekonomik ve kullanışlı bir bilgisayar...,fiyat,pozitif
Şarzda ve kullanımda aşırı ısınıyor. Sözde sıfır tlf. Aldım,batarya,negatif
Dün aldım Pc Windows 11 yüklü ve kasıyor! Herhangi bir uygulama bastığınızda rahat 10 sn bekliyorsunuz! Güzel şeyleri ise ekranı büyük ve klavyeleri güzel bu ka,kalite,pozitif
Paketleme güzel kargo hızlıydı fakat ilk günden itibaren aramalarda sesim karşı tarafa gitmiyordu iade etmek zorunda kaldım üzgünüm,kargo,pozitif
Sıkıntısız geldi orjinal ürün,genel,pozitif
Öğrenci indirimiyle aldım,fiyat,notr
Ya bir ara tek kulak gitti (sol) korktum bozuldu diye çünkü yorumlarda gördüm birde önceki günü şarja takmıştım hani şarjı bitmemiştir diye düşündüm yine de 1 -,genel,negatif
Kargo aşırı hızlıydı ben ilçede oturuyorum siparişimin ertesi günü geldi.  Ben pek anlamam bilgisayar özelliklerinden baktığım zaman öyle hoş yani,kargo,pozitif
Ürünü 4 ay kullandık sıfır almıştık telefoncuya satmaya götürünce ögrendik ki yenilenmiş göndermişler sim kart yerinde imei yazmıyordu güvenmeyin almayın,kalite,negatif
Çok memnunum,genel,pozitif
ürün elime bozuk geldi sol taraf çalışmıyor ayrıca ses kalitesi fiyatina göre bile düşük,genel,negatif
Paranla rezil olmak istiyosanız alın  satıcı vatan. Trendyol üzerinden alındığı için şubeleri hiç bir şey yapmıyor aynı şekilde müşteri hizmetleride. Şarjada sı,fiyat,notr
"Kurulumu yeni yapıyorum,gayet güzel ve sağlam gözüküyor",kalite,pozitif
Daha önce trendyoldan telefon almıştım memnun kaldığım için tekrar sipariş verdim fakat bu sefer ürün kusurlu geldi iade eder etmez para iadesi yapıldı çözüm hı,kalite,negatif
hızlı geldi harika...oyun için almistim ses çok sonradan geliyor...fakat muzik dinlemek için ideal...iade edeceğim.,ses_goruntu,pozitif
Hediye olarak aldim o yuzden acamadim kargolama hizi guzeldi trendyola guveniyorum,kargo,pozitif
üründe sogutulacak bir havalandirma yok -  üründe ne hikmetse bütün fişler 1cm ara ile konmuş power fişi USB HDMI lari takmak çıkarmak sorun mm rik mesafede baş,genel,negatif
Bana bozuk kulaklik satti ve 2 kez iade ettim bana kulaklik kutusunun degil icindeki kulakliklarin degistigini ilettiler 1 puan bile degil kesinlikle 0 almayin,genel,negatif
Tafsiye ederim istediğimiz gibi geldi memnunuz,genel,pozitif
Bukadar özensiz bir kargo daha olamaz sonuçta kargo bir elektronik cihaz alelacele konulmuş gönderilmiş bozulursa kesinlikle iade ederim henüz açmadım tlfnu  üz,kalite,negatif
Zaten bitane almıştım 2. Aldım güzel teşekkürler,genel,pozitif
Malesef donuyor tuslar yazmıyor bozuk cıktı cok uzgunum ılkkez ıphon da bu soeunlarla karsılastım,genel,negatif
Ürünü 20 kasımda teslim aldım fakat ürünün garanti süresi 11 ay sonra sona eriyor. Fatura talebinde bulunmama rağmen 4 gündür faturamı göndermediler. Şiddetle b,kargo,notr
Ürün güzel paketlenmişti sorun yok,ambalaj,pozitif
Ben erkek arkaşıma hediye aldım Baya sağlam güzel paketlenmiş...,ambalaj,pozitif
müzik dinlerken normal ama konuşmada beş kuruş etmez karşı tarafın sesini hiç duymuyorum,genel,negatif
mükemmel bir f/p telefonu,genel,pozitif
"Bir aydır kullanıyorum, aldığım gün şarja taktım 1 ay boyunca kutuyu hiç şarj etmedim. Şarj konusunda oldukça başarılı.  Mikrofon konusunda hiç beğenmedim karşı",batarya,pozitif
Ürün orijinal ancak sağ kulaklığı bozuk geldi. Apple mağazasına giderek değiştirdim.,kalite,negatif
çok donuyor çok bssit,genel,negatif
"Ürün elime bugün 5 kasım 2024 tarihinde ulaştı, kutu üzerinden doğrulamasını yaptıktan sonra kurulum için açtım. Açar açmaz karşılaştığım sorun pil için servis",kargo,notr
Aşırı kötü sesi o kadar çok az ki duymakta güçlük çekiyorum. iade ettim fakat iadem reddedildi ürünü bana geri göndereceklerini söylediler. tüketici haklarına ş,ses_goruntu,negatif
anneme aldım çok begendik,genel,pozitif
Sevgilime doğum günü hediye olarak almıştım çok güzel,genel,pozitif
cok iyi geldi saglam geldi paketlemesi iyiydi,kargo,pozitif
ikinci telefonu istedim çok güzel,genel,pozitif
"ses kalitesi iyi, dışarıdayken telefonla görüşürken ses iyi gitmiyor ama etrafta ses yoksa iyi iletiyor sesi. fiyat performans kısaca gayet iyi",fiyat,pozitif
Pili bitmiş 3 yıl önce garantisi bitmiş ürünü bana gönderip bu durumu belgelediğim halde 15 günlük süre geçtiğin için almayan satıcı. İsterseniz siz de alın.,batarya,negatif
ürün çok güzel sadece sesi dışarıya veriyor çok,ses_goruntu,pozitif
çok memnunum orijinal ürün ses kalitesi vs muhteşem,genel,pozitif
çok güzel çok hızlı tavsiye ederim,genel,pozitif
bu urunu iade icin gonderdim kutusunu hic acmadim 20 nisanda teslim almislar hala iade inceleniyor diyor trendyol asistandan musteri hizm canli baglandim 21 is,ambalaj,negatif
iyi ses kalitesi,ses_goruntu,pozitif
Beklediğim den çok daha güzel geldi hiç bir hasar yoktu bilgisayar asla kasmıyor...,genel,pozitif
Yanlış bilgi ve yönlendirme yapıldı ve iadesini kabul etmiyorlar.,genel,negatif
çok garip ilk defa açılmayan kutudan çıkan üründe böyle bir çizik gördüm malesef iade değişim süreciyle ilgilenemeyeceğim için kullanacağım,kalite,negatif
ders çalışırım diye aldım ama çok yeterli değil tavsiye etmem,genel,negatif
Çok iyi. Ses kalitesi ve basından oldukça memnunum.,ses_goruntu,pozitif
Çok güzel gerçekten ses kalitesi harika. Sorunsuz bir şekilde geldi ben MediaMarkt satıcısından aldım indirimli olarak gerçekten muhteşem.,ses_goruntu,pozitif
Media Marketten aldığım 2. Nesil kulaklığım bundan iyiydi piyasada olmadığı için tekrar alamadım maalesef onun çekim alanı da süperdi kaç metre uzaklıktan algıl,kalite,pozitif
Yaklaşık 3 4 aydır kullanıyorum kesinlikle hiç bir sorun yaşamadım...,genel,pozitif
ürünü beğendim paketlemesi çok iyiydi  ders çalışmak için çok güzel bir bilgisayar,ambalaj,pozitif
Fiyat performansı memnunum şarjı harika,batarya,pozitif
Sakın almayın ürün arızalı çıktı iade ettim ürün de sorun yok diye geri gönderdiler trendyol da yardımcı olmadı sakın almayın,genel,negatif
Yavaş çalışıyor 😔,genel,negatif
iyi değil tuhaf ses çıkıyor,genel,negatif
görüntü güzel ama arada kasıyor çok yüklenmeden arada kullanacağın bir ürün,ses_goruntu,pozitif
Bir günde elime ulaştı işletim sistemi ideal ve çok işlevsel bir kullanım aramayanlara yeterli.,genel,pozitif
"Tek kelime ile harika, kaplaması ambalajı, kargoya veriliş hızı mükemmel",genel,pozitif
fiyat performans olarak ürün Gayet iyi çok şey beklemeyeceksiniz konuşabilirsiniz İyi de duyarsınız tavsiye ederim,genel,pozitif
telefon sorunsuz ulaştı ama eksik geldi sadece kablo geldi oda ikitarafıda ince şarj kafası yok?,genel,negatif
Ürünü alırken başlarda tereddüt etmiştim alsam mı almasam mı diye kararsız kalmıştım. Laptop kurulumu kendisi yapıyor Şarjı dayanaklı Paketleme kusursuz yapılmı,genel,notr
güzel bir telefon hasarsız geldi ama güzel paketlenmemiş kırılabilirdi.,kalite,pozitif
Abartıldığı kadar iyi değil,genel,negatif
En uygun buradaydi. Ancak garanti tarihi eylülde almama ragmen...,genel,negatif
Gönderilen kablo bozuk çıkıyor ve arkasında durmuyorlar kesinlikle almayın 200 300 fazla verin başka yerden Alın,kalite,negatif
güzel ürün sorunsuzdu güzel paketlenmisti,ambalaj,pozitif
Ürün gayet güzel ve hızlı  geldi baya memnun kaldım,kargo,pozitif
Telefonumda şuan bazı arızalar var garanti sürem daha dolmadı garantiye göndermek istiyorum ne yapmam lazım,genel,notr
bilgisayar hatalı çıktı kamera ve bulutut  hata veriyor sesi çok az ve kurulum yaptıktan sonra sürekli güncelleme yapıyor cihaz çok yavaş iade kodu oluşturdum d,kalite,negatif
Ürün açılmadı sarjı yoktur umarım sarj aletim bugun saat 7 de gelecek açılmazsa iade yapacam hayal kırıklığı yaşıyorum o kadar da para verdim,batarya,negatif
Çok iyi paketlenmiş elime sağlam ulaştı erken teslim almanızı tavsiye ederim,kalite,pozitif
çok güzel ses kalitesi,ses_goruntu,pozitif
Kargo çok  onun dısşında sorun yok,kargo,pozitif
Çok beğendim sorunsuz elime ulaştı 1 haftada ve çok memnunum ilk alırken tedirgin olmuştum ama kesinlikle çok iyi memnunum,genel,pozitif
Beğendim bayadır kullanıyorum iş görür. Bir puanıda bir kaç saat açık kalınca arada yeniden başlatmak gerekiyor kasıyor ve görüntü gidiyor ordan kırdım.,genel,negatif
Fiyat performansı memnunum şarjı harika,fiyat,pozitif
Çok donuyor 3 dkka da bir donma oluyor,genel,negatif
memnun sağlam geldi teşekkürler herkese tavsiye ederim,kargo,pozitif
2 aydır kullanıyorum çok memnunum telle görüşmek artık çok kolay ve güzel sesim rahatça gidiyor ve geliyor müzik dinlemek zaten keyifli,genel,pozitif
Harika. Hediye aldım. Bu fiyata bu kalite. Mükemmel,genel,pozitif
ürünün paketlenmesi güzel ve sağlamşekilde elimize ulaştı güvenle alıp kullanabilirsiniz tavsiye ederim,genel,pozitif
Hızlı teslimat özenli kargolama ve ofis işleri için iyi yalnız bilgisayar çok yavaş,genel,pozitif
Memnunum 6aydır sorunsuz kullanıyorum,genel,pozitif
Sesi güzel önce şüphe ettim orijinalliğinden sonra kızım araştırdı orjinal ürün paketlemeside güzeldi teşekkür ederim 🙏,ambalaj,pozitif
"Sadece patpata sarılıp gönderilmiş 😒.Kutuya bile koyulmamış.Kulaklığı denemedim henüz,umarım sorun yoktur ve orijinaldir",ambalaj,notr
Herkese çanta hediye edildi neden bana çanta hediyesi yanında verilmedi...,genel,negatif
Kendime hediye aldımmm Güvenilir satıcı ürün orjinal geldi hiç bir sıkıntısı yok teşekkürler 🩵🩷🩵 birde kılıf aldım çok tatlı olduuu ✨🤎,kalite,pozitif
Ses çok iyi sadece oyun oynarken boğuk bir ses oluyor oyuna gir çık yapınca az biraz düzeliyor onun dışında çok memnunum,ses_goruntu,negatif
Aldığıma pişmanım bas yok!   3 yıl önce satın aldığım Qcy T 17 marka kullanıyordum kaybolunca bunu satın aldım ama?,genel,negatif
Nasıl bir bilgisayar anlamadım. Alalı 1 hafta olmadı 3-4 gündür donuyor sistemi yavaş. Bu paraya demekki bu ürün. 9250 aldım indirimle. Keşke başka marka baksay,genel,negatif
Karşılaması zayıftı ama ürün sağlam geldi. Kargolamayı daha sağlam yapmanızı tavsiye ederim. ürün orijinal ürün güvenir.,genel,pozitif
Kardeşime aldım,genel,notr
ürün çok iyi ve saglma kaliteli uygulamadan ayar yapabiliyorsun bas tiz ayarı ve müzik dinlerken ses çok güzel sadece telefon görüşmesinde biraz ses az ama güze,kalite,pozitif
işlemci sandığımdan yetersiz çıktı gündelik kullanım için alınabilir.,genel,notr
kullanışlı,genel,notr
Ürün güzel kargolanmıştı fakat bataryası ölü geldi. Bunları kontrol etmeden gönderiyorsunuz sonra insanlar uğraşıyor sizin emeğinizede alan kişiyede yazık.,batarya,negatif
Çok güzel paketlenmiş tşk ederim sorunsuz teslim edildi❤️,ambalaj,pozitif
Almayın aldırmayın bir youtubeye girmek için yarım saate açılmasını bekledim aşırı donuyor daha sabah geldi bilgisayar yeni açtım. Fiyatı uygun diyecekseniz dem,fiyat,pozitif
Sürekli sorun çıkarıyo delirtiyor ya sabrediyorum bakalım nereye kadar,genel,negatif
pil ömrü zayıf ve çogu şey yüklenmiyor eba bile,batarya,negatif
ürün tabiki çok güzel apple sonuçta ama trendyol çok yavaş kargoları maalesef ama sorunsuz geldi teşekkürler,kargo,negatif
"Ürün çok iyi.. sorunsuz ve hızlı ulaştı, teşekkürler.. ancak bu meblağaki bir ürün için fiyata kargo ücreti eklemenizi yadırgadım..",fiyat,negatif
Çok memnunum şarjı uzun gidiyor ve sağlam. Fazla sekmelerde kasma olmuyor AMA microsofta alışmış biri olarak kullanımda çok zorlanıyorum...,batarya,pozitif
ürünün içine insan bir şarj aleti gonderiri cihaz elime ulaştı ama sarj aletini bulamıyoruz...,batarya,negatif
5 para etmez ürün bugün teslim aldım şarjdan çıkardığın anda laptop batarya boş diyip kapanıyor bulaşmayın,batarya,negatif
Begenmedım ekran kalıtesını,ses_goruntu,negatif
İndirmek istediğim dosyalar inmiyor bilgisayar desteklemiyor diyor anlamadım yani,genel,negatif
Kulakta rahatsız etmıyor apple kalıtesıı,kalite,notr
telefonda sorun yok fakat orjinal kablo şarj etmiyor bozuk çıktı kurulum yapılmış telefonun hepsini gönder diyor Teknosa sadece kablo bozuk her şey neden değişs,genel,negatif
Kargo kutusu içinde hiçbir patpata ya da koruyucu malzemeye sarılmadan gönderildi. Sanki manavdan elma alıyoruz işinizi düzgün yapın,batarya,notr
Kargo çok uğraştırıcıydı 1 haftaya teslim edildi ürün şuanlık güzel fakat garantisi tam 2 yıl olarak gelmedi,kargo,notr
Oğlum için almıştım kullanıyor bir sorun yok,genel,pozitif
"sevgilime aldim cok sevdi canim sevgilim gule gule kullan , paketlemesi de guzeldi saglam geldi",ambalaj,pozitif
Kardeşim için aldık paketlemesi güzeldi fiyat performans,ambalaj,pozitif
Nisan ayinda aldim hala kullaniyorum sorun yok. Guvenilir. Çektiğim fotograflar kaliteli.,kalite,pozitif
İphone 13 kalite herkes biliyor mükemmel ama bu satıcı telefonu kötü bir sekilde kolilemişti kolileme olayına 2 yıldız veriyorum,genel,pozitif
Herkese tavsiye ederim paketlemesi güzeldi 2 günde geldi,ambalaj,pozitif
Mükemmel bilgisayar her işimi hallediyor çok hafif . Şarjıda çok uzun gidiyor . Apple kalitesi,kalite,pozitif
ürün güzel satışı çok güzel paketlemiş göndermişti...,ambalaj,pozitif
Kargo çok hızlıydı 2 güne elime ulaştı. Hasarsız ve temiz bir şekilde geldi.  Çok beğendim çok zarif ve güzel bir telefon almak isteyenler tereddütsüz alsınlar,ambalaj,pozitif
Çok memnunum şarjı uzun gidiyor ve sağlam. Fazla sekmelerde kasma olmuyor AMA microsofta alışmış biri olarak kullanımda çok zorlanıyorum...,genel,notr
"casper kalitesi, görüntü, ses gayet iyi, beğendim, bundan önceki laptopumda casperdi",genel,pozitif
Sesi güzel önce şüphe ettim orijinalliğinden sonra kızım araştırdı orjinal ürün paketlemeside güzeldi teşekkür ederim 🙏,ses_goruntu,pozitif
arkadaşlar firma ürünü faturasız gönderdi kutuyu açmadığım için iade ettim defalarca fatura istemem rağmen ürünün faturasıı temin edemediler satıcı trendyola yö,genel,negatif
"Bu cihazı tavsiye etmiyorum  çok kötü, ram arttıramıyorsunuz ram ana karta sabit olduğu için büyük sorun...",genel,negatif
ürün çok çok hızlı ve çok güzel paketlenmiş  geldi tebrik ve teşekkür ediyorum ürünü henüz kullanmadım ama kalitesini biliyorum bu fiyata düşünmeden alın derim,ambalaj,pozitif
Orijinal apple ürünü media markttan aldım satıcıya cok dikkat edin alırken . Kargo cok güzel paketlenmişti ve 1 günde geldi. Fiyatı piyasanın en uygunuydu teşek,kargo,pozitif
Sorunsuz bir şekilde teslim aldım teşekkürler telefon çok güzel kardeşime aldık 33809.02 ye aldım :),kargo,pozitif
Markası ve uygun fiyat oluşu artısı. İnce bir laptop. Ama performans zayıf...,genel,pozitif
Ürün istediğim ses kalitesinde olmadığı için iademi kabul etmediler tredyol beni aradı kendileri de değil alıcak olan kişiler biraz daha para verip kaliteli ola,genel,negatif
Harika süper hiçbir sorun yok klasik Apple kalitesi,kalite,pozitif
"Kargo hızlıydı, paketleme daha iyi olabilir. Garanti başlama tarihinde sıkıntı yaşamadım. Sesi, mikrofonu ve şarj süresi gayet iyi fakat kutusunun şarjı hızlı b",kargo,pozitif
"2.nesil kullanıyordum kaybettiğim için aldım, silikonlu kulaklık sevmiyorum kulaklık şekli çok hoşuma gitmedi 2.nesil kadar hoşlanmadım. ses kalitesi güzel. içi",ses_goruntu,pozitif
1 ay geçmedi sorun veriyor herhangi bi cihaza bağlanamıyor.Memnun kalmadım.,genel,negatif
öncelikle satıcı ürünü çok kısa süre içerisinde kargoladı ve elime ulaştı. bilgisayar tam bir öğrenci bilgisayarı alalı birkaç hafta oldu oyun vs indirince yava,genel,negatif
fiyatı ucuz kalitesi sağlam hiç düşünmeyin,fiyat,pozitif
çok beğendik güvenerek alabilirsiniz,genel,pozitif
Ürün kulakta durmuyor arkadaşlar kaç kişiye denettim hiç konforlu degıl Malesef,genel,negatif
Kızıma hediye aldım güle güle kullansın..Zaten ürün harika  bu kadar kısa sürede sorunsuz elimize ulaştı satıcıya teşekkür ederiz..,genel,pozitif
Çok güzel çok memnunum aldıktan sonra ailedekilere de iki tane daha aldık,genel,pozitif
Ürün sıfır değil. Apple da onayladı. Değişim isteğimi reddediyor satıcı. Kesinlikle tavsiye etmiyorum. Rezillik.,kalite,negatif
ürün iyi ama ekran görüntüsü almak sor,genel,pozitif
Kızıma aldım çok beğendi kalite her zaman farkettiriyor,kalite,pozitif
37.500 para verdik insan bi paketlemeye özen gösterir şampuan almıyoruz telefon alıyoruz kargocular zaten paketleri futbol topu gibi kullanıyor henüz kullanmaya,ambalaj,negatif
Çok hızlı geldi ve orijinalliğinden emin olabilirsiniz.,kargo,pozitif
15 gündür bende ve aşırı kasıyor youtube dan bile video izleneceyecek kadar...,genel,negatif
ÜRÜNÜ ALACAKLAR DİKKAT: Ürünü aldığımda garanti süresi bitimine 24 değil 16 ay kalmıştı...,genel,negatif
Paketleme gayet iyi ve kargo hızlıydı ürün sorunsuz geldi ve sorunsuz kullanıyorum,kargo,pozitif
Kesinlikle almayın asla önermiyorum sipariş ettim sol kulaklık cızırtılı geldi bazı müziklerde belli oluyordu ama fazla basslı müziklerde belli olmuyordu ve sür,genel,negatif
eşime aldım gayet iyi ve kullanışlı,genel,pozitif
"Telefonum ve bilgisayarımla uyumlu olsun diye aldım, fakat önceki JBL bluetooth kulaklığımdan kat kat daha pahalı ve ses geçirgenliği de aşırı fazla, apple ürün",fiyat,negatif
İnanılmaz memnunum iyi ki almışım dediğim şeylerden biri oldu. Paketleme çok güzeldi ve çok hızlı geldi. Teşekkürler Trendyol.,kargo,pozitif
Vatan Bilgisayar kullanılmış ürün göndermiştir. 06.03.2024 tarihinde teslim edilen ürünün garanti bitiş tarihi 17.12.2025. İademi yapın. Bu mağazadan alışveriş,kalite,negatif
3 günde geldi gayet iyi apple kalitesi 1 puanı faturasını yollamadıkları için kırdım,kalite,pozitif
yorumlara bakarak aldim ürün sağlam geldi fakat çok geç geldi 3 gün sürdü ertesi gün falan da gelmedi paketleme de dandikti ama ürün sağlam sorun yok alabilirsi,ambalaj,negatif
Kızıma hediye olarak aldım 2 aydır kullanıyor. Çok memnun. Kaliteli telefon kesinlikle. Hızlı şarj oluyor ve uzun süre şarjı gidiyor.,batarya,pozitif
Annem için aldım bir senedir sorunsuz kullanıyor,genel,pozitif
Hasarsız geldi paketleme çok iyiydi teşekkür ederim,ambalaj,pozitif
Çok geç ulaştı elime beklediğim gibi gelmedi daha kaliteli bekliyordum,kalite,negatif
"Ürünü değişim için iade ettim. Şarjı %1 de kalıyordu sürekli, ürünün garantisini sorgulattım 50 gün kaldığını öğrendim. Yani ürün sorunluydu ben de değişime gön",genel,negatif
süper hızlı gönderi kaliteli tavsiye ederim,kalite,pozitif
Satılan ürünlerde yani telefon bildiğim kadarıyla şarj kablosu ve başlığı olur lakin bunda kablo var başlık yok işinizi daha düzgün yapmanızı tavsiye ediyorum i,genel,pozitif
ürün guzel bir şekilde paketlenmiş ve sağlam elimize geçti...,genel,pozitif
Daha geleli 1 hafta olmadı ses sistemi gitti bı türlüde çözülmedi ne biçim iş bu,ses_goruntu,negatif
Ürün güzel araştırarak sipariş verdim ancak öğrenci indiriminden yararlanmak için fsturada gerekli bilgilerin olması şart. Faturanın yeniden düzenlenmesi talebi,genel,pozitif
"Çok ağır.. eski tip bir laptop, ev tipi.. iş görür",genel,notr
Çok beğendim,genel,pozitif
fiyatına göre çok iyi,fiyat,pozitif
bugun elime ulastı gerçekten bu kadarını beklemiyordum ses kalitesi fln harika bukadar ucuz olupta çok pahalı kulaklıkta değer bence sadece daha arama yapamadım,genel,pozitif
"SİZLERDEN ALMIŞ OLDUĞUM AİRPODS 2. NESİL 30 DK ÖNCE TESLİM EDİLDİ VE ÜRÜN BOZUK. NE ŞARJ OLUYOR, NE DE KULAKLIKLAR ÇALIŞIYOR. İVEDİLİKLE DESTEK OLMANIZI İSTİYOR",genel,negatif
Trendyol alınan pahalı ürünlere kargo ücreti ekleyince alasım gelmiyor ama sırf diğer satıcılara göre daha güvenilir hissettirdiği için beni alıyorum. 2 telefon,genel,negatif
Yorumumu güncelliyorum Sesi kaliteli olabilir ama kesinlikle kulağı küçük bayağı küçük insanların alması gereken bir kulaklık hareket etmezsem kulağımdan düşmüy,kalite,pozitif
Telefon sağlam geldi ama 38.000 alıyorsun yanında kılıf hediye edilebilirdi,kalite,pozitif
Gayet kullanışlı alınabilir,genel,notr
oğlum için aldım çok güzel tavsiye ediyorum,genel,pozitif
fiyat performansı,fiyat,pozitif
Ürün iyi güzel fakat kargo Aras olduğu için aşırı sıkıntılı ve yavaş,genel,pozitif
Çok güzel paketlenmiş şekilde geldi çok teşekkür ederim çok beğendim kargo süresi de harikaydı,genel,pozitif
Sevgilime hediye almıştım harika,genel,pozitif
Alırken çok tereddüt etmiştim sıkıntı çıkarmı acaba diye  ama beklediğimden daha güzel ve sağlam geldi kesinlikle tereddütsüz alabilirsiniz tam bir fiyat perfor,kalite,pozitif
hızlı teslimat paketlemesi baya İyi güzel görünüyor  fiyatına göre çok iyi alınır,ambalaj,pozitif
güzel ve kaliteli,kalite,pozitif
ürün iyi👍,genel,pozitif
2 aydır kullanıyorum şuanlık memnunum,genel,pozitif
Kargolama çok kötü. Telefon hiç koruyucuya sarılmamış bile. Kutu telefon için büyüktü ve ezilmişti. Onun dışında telefon sorunsuz gözüküyor. Daha özen beklerdim,ambalaj,negatif
Ürün çok iyi paketlenmiş ve kaliteli bir ürün. Zamanında teslimi sağlandı...,ambalaj,pozitif
Yeni aldım ilk bilgisayarım sağlam geldi açtım film izlemek için aldım gayet yeterli 🤩,kargo,pozitif
fiyatına göre çok iyii,fiyat,pozitif
Mükkemel bir şey alın,genel,pozitif
Kulağa tam oturmuyor düşüyor memnun kalmadım.,genel,negatif
aşırı yavaş ve sesi asiri az cikiyor ayrica sesde arada takılmalarda oluyor.,genel,negatif
hızlı geldi harika...oyun için almistim ses çok sonradan geliyor...fakat muzik dinlemek için ideal...iade edeceğim.,genel,negatif
Ürün güzel alınır,genel,pozitif
süper kalite hızlı kargo güvenilir satıcı,kargo,pozitif
tam bir fiyat performans ürünü iş için aldım,fiyat,notr
babam 4 aydir kullaniyor ve memnun,genel,pozitif
işimi görür güzel,genel,pozitif
Çok memnunum Trendyol satıcısından aldım,genel,pozitif
güzel begendik,genel,pozitif
güzel ben 3aydır kullanıyorum sarjı hızlı doluyo film izlemek için kullanıyprum,batarya,pozitif
Hiçbir şekilde güvenli değil bu site indirimde aldığım ürün kargolandı ama iptal ettiler...,genel,negatif
Arkadaşima hediye aldim cok güzel paketlemesi sağlam harika 🤩 bol kazançlar size,genel,pozitif
Ben çooook memnunum i phoneye geçmek isteyenler mutlaka alsın,genel,pozitif
"Bir aydır kullanıyorum, herhangi bir sıkıntı yaşamadım gayet memnunum. Satıcı olarak en güvendiğim yerden aldım, paketleme gayet iyidi ve elime çok hızlı ulaştı",genel,pozitif
Ürün kendi kendine kasıp dönüyor açılmıyor bazen tema vs tıkanıyor..,genel,negatif
Youtubeye girmek 15 dk sürüyor tavsiye etmiyorum,genel,negatif
"Ses kalitesi , sessiz ortamlarda güzel fakat yoğun ortam ve dış ortamda sessiz kalıyor.Konuşurken ses kesiliyor",ses_goruntu,pozitif
Ürün bir günde elime ulaştı paketleme vs gayet iyiydi iki saat falan uğraştım ısınıyor normla mi bilmiyrpum ama .,ambalaj,pozitif
üç aydır kullanıyorum çok memnun kaldım sesi de gayet iyi veriyor,ses_goruntu,pozitif
telefon sağlam geldi anneme aldık kamerası baya iyi güvenerek alabilirsiniz,genel,pozitif
sorunsuz geldi beğendim ama keşke şarj başlığı olsaydı,batarya,pozitif
ürünüm elime ulaştı gayet güzel ve kibar görseldeki gibi,kargo,pozitif
kapağı sorunlu geldi aldıktan hemen sonra 1000 lira indirime girdi.,kalite,notr
Malesef donuyor tuslar yazmıyor bozuk cıktı cok uzgunum ılkkez ıphon da bu soeunlarla karsılastım,kalite,negatif
Çok kısa sürede geldi. Garantisi de onaylı. Ancak cihaz sarjdayken kasada elinizi gezdirdiginizde karıncalanma şeklinde elektrik kaçağı yapıyor.,kalite,negatif
Ürün bataryası arızalı çıktı. Bilgisayar şarj olmuyor. Depoda yıllardır durmaktan sanırım batarya ölmüş. Firmaya gönderdim değişim için. Fakat firma bana açılmı,batarya,negatif
ürünüm elime ulaştı fakat şarj cihazı ile ilgili bir sorun var bu konu hakkında yardımcı olabilir misiniz. şarj olmuyor.,batarya,negatif
idare eder dileyelim ram4 olunca kasıyor bazen,genel,notr
beğenmedim. birini ariyorsun 3 kere çaldı diyelim kapatmak istiyorsun istediğin kadar dokun kapatmıyor. görüşme esnasında kapatıyor. beğenmedim başkasına hayrın,ses_goruntu,notr
Çok beğendim Apple kalitesi,genel,pozitif
"anneme ve kendime aldim cok memnunuz hic düşünmeden alabilirsiniz, bu pahalılıkta en güzel telefon bu",fiyat,pozitif
Telefon hakkında yorumum yok zaten belli Iphone kalitesi ancak satıcı garanti belgesini göndermedi kutu içerisinde herhangi bir garanti belgesi fatura yok ileti,kalite,negatif
Bağlantıdan sürekli düşüyor! İadee!!!,genel,negatif
Tam bir fiyat performans ürünü.Ders çalışmak ve Office programlarını kullanmak için almıştım.İşimi görecek kalitede.,fiyat,notr
ürün arızalı çıktı,kalite,negatif
Aralık ayında alıyorum mayıstan başlatıyorsunuz garantiyi ne kadar saçma o zaman 2 yıl garanti demeyin 1 yıl 5 ay şuan garantim.,genel,negatif
Kesinlikle alın çok iyi bir korktum ama beklediğimden iyi geldi kutusu sağlamdı hasar yoktu teşekkürler:)),kalite,pozitif
Asla buradan almanızı önermiyorum.Bir ay kullandım şarjı çok hızlı bitmeye başladı.garantiye göndermek istedim muhatap bulamadım vatan şubesi kabul etmedi.trend,batarya,negatif
"Alacak arkadaşlar lütfen dikkat edin benim başıma ilk defa böyle bir şey geldi telefon ilk bana ulaştığında sıfır paketliydi,kurulumu yaparken face ID kullanıla",genel,negatif
Dün aldım bu gün 1000 lira indirim olmuş hanı dile kolay ucuz bisey almıyoruz böyle olunca da insan üzülüyo. Fiatların bu kadar değişken olmaması taraftarıyım ö,fiyat,negatif
Ürün güzel fakat yeni olmasına rağmen fazla kullanmama rağmen şarjzı çabuk bitiyor,genel,pozitif
ürün elime bozuk geldi sol taraf çalışmıyor ayrıca ses kalitesi fiyatina göre bile düşük,ses_goruntu,negatif
rahat konuşamıyorum. karşı taraf sesin çok az ve kötü geldiğini söylüyor. iade etmediğim için pişmanım.,genel,negatif
daha çok yeni olduğu için performansına dair yorum yapamıyorum. ısınma sorunu yaşamadık paket kargo çok iyiydi hasarsızca geldi. ben Word vb. Office programları,kargo,pozitif
bir süre kullandıktan sonra bir tarafı gitti ve diğer tarafında bir cızırtı var,ses_goruntu,negatif
paketleme çok iyiydi. verdiği tarihten de önce geldi. çok memnun kaldım tavsiye ederim,ambalaj,pozitif
tedirginlikle aldım inşallah memnun kalırım.  Paketi dün açtığımızda köşe detayında küçük bir soyulmaya benzer Bi çizik tarzı bisey var. ses konusunda sıkıntı y,kalite,negatif
sorunsuz bir şekilde ulaştı,genel,pozitif
her zamanki gibi troy kalitesi çok teşekkür ediyorum,kalite,pozitif
kardeşime aldım gayet iyi beğendi,genel,pozitif
Bi öğrenci için uygun fiyat ve performans,fiyat,pozitif
Üründen aşırı derecede memnunum şarjı çok uzun süre gidiyor ayrıca çok konforlu taşıması çok kolay,batarya,pozitif
bilgisayarım geldi aşırı özenli paketlenmişti ince ve kibar kurulum vs için halledildi biraz yavaş gibi ama fiyatına göre uygun,genel,pozitif
çok güzel bi ürün şiddetle tavsiye ederim.paketlemesi de süperdi..,genel,pozitif
kızıma aldım çok kötü sürekli serviste ve dihim yapmıyorlar sarzi takılıyken bile kapaniuor,batarya,negatif
Görüntü kalitesi biraz düşük onun dışında sesi vs güzel günlük kullanıma uygun,ses_goruntu,pozitif
Faturası yok nasıl bi iş bu,genel,negatif
aldıktan iki ay sonra daha doğru düzgün kullanmama rağmen şarji hiç dolmuyor prizden çıkardığım an kapanıyor hep 0 gösteriyor,batarya,negatif
200-300₺ için orijinal sitesinden almadığıma pişmanım. Geldiğinde şarjı %0’dı beni biraz şüphelendirdi yenilenmiş olabileceğine dair. Genel olarak ürünü de beğe,genel,negatif
Merhaba ürünün sol teki çalışmıyor,genel,negatif
kazasız bir şekilde iPhone sağlam teslim aldık teşekkür ederiz emeği geçen herkese saygılar sevgiler diliyorum,kargo,pozitif
İphone 13 kalite herkes biliyor mükemmel ama bu satıcı telefonu kötü bir sekilde kolilemişti kolileme olayına 2 yıldız veriyorum,ambalaj,negatif
Ürün güzel fakat fatura ulaşmadı bana,genel,pozitif
Kardeşime aldık gerçekten güzel bir ürün tam bir fiyat performans ürünü,fiyat,notr
aşşırı yavaş. daha yeni olmasına rağmen böyleyse ileride nasıl olur bilemiyorum. basit işler için almama rağmen onları dahi tin tin anca yapıyor. iadeye gönderd,genel,negatif
1 günde 800 tl fark olur mu,fiyat,notr
Sorunsuz geldi çok zarif ve çok şık okul ders için kesinlikle öneririm,genel,pozitif
garanti belgesi çıkmadı içinden . iade mi etmem gerekiyor şimdi.,genel,negatif
Ürün çok güzel kızıma aldım zamanında geldi paketlemeyi çok güzel yapmışlar,ambalaj,pozitif
Hiç sıkıntı yaşamadım güzel,genel,pozitif
Ürün güzel bildiğim bir üründü zaten ama paketleme çok kötü o kadar para verip ürün alıyoruz daha koruyucu bir paketleme yapılabilirdi direkt kutuya katıp yolla,genel,pozitif
Ögrencı kullanımına göre ideal bence,genel,notr
Şarjı hızlı bitiyor ve telefon çok ısınıyor 1 hafta sonunda telefonumda yatay ve dikey cizgiler cikti fotograflarim ve renkler hep degisti asla tavsiye etmiyoru,genel,negatif
Casper markası zaten kendini kanıtlamış. öğrenciler için ideal pil ömrü fena değil . Fiyatına göre çok iyi.,fiyat,pozitif
Teknosa satısından aldım trendyol satıcısından geldi ayrıca faturası yok Allah’tan e faturası var fakat trendyol olarak geçiyor ve hiç bişeye sarılmamış küçücük,genel,negatif
Sağlam geldi ama görüntü kalitesini pek beğenemedim,ses_goruntu,negatif
öncelikle satıcıya çok tesekkür ederim bizi iade konusunda mağdur etmediği için.  Bilgisayar çok yavaş kurulum yapamadık. tercihimize göre iade ettik başka mode,genel,negatif
bu ekranda kaldı ne ileri gidiyor ne geri napicam,genel,negatif
"Ses kalitesi mükemmel, şarj performansını kullanmaya devam ettikçe göreceğiz. Paketleme de çok iyiydi tek sorun ürün çok geç elime ulaştı. Alacaklar 1-2 güne el",batarya,pozitif
arada sırada kasıyor,genel,negatif
kargom kayıp 😒,kargo,negatif
fiyatı ucuz kalitesi sağlam hiç düşünmeyin,kalite,pozitif
Yeni kullanmaya başladım şuanlık güzel,genel,pozitif
Ürün şeffaf poşeti olmadan geldi sanırım daha önce açılmış bir ürünü yollamışlar. hatta sanırım değil yüzde bir milyon  üzerine kalemle çizgi çizilmiş. yani kut,ambalaj,negatif
kablo gelmedi,batarya,notr
Eski pods umu kaybettiğim için burdan aldım ama anlamadığım bir biçimde şarjı inanılmaz az gidiyor,batarya,notr
Ürün Orta Seviye Bir Bilgisayar İş Görür,genel,notr
kamerası çalışmıyo internet çok kasıyor ayrıca çok yavaş hiç beğenmedim iade ettim,kalite,negatif
ürünün birkaç yerinde çizik ses sistemi çok kötü,ses_goruntu,negatif
tr garantilimj emin değilim ama gayet iyi suanlik,genel,pozitif
ürün çok güzel paketlenmesi de iyiydi teşekkürler,ambalaj,pozitif
Ürün elime ulaştı hemen kurulumunu yaptım. Baya beğendim. Batarya konusunda herkes servis istiyor demişti ben öyle bir sorun yaşamadım,batarya,pozitif
sağlam kargo ve güzel paketleme kurulumlu geldi çok begendim sadece bir tık yavaş,ambalaj,pozitif
Ürün güzel sağlam geldi paketlemesi çok iyi kurulumu da kolay oldu sadece arada kasıyor ve biraz yavaş ama iş görür,genel,pozitif
Çok iyi çok beğendim kocama teşekkür ederim,genel,pozitif
Faturam gelmedi yollar mısınız,genel,notr
Ürün iyi güzel ama sanki biraz yavaş gibi yine de iş görür,genel,negatif
Fiyatına göre en iyisi,fiyat,pozitif
"Ürün gelmedi saçma sapan kablosuz kulaklık yollamışlar, ilgi alaka sıfır tüketici haklarına şikayet ettim",genel,negatif
mükkemmel bi bilgisayar 3 ay oldu alalı kullananlı daha pratik bişi isterseniz daha küçük boyutlu veya tablet bakabilirsiniz ama bu mükemmel 1 yıl oldu kullanıy,genel,pozitif
Isınma sıkıntısı olmasa gayet iyi telefon,batarya,negatif
400 TL’ye yakın indirim oldu aldıktan sonra. Şimdilik bir sıkıntı yok telefonda. Şarjının daha iyi dayanmasını beklerdim. Samsung 54 telefon bu konuda daha iyiy,fiyat,pozitif
Cok guzel klasik apple kalitesi her donemde her senede alinir kesinlikle,genel,pozitif
Ses falan süper Apple kalitesi fakat şarj bitmiş geldi,ses_goruntu,pozitif
Ekranında ufak bir çizikle geldi kullanima engel değil sıfır denen telefonun daha önceden kutusu açılmış belli,kalite,negatif
çok hziki geldi çok güzel herkese tavsiye ederim,kargo,pozitif
yavaş çalışıyor nedenn,genel,negatif
çok şükür ulaştı biraz sorunlar oldu ama elime ulaştı çok begenfim tavsiye ederim,genel,pozitif
ürünü simdilik güzel daha sonra güncelerim,genel,pozitif
Ürün elime ulaştı. Gayet kullanışlı bir cihaz. Kargo paketlemesi iyiydi ama daha korunaklı olabilir. Onun dışında cihaz orjinal .,kargo,pozitif
yavaş bir ürün. hızlı bir şey arıyorsanız bu değil.,genel,negatif
Telefonu teslim aldık 2 gündür kullanıyoruz bir sıkıntı yok. Ancak kargo çok kötü ezilmiş bir vaziyette geldi. Trendyol gibi bir sitenin paketlemesine dikkat et,ambalaj,negatif
Ses kalitesi mükemmel.,ses_goruntu,pozitif
Kargo gayet hızlıydı paketleme de iyiydi.Cok ağır bilgisayar işleriyle uğraşmayacağım için ideal.Satıcıya teşekkür ederim.:),kargo,pozitif
Telefon güzel boyutu falan da aşırı büyük değil babama aldık samsung kalitesi şaşırtmadı 🤌🏻( kargo da güzel paketleme yapmış),kalite,pozitif
Bu cihazın beyaz rengini siparis ettim fakat siyah rengini yolladılar. Iade etmek istediğimdede ellerinde beyaz rengi mevcut olmadığından siyah gonderdiklerini,genel,negatif
dinleme için gayet iyi ama telefon görüşmesi için kötü bi kulaklık. kulaklıkla telefon görüşmesi yapanlar için hiiiçççç tavsiye etmiyorum gidin başka kaliteli k,kalite,pozitif
"teşekkür ederiiiz babama aldım çok memnun oldu kamerası falan güzel, sağlam, yeni ve kullanışlı bir ürün almayı çok tereddüt ettim iyiki de almışım güvenilir bi",genel,pozitif
Mükemmel bilgisayar her işimi hallediyor çok hafif . Şarjıda çok uzun gidiyor . Apple kalitesi,genel,pozitif
Eşime aldım çok memnun kaldı paketleme iyi değildi biraz,ambalaj,negatif
Ürünü orijinal diye aldım ve bozuldu şarj olmuyor Trendyol‘un derhal satıcı ile iletişim kurup bana geri dönmelerini istiyorum aksi halde hukuki yollara başvura,batarya,negatif
3 Ayda pil 98 oldu,batarya,negatif
Urun 15 nisanda  elime ulasti bu sure zarfinda sarji bitene kadar sarj etmedim bugun sarja taktim kulakliklardan biri hic bir sekilde sarj olmuyor bu konuda yol,batarya,negatif
Kulaklığın iki tanesi aynı anda çalışmıyor. Sol çalışırken sağ çalışmıyor. Başka cihazlardan baktığımda kulaklığın adı dahi gözükmüyor.,genel,negatif
çok güzel paketlenmişti 2 günde elimde oldu satıcıya teşekkürler,kargo,pozitif
Ürün gerek ses düzeyi gerekse mikrofon olarak geçerli not aldı ama ebat olarak küçük olduğu için düşme riski olabilir diye düşünüyorum bunun dışında kaliteli bi,kalite,pozitif
Telefonu aldığımız ilk günden güncelleme ilk gün bile kasıyo arkadaşlar:D,genel,negatif
ürünü öğrenci vergi indiriminden yararlanmak için alacaksanız sakın bu satıcıdan almayın 1 aydır fatura bekliyorum yok gelmiyor.  güncelleme: 2 ay geçti ben hal,genel,negatif
Sesi boyutu ses kalitesi çok güzel ses engelleme özelliğide var çok beşenerek kullanıyorum hayatımı kolaylaştırdı,ses_goruntu,pozitif
Ben kulaklığımı alalı bir seneyi geçti fakat kutusu şarj almıyor %1 de kalıyor ne yapmam gerek,batarya,negatif
çok çok iyi ben ders için aldım asla donma yapmıyor,genel,pozitif
Ürünü alalı 1 ay bile olmadan bozuldu ekran kapandı açılmıyo garanti kağıdı kayboldu gönderemedim elimde öyle kaldı ne yapmam gerekiyo garanti servisine faturay,ses_goruntu,negatif
Kargo paketlemesi gerçekten çok kötü. Birçok kişide memnun değil fakat halen ısrarla dikkat edilmiyor. Telefon tam korumalı bir jelatinle kaplı değildi malesef,genel,negatif
çok kasıyor hiç birsey yüklü olmamasına rağmen işlerinde trenyol için kullanılmasına rağmen şarjı yarım gün yetmiyor çok kasıyor çok ağır,batarya,negatif
Nasıl bir haksızlık daha 2 gün önce aldım fiyat 7999 tl fen 7499 tl ye düşmüş gibi gösteriyorlardı şimdi tam tersi 7499 tl den 6800 e düşürmüş gibi bu ürün gerç,fiyat,notr
Biraz geç ulaştı elimize ama güzel,kargo,negatif
Çok beğendim ve hızlı da geldi :) ses kalitesi de çok güzel,genel,pozitif
beğenerek aldim ses çok güzel cikiyo tavsiye ederim,ses_goruntu,pozitif
Yani bukadar para veriyoruz güzel bi paketleme beklerdim kargo gelince ayakkabı aldım sandım. 3 krşluk ürünü çok güzel sarıyorlar siz sadece koli içine koyup gö,ambalaj,pozitif
iPhone 13 hayallerimin telefonu arkadaşlar ben aşırı memnunum tavsiye ederim,genel,pozitif
hızlı geldi fiyat performans ürünü 1 haftadır kullanıyorum ağır iş kaldırcak bir pc değil office uygulamaları için ideal youtube dan video izlerkende can sıkıcı,kargo,pozitif
Ürün elime geçti ama iki gündür bilgisayarı açmakla uğraşıyorum. Sistem yüklü gelmedi onu geçtim bilgisayar ekranında sadece Lenovo yazısı var hiçbir şekilde aç,genel,negatif
gayet iyi kurulumu basit gayet hızlı sıfır kutusunda geliyor...,genel,pozitif
kız kardeşime aldım tez yazarken eski bilgisayarı kasıyordu bu bişgisayar hem güzel hem kullanışlı,genel,pozitif
hafif cızırtı var gibi umarım bozuk değildir onun dışında kargo hızlı geldi,ses_goruntu,negatif
ürünüm elime ulaştı fakat şarj cihazı ile ilgili bir sorun var bu konu hakkında yardımcı olabilir misiniz. şarj olmuyor.,kargo,pozitif
Ses kalitesi iyi değil farklı marka telefona sahip arkadaşlara özellikle iPhone kullanıcılarına tavsiye etmiyorum denedim karşı tarafla görüşme müzik dinleme ba,genel,negatif
Bir haftadan fazladır kullanıyorum çok memnunum gönül rahatlığıyla alabilirsiniz,genel,pozitif
ürün süper  paketleme harika,ambalaj,pozitif
Çok iyi bu fiyata,genel,pozitif
Çok kötü yavaş,genel,negatif
3 stokda yok diye 4 aldım güzel küçük beğendim,genel,pozitif
beklediğimden daha iyi,genel,pozitif
ses kalitesi güzel konuşurkende güzel komut verebilme özelliğini seviyorum,ses_goruntu,pozitif
SAĞ KULAKLIKTAN SES GELMİYOR..TEKRAR TEKRAR BAĞLADIM AMA DÜZELMİYOR. Çıldırdımmm,genel,negatif
Gayet güzel kullanışlı ve sıkıntısız teslim aldım teşekkürler,kargo,pozitif
ürün süper  paketleme harika,genel,pozitif
Ürün güzel ama kargolama sıfır. Patpat ı hediye olarak göndermişler herhal telefon ayrı yerde pat pat ayrı yerde. Trendyol şikayetin çok kargolama ya dikkat et,kalite,negatif
Hızlı gönderim için teşekkür ederim muazzam bir ses kalitesi var Apple yetkili garanti kapsamında bilginiz olsun gönül rahatlığıyla alabilirsiniz 🙃🙃🙃,ses_goruntu,pozitif
Esime hediye aldim cok severek kullaniyor,genel,pozitif
Çok minimal küçük sesi mükemmel veriyor anc mi bu mu diye düşündüm ben ancsiz aldım ve memnun kaldım güzel gerçekten tek sıkıntısı özensiz paketleme teknolojik,ambalaj,negatif
Windows 11 kurulu şekilde gelmedi ayrıca görüntü kalitesi ciddi anlamda kötü iade edeceğim,ses_goruntu,negatif
ürün gayet güzel ve kullanışlı severek kullanıyorum,genel,pozitif
yüksek ses bekleyen almasın boşuna. ayrıca kula içine tam yerleşmiyor.,ses_goruntu,negatif
Hızlı ve sorunsuz teslim aldım teşekkür ederim,kargo,pozitif
Yeni kullanmaya başladım şuanlık bir sıkıntısı yok sorun yaşamadım kullandıkça güncelliycem,genel,negatif
Ürün beğendim orjinalliğini kontrol ettim yorumuma ekleme yapıyorum kullanmaya başladım ses kalitesini beğenmedim müzik dinlerlen boğuk boğuk geliyor ayrıca tel,ses_goruntu,negatif
Ürün güzel de içinde kulakşık şarz cihazı yok bunları satın aldımı fiyat avantajı nerde,fiyat,negatif
Sorunsuz ulaştı,genel,pozitif
Çok uygun fiyata yakaladım çok teşekkürler hızlı bir şekilde geldi. Apple kalitesi gayet güzel memnunum.,genel,pozitif
6saat  kullandim 100de 40a geldi şarz mükemmel  agry yok biraz konuşmada ses gönderince biraz diş görinti kapatmaz ama harika,ses_goruntu,pozitif
Alalı 3 ay oldu kullanıp yorum yapmak istedim başlarda şarjı çok iyi günlerce giderken suan 5 saatte şarjı bitiyor aldığımdan beri telefonda konuşurken sesim ka,ses_goruntu,negatif
Yavaş teslimat,kargo,negatif
"Merhaba sizden almış olduğum cihazımın üst ön kısmında ekran ile kasa arasında gün ışığında ve fenerle de gözle görülür derecede bir boşluk, açıklık mevcut eski",kalite,negatif
Guzel ama disari ses veriyor bu kotu bence,ses_goruntu,negatif
1 yıldız bile hak etmiyor mecburiyetten onu da verdim hayatım da aldığım en dandik en kötü ürün ürünün kusurlu olmasına rağmen iade veya değişim almadılar yazık,genel,negatif
Fiyat performans çok bir şey beklemeyin günlük kullanım için ideal,fiyat,notr
Çok güzel iPhone kalitesiyle,kalite,pozitif
Telefon görüşmesinde de müzik dinlerkende gayet iyi fiyatını hak ediyor mu bence etmiyor zamlanmadan alayım dedim kutudan hiç bir şey çıkmıyor bilginiz olsun,ses_goruntu,pozitif
Bi süredir kullanılıyorum ama donuyor ekranı çok geç açılıyor,genel,negatif
Sorunsuz geldi beğendim,genel,pozitif
Öncelikle original olarak satılan ürünü 22 kasımda satın aldım garanti süresi 06.2024 de doluyor olarak görünüyor garanti süresini bir kenara bıraktım şarj ediy,batarya,notr
Oğluma doğum günü hediyesi aldım çok mutlu elinden hiç düşürmüyor satıcı çok güzel kargolamış sorunsuz geldi teşekkür ederim,genel,pozitif
"ben ofis ve okul için aldım, özellikle şarjı çok iyi gidiyor",batarya,pozitif
çok kullanışlı ve hafif ben kpss için aldım işimi görüyor şuanlık...,genel,notr
Benim motorolo 33 10 daha iyiydi,genel,pozitif
Elime sorunsuz ulaştı kargo hızlı teşekkürler Trendyol,kargo,pozitif
Ürün güzel kargolanmıştı fakat bataryası ölü geldi. Bunları kontrol etmeden gönderiyorsunuz sonra insanlar uğraşıyor sizin emeğinizede alan kişiyede yazık.,ambalaj,pozitif
çok beğendim fp ürünü,genel,pozitif
Ürün elime ulaştı kargolama özensiz öyle bir kutu içerisine konulmuş içinde de irsaliye var oda yırtık bu nasıl bir dikkatsizliktir az bir miktar değil verdiğim,ambalaj,negatif
"yanlış ürün gönderildi, şarj aleti de orjinal gibi durmuyor emin değilim...",batarya,negatif
Çok güzel bir ürün hemde çok uygun paketleme güzeldi hayırlı olsun hanemize,ambalaj,pozitif
Samsung kalitesine  yakışmayan bir cihaz  ucuz diye almayın aynı paraya Xiaomi redmi note serisi bir telefon tercih edin,kalite,negatif
Şarj kablosundan düşürdüm bir yıldızı nasıl şarj kablosunu göndermediniz ki yanlış ikisi de yanlış typc orjinal şarjını gönderin ya yada bu soruna çözüm bulun,batarya,negatif
Kuponla güzel bi fiyata aldım orjinal begendim,genel,pozitif
Tek kelimeyle mükemmel kargo çok hızlı teslimat paketleme süper teşekkürler emeği geçenlere gönül rahatlığıyla spariş verebilirsiniz ben kendime aldı geçen yıl,ambalaj,pozitif
Faturamı ve garanti belgesini göndermediler burdan alacağınıza gidin mediamarktan alın,genel,notr
"üründen hiç memnun kalmadım.alali 1 ay oldu,konuşurken karşıdan gelen ses iyi,fakat benim sesimi çok az geliyor diyorlar.magduriyetimin giderilmesini istoyorum",ses_goruntu,pozitif
"Kargo hızlıydı, paketleme daha iyi olabilir. Garanti başlama tarihinde sıkıntı yaşamadım. Sesi, mikrofonu ve şarj süresi gayet iyi fakat kutusunun şarjı hızlı b",ambalaj,pozitif
Ürün sorunsuz bir şekilde teslim edildi.Mağazalara göre fiyatı uygun,kargo,pozitif
Arkadas gönül rahatlığıyla alabilirsiniz sorunsuz geldi kargo cok hızlı oldu perşembe gece verdim c. Tesi öglen elime ulastı sadece kargo paketi özenilmemişti,genel,pozitif
Ürün guzel paketlenmiş bir sekilde elime ulaştı  tunun içinden Salatalık değil.  samsung A24  128 gb. 4 Ram Açıklaması. Fatura Çıkmadı içinden. Elektronik fatur,genel,negatif
"ses kalitesi sık sık boğuklaşıyor, bağlantıyı kesip bekleyip tekrar bağlanınca düzeliyor gibi. idare eder abartmaya hiç gerek olmayan bi kulaklık",ses_goruntu,negatif
Faturası yok içinde,genel,negatif
Şarjı çabuk bitiyor onun dışında şimdlik güzel,genel,pozitif
Ürün beklediğimden çok daha güzel geldi paketlemesi de çok iyiydi fiyatı da şimdiki bilgisayarlara göre çok uygun...,ambalaj,pozitif
Orjinal ürün oğluma hediye aldım daha kendime de almıştım çok beğendim,genel,pozitif
SAKIN BURDAN ALMAYIN YEMİN EDİYORUM SEYYAR SATICIDAN 2. EL ALSAYDIM DAHAÇABUK İLGİLENİRLERDİ. 2 HAFTADA BATARYASI ŞİŞTİ EKRAN YERİNDEN ÇIKTI. APPLE DESTEK OLMUY,batarya,negatif
"dikkat edin ürün sahte,almayın",genel,negatif
Çok hızlı teslimat oldu.,kargo,pozitif
Tam bir fiyat performans ürünü.Ders çalışmak ve Office programlarını kullanmak için almıştım.İşimi görecek kalitede.,genel,pozitif
kutu içerisinden şarj kablosu ve adaptör çıkmadı. ürün eksık geldı,ambalaj,negatif
keşke içine boş poşet koymak yerine daha güvenli ve sağlam gelmesini saglicak bişi koysaydiniz,kalite,negatif
Ürün güzel paketlenmiş sağlam bir şekilde geldi kaliteli bir marka sesi kalitesi oldukça güzel,ambalaj,pozitif
Gerçekten bayıldım özellikle de hemen yorum yapmak istemedim tam bir ay oldu kullanalı...,genel,pozitif
sağlam kargo ve güzel paketleme kurulumlu geldi çok begendim sadece bir tık yavaş,kargo,pozitif
fiyat performans olarak güzel bir ürün. anneme aldık şuanlık memnun,genel,pozitif
Bugün elime geçti çabuk  düzgün paketli idi şu anda kurulumunu yapıyorum satıcıya teşekkürler.,genel,notr
telefon nun sesi gelip gidiyor sistem sesleri telefonu sıfır diye almıştık,ses_goruntu,negatif
geri plandan sürekli bir cızırtı sesi var belki de bana gelen cihaz sorunludur. Fiyatı uygun olduğu için iadeyle uğraşmak istemedim.,fiyat,notr
Ürün güzel paketlenmişti sorun yok,genel,pozitif
Uzun süre Pro kullandım çok memnundum MacBook ömürlük bilgisayar ve sorunsuz teslim aldım,kargo,pozitif
Güzel beğendim,genel,pozitif
Bugün geldi bi tık yavaş ama gayet güzel saglam bi şekilde ulaştı fare içinde ayrıca teşekkür ederim,genel,pozitif
Ses kalitesi kullanımı gerçekten çok rahat kargoda sağlam geldi telefona bağlanması sorunsuz şarjı uzun süre gidiyor.,ses_goruntu,pozitif
ÇOK BAŞARILI BİR ÜRÜN KESİNLİKLE TAVSİYE EDERİM.,genel,pozitif
En kaliteli kullanışlı kulaklık herkese tavsiye ediyorum,genel,pozitif
Merhaba ürünün şarj problemi var ancak 2 şarkı dinleyebiliyorum yardımcı olur musunuz,batarya,negatif
Sorunsuz kullanıyorum paketleme çok güzeldi sorunsuz ve hızlı geldi teşekkürler 👌🏽,kargo,pozitif
Gayet güzel sesi kullanımı her şey çok şükür...,genel,pozitif
ürün güzeldi ama benim işimi tam olarak görmediği için iade etmek zorunda kaldım,genel,pozitif
yakışıklı kardeşime aldım güzel,genel,pozitif
Ürün gayet güzel ses kalitesi ve şarj durumu özellikle uygulamaları da gayet hızlı açıyor,ses_goruntu,pozitif
Telefon cok iyi bu fiyata alınabilecek en iyi telefon kesinlikle hem de samsung kalitesiyle..tek dezavantajı sarj adaptörü cıkmaması..onun dışında tavsiye edili,kalite,pozitif
Ürünü elime ulaştı çok güzel kargolama yapılmış lakin ekran karanlık bilgisayar açılıyor lakin ekran görüntüsü yok maalesef,kargo,pozitif
Çok kullanışlı iyi ki de almışım diyorum,genel,pozitif
Sol kulaklık çalışmıyor bir de şimdi servisle uğraşacağım,genel,negatif
müzik dinlemek için gayet iyi şarj süresi çok iyi ancak konuşma konuşunda karşı tarafa ses iletimi çok kötü çevre sesi iletiyor konuşan kişinin sesi bozuk şekil,batarya,pozitif
İlk defa iphone kullanıyorum kalite inanılmaz efsane bişey kargolama cok iyidi onun için ayrıca teşekkürler tek yıldız eksik vermemin nedeni şarjı çabuk bitiyor,batarya,negatif
Teslimat hızlı idi çabuk geldi kargolama sağlamdı teşekkür ederim,kalite,pozitif
Eşime aldım çok memnun kaldı paketleme iyi değildi biraz,genel,pozitif
Fiyat performans ürünü,fiyat,pozitif
Beklediğimden çok daha hızlı geldi Ayrıca ürün paketlemede mükemmeldi teşekkür ederim çok memnun kaldım herkese tavsiye ederim,kargo,pozitif
faturam gönderilmedi,genel,negatif
Markası ve uygun fiyat oluşu artısı. İnce bir laptop. Ama performans zayıf...,genel,negatif
Kurulumu kendim yaptım çok güzel zarif bir bilgisayar beğendim kargo da sağlam geldi,kargo,pozitif
bazen sesi ortada takı kalıyo  ve telefonda da acilmiyo,ses_goruntu,notr
Çok kötüyüm,genel,negatif
gayet güzel bir şekilde elimize geçti.ambalj paketi güzel di,kargo,pozitif
İçim rahat aldım almak isteyenlere tavsiye ederim özellikle e devlet üzerinden imeli sorguladım ve kayıtlı çıktı çok şükür gayette özenliydi paketlemesi😌👌,genel,pozitif
bilgisayar güzel paketli geldi kullandığımda guncellerim,genel,notr
"Arkadaşlar cidden çok güzel, rengi konusunda silver ile arasında kalmıştım ama iyi ki bu rengi seçmişim",genel,pozitif
Orjinal paketlemede çok iyi,ambalaj,pozitif
hızlı bir şekilde elime ulaştı Ürün  güzel paketleme biraz özensizdi,ambalaj,negatif
hızlı geldi fiyat performans ürünü 1 haftadır kullanıyorum ağır iş kaldırcak bir pc değil office uygulamaları için ideal youtube dan video izlerkende can sıkıcı,genel,negatif
Orijinal apple ürünü media markttan aldım satıcıya cok dikkat edin alırken . Kargo cok güzel paketlenmişti ve 1 günde geldi. Fiyatı piyasanın en uygunuydu teşek,kalite,pozitif
Görüntü kalitesi biraz düşük onun dışında sesi vs güzel günlük kullanıma uygun,genel,pozitif
Çok iyi ürün,genel,pozitif
Gönül rahatlığıyla tercih edebilirsiniz. Üründen de memnunum paketlemesinden de. Teşekkürler 🙏🏻,genel,pozitif
fiyat ve performans olarak gayet iyi orta segment oyunları kasmadan oynayabilirsiniz şarj süresi ortalama paketleme sorunsuzdu gönül rahatlığıyla alabilirsiniz,genel,pozitif
çok yavaş kesinlikle tavsiye etmiyorum,genel,negatif
sıkıntı yok sadece kutuyu açtıktan sonra garanti suresini kontrol edin,genel,notr
henüz bir süredir kullanıyorum şu anlık iyi,genel,pozitif
Aldığıma en pişman olduğum ürün resmen ya. Tamamen satıcısından kaynaklı bir durum almak isteyen gitsin mağazadan alsın. Alalı 2 ay olmadan karşıya sesi iletmem,genel,negatif
Ürün hızlı geldi memnun kaldım herkese tavsiye ediyorum,kargo,pozitif
Gönül rahatlığıyla alabilirsiniz çok beğendim çok güzel,genel,pozitif
Faturası gelmedi?,genel,notr
Sorunsuz şekilde elime ulaştı satıcıya teşekkür ederim her şey mükemmel,genel,pozitif
Çok çok güzel torunum için aldım harika spriz oldu çok beğenildi teşekkürler,genel,pozitif
görüntü kalitesi iyi. şu an stabil çalışıyor ama hafıza doldukça yavaşlamaya başladı,kalite,pozitif
Kalitesi ve fiyatı çok iyi hızlı kargo için satıcıya teşekkür ederim..,fiyat,pozitif
orjinal apple kutusu neden değil bilgi verir misiniz? böyle bir şey alana kadar yazmıyordu,kalite,negatif
Paketleme için teşekkür ediyorum.,ambalaj,pozitif
"internete bağlanma sorunu var,",genel,negatif
Ürün orijinaldir . Kendim için aldım çok güzel çok beğendim. Kargom da hızlı ve güzel paketlenmişti  teşekkürler 🙏🏻,kargo,pozitif
Ürün sağlam imei numarası kayıtlı ama çok özensiz paketlenmiş mucize ile sağlam gelmiş diyebilirim,kalite,pozitif
fiyatına göre gayet iyi,genel,pozitif
Ürün hızlı ve güvenli geldi kapalı kutuda geldi ama telefon sarılmamış halde açıkta idi normalde izole yapılması gerekiyor içinde zarar gorebilirdi sanliyimki b,ambalaj,notr
"Bana daha önce kullanılmış, kurulumu yapılmış ikinci el bilgisayar gönderdiler...",genel,negatif
Gayet güzel,genel,pozitif
Bu kargoyu bu şekil yolladağınıza inanıyorum insan bi kutuya daha koyar geldiğinde kargo poşetinin üstünde de yırtıklar vardı telefon nasıl geldi bilmiyorum uma,ambalaj,negatif
almaya değer bir ürün,genel,pozitif
Telefonu yaklaşık bir ay önce aldım ve ciddi isinma problemi var telefonda. Bu sorun tüm İphonelarda var mi yoksa bana arızalı telefon mu gönderildi bilmiyorum.,kalite,negatif
Paketleme iyiydi beğendim,ambalaj,pozitif
Ürünü orijinal diye aldım ve bozuldu şarj olmuyor Trendyol‘un derhal satıcı ile iletişim kurup bana geri dönmelerini istiyorum aksi halde hukuki yollara başvura,kalite,negatif
İlk defa iphone kullanıyorum kalite inanılmaz efsane bişey kargolama cok iyidi onun için ayrıca teşekkürler tek yıldız eksik vermemin nedeni şarjı çabuk bitiyor,kargo,pozitif
"Pil sağlığı çok hızlı bir şekilde düştü ,ara sıra şebeke sorunu yaşıyorum ve telefonla konuşurken sesim bazen gitmiyor karşı tarafın seside bazen gelmiyor",genel,negatif
ürün gayet güzel beğendim sorunsuz elime ulaştı tereddütsuz alınabilir,genel,pozitif
güzel ürün itina ile hazırlanmış güzel geldi,genel,pozitif
ürün bu şekilde çalıştığım işyerine gelmiş güvenlik teslim almış ben görünce şok oldum açmadım muhtemelen iade edicem,kargo,negatif
samsun güzel,genel,pozitif
Sorunsuz bir şekilde elime ulaştı.Çok güzel ve kullanışlı bir bilgisayar .Ders için aldığımdan şarjı bir hafta gidiyor .Almanızı tavsiye ederim,kargo,pozitif
Mükemmel ürün efsane hızlı bir kargo 10 saat icinde elimdeydi,kargo,pozitif
Ürünün içinden şarj kablosu çıkmadı !,genel,negatif
Biraz yavaş,genel,negatif
Ben okul için slayt yaparım diye aldım şuanlık iş görüyor paketleme sağlamdı,ambalaj,pozitif
Pili bitmiş 3 yıl önce garantisi bitmiş ürünü bana gönderip bu durumu belgelediğim halde 15 günlük süre geçtiğin için almayan satıcı. İsterseniz siz de alın.,genel,negatif
efsane işimi rahatlıkla görür öğrenciler için tavsiye ederim,genel,pozitif
bir süre sonra çok donma yapıyor onun dışında iyi,genel,pozitif
Daha geleli 1 hafta olmadı ses sistemi gitti bı türlüde çözülmedi ne biçim iş bu,genel,negatif
ürün bozuk geldi üzerinde çizikler vesayre şarj soket yeri arızalı geri iade ettim,kalite,negatif
Sorunsuz geldi,genel,pozitif
Oğlum için aldım çok beğendi.,genel,pozitif
çok güzel kızlarım beyendi,genel,pozitif
ÇOK MEMNUN KALDIM,genel,pozitif
Kargo çok hızlıydı 2 güne elime ulaştı. Hasarsız ve temiz bir şekilde geldi.  Çok beğendim çok zarif ve güzel bir telefon almak isteyenler tereddütsüz alsınlar,kargo,pozitif
Çok begendim ince kullanışlı kesinlikle alın kaliteli,kalite,pozitif
Telefon daha kullanmadım ama köpükle balonla bilmem neyle gönder kardeşim öyle kartona sarıp yollamışlar,genel,negatif
Ürün 2 günde elime ulaştı. Orijinal kapalı kutusunda geldi. Ses kalitesi mükemmel yalnız müzik dinlerken kısa süreli ses gidip geliyor. Elektronik arızası var .,ambalaj,pozitif
Ürünü alır almaz garantiye göndereceğim,genel,negatif
Ürünü alalı henüz 2 ay bile olmadı ama sağ kulaklık bozuldu.! Sol taraftan çok güzel ses geliyor fakat sağ kulaklık şarjı olduğu halde ses gelmiyor. İki ay da n,batarya,negatif
Araş kargo ile lütfen çalışmayın. İşine saygısı olmayan liyakatsiz disiplinsiz sorumsuz bir sirket ve çalışanları var. 1.000 km lik yolu 3 günde geliyor ama 100,batarya,negatif
Eşime hediye olarak aldım çokk beğendi .. Gerçekten muhhteşem bir telefon fiyatı da çokk uygundu..emeği geçen herrkese çokk teşekkürler ederimm HAAARİKASINIZZ🌟,fiyat,pozitif
ses kalitesi gayet iyi şarjı rahat 1 2 hafta götürüyor en son ne zaman şarja taktığımı unutuyorum bazen,ses_goruntu,pozitif
hemşirelik öğrencisiyim ben memnunum kullanışı rahat gayet iyi .,genel,pozitif
çok iyi bir bilgisayar çok memnun kaldım  alın aldırın bence,genel,pozitif
süper beğendim,genel,pozitif
çok çok beğendim almanızı tavsiye ederim❤️,genel,pozitif
Beğendim satıcının paketlemesi de iyiydi,genel,pozitif
güzel  telefon.tavsiye ederim,genel,pozitif
Göründüğü gibi 3 günde geldi,genel,notr
Arkadaşima hediye aldim cok güzel paketlemesi sağlam harika 🤩 bol kazançlar size,kalite,pozitif
Ben telefonu kamera için almıştım telefonun arka kamerası puslu hep ve canlı çekmiyor iki tane ıphone 11 yan yana getirince diğeri daha canlı ve renkli çekiyor,ses_goruntu,negatif
"ürünü çok beğendim,ses kalitesi güzel ,kargo ve paketlenmesi iyi,gönül rahatlığıyla alabilirsiniz.",kargo,pozitif
sakin almayın sürekli olarak güncelleme geliyor çok pişmanım...,genel,negatif
şarj kablosu çıkmadı garanti belgesi doldurulmamış,genel,negatif
2024’de asla alınmaz ben geçen sene aldım 8 bucuk ay oldu ve pil sağlığı 89??!?!! günde 1 kere şarj ediyorum orijinal şarj kullanıyorum şarjda oynamıyorum bu ka,kalite,negatif
Sevmedim fiyatı pahalı,fiyat,negatif
"şubat ayında aldım ,ilk başta güzeldi ama şu an donmaya başladı bile . çok kulanmıyorum da sadece arada okulla ilgili işlerde falan . :(",genel,negatif
Şimdilik bir sorun yok çok şükür,genel,pozitif
ürün arızalı geldi önermiyorum hiçbir şekildede ilgilenilmedi.,kalite,negatif
Ürün Orjinal Pakatleme özenle yapılmış Sağ salim elime ılaştı Ayrıca Sipariş Ettim 20 dk sonra Kargodan mesaj geldi hiç bu kadar hızlı kargolayan firma görmedim,kalite,pozitif
Ürün çok güzel kızıma aldım zamanında geldi paketlemeyi çok güzel yapmışlar,kargo,pozitif
Herkes sağlam diye iyi yorum yazıyor ürünü kullandım  1 ay yorum yapıyorum şimdiden kasıyor kamerası falan sıklıkla titriyor önermiyorum 1 2 bine sebep almayın,kalite,negatif
Bu kargoyu bu şekil yolladağınıza inanıyorum insan bi kutuya daha koyar geldiğinde kargo poşetinin üstünde de yırtıklar vardı telefon nasıl geldi bilmiyorum uma,kargo,negatif
hafif cızırtı var gibi umarım bozuk değildir onun dışında kargo hızlı geldi,kargo,pozitif
Çok uygun fiyata yakaladım çok teşekkürler hızlı bir şekilde geldi. Apple kalitesi gayet güzel memnunum.,kalite,pozitif
Fotoğrafta çok belli olmasa da telefonun kenar kısmında ufak bir ezilme var. İade edeceğim.,kalite,negatif
İnanılmaz iyi bir kalite dışarının sesini çok net kesiyor yalnızca son seslerde dışarıdan hafif duyuluyor müzik sesi onun dışından 10/10,kalite,pozitif
Çok iyi bu fiyata,fiyat,pozitif
Oyun oynamak ve iş yapmak istiyorsanız ikisini bir arada yapabileceğiniz bir makine kesinlikle değil,genel,notr
valla sesi gidiyor soyleyim,ses_goruntu,negatif
Herkes sağlam diye iyi yorum yazıyor ürünü kullandım  1 ay yorum yapıyorum şimdiden kasıyor kamerası falan sıklıkla titriyor önermiyorum 1 2 bine sebep almayın,genel,negatif
"Hızlı teslimat , ürün sorunsuz elime ulaştı gayet güzel paketlenmişti satıcıya teşekkür ederim 🙏 ses kalitesi vs çok iyi apple kalitesi zaten 👍👏",ambalaj,pozitif
Çok memnunuz sorunsuz,genel,pozitif
çok kasıyor hiç birsey yüklü olmamasına rağmen işlerinde trenyol için kullanılmasına rağmen şarjı yarım gün yetmiyor çok kasıyor çok ağır,genel,negatif
Hızlı teslimat özenli kargolama ve ofis işleri için iyi yalnız bilgisayar çok yavaş,genel,negatif
Ürün elime geçtikten sonra garanti süresini sorguladım. 6 ay önce başladığını gördüm. Konu ile ilgili net bir dönüş sağlanmadı. Onun dışında herhangi bir sıkınt,genel,negatif
Oğluma doğum günü hediyesi aldım çok mutlu elinden hiç düşürmüyor satıcı çok güzel kargolamış sorunsuz geldi teşekkür ederim,kargo,pozitif
Çok hızlı bir şekilde kargoya verildi hemen ulaştı çok teşekkür ederim ürün Orjinal 24 ay garantili çok teşekkür ederim,kalite,pozitif
ürünü satıyorlar ürün arızalandıktan sonra kesinlikle ilgi alaka sıfır...,genel,negatif
fiyatına göre iyi telefon.,fiyat,pozitif
"Babamın özür hediyesiydi, paketleme iyiydi ürüne zaten diyecek bir şey yok çok güzel.",genel,pozitif
kizim için aldım çok memnun,genel,pozitif
orjinal apple kutusu neden değil bilgi verir misiniz? böyle bir şey alana kadar yazmıyordu,ambalaj,negatif
Değer mi bilemedim ama ses kalitesi daha iyi,fiyat,notr
Paketleme özenliydi sorunsuz teslim edildi orjinal ürün sıkıntı yok beğendim,ambalaj,pozitif
Ürün güzel fakat aynı şehire 4 günde geldi kargo çok geç,genel,pozitif
çok beğendim fp ürünü,fiyat,notr
Kargo hızlı teslim edildi. Lakin içerisinden kulaklık çıkmadı ve sesi dışarı oldukça yansıtıyor.,kargo,pozitif
faturam gelmedi istiyorum ikidebir asistanı atıyor oradan da gelmedi bide kurumsal  firma olacaksınız,genel,notr
Ürünün garanti süresi 2 ay dolmuş görünüyor nasıl iş anlamamıyorum cidden,genel,negatif
Ürün gerçekten f/p ürünü.Bağlantısı da kolay oldu uygulaması sayesinde ses kalitesini de beğendik şarjı 4 gündür henüz bitmedi kutusu da küçük ve zarif anneme a,ses_goruntu,pozitif
kesinlikle beyaz alın,genel,notr
kaç gün geçti hala fatura bekliyorum,genel,negatif
sağlam geldi paketleme iyi şarj kablosu arızalı geldi.Ucuz sanmayın şarj adaptörü şarj kablosu 1200yl yapıyo onuda ekleyin fiyata,kalite,negatif
Cihaz kusurlu çıktı. Bataryasında sıkıntı var kutuyu açtıktan sonra bilgisayarı açtığımda ilk olarak Apple logosu çıkmadı daha sonra şarja taktığımda açıldı. Şa,batarya,negatif
Apple kaliteli tabiki tartışılmaz severek kullanıyorum:),genel,pozitif
urune bir lafim yok ancak trendyol ozensiz paketlemesi vardi urun sans eseri saglam geldi ayrica urunun garantisi 3 ay once baslamis ilettim bakalim yanit ne ol,kalite,pozitif
müthiş bu fiyata bu performans harika kendime aldım birde komşuma önerdim ona da aldık,genel,pozitif
"Kesinlikle MediaMarkttan satın almayın, sipariş tarihim 7 Kasım elime geçişi 10 Kasım ürünün kurdum garanti bitme sürem 31 Ekim yani 10 gün önceden kurulmuş gib",genel,negatif
Çok boğuk geliyor ses konuşurken karşıdaki asla duymuyor. Önermiyorum pişman oldum,ses_goruntu,negatif
ürünü aldık sık tasarım güzel ama şarj olmuyor dolduramiyor şarjı bataryadanmi şarj aletinde bilmiyorum zaten hiç kullanılmamış oğlum kullanamadı  şarj erken bi,batarya,negatif
Sorunsuz geldi eşim icin aldık cok memnun,genel,pozitif
Harika ötesi gerçekten çok beğendim ses kalitesi ve minimalliği ile tam benlik ayrıca Trendyol’a ve Vatan teşekkür ederim,ses_goruntu,pozitif
Trendyol alınan pahalı ürünlere kargo ücreti ekleyince alasım gelmiyor ama sırf diğer satıcılara göre daha güvenilir hissettirdiği için beni alıyorum. 2 telefon,fiyat,negatif
Fiyatına göre çok iyi Beğendim,genel,pozitif
Çok güzel çok beğendim ama paketlemeye daha özen göstermelisiniz,ambalaj,negatif
"Hızlı teslimat , ürün sorunsuz elime ulaştı gayet güzel paketlenmişti satıcıya teşekkür ederim 🙏 ses kalitesi vs çok iyi apple kalitesi zaten 👍👏",ses_goruntu,pozitif
Bi baskasini iadesini mi gonderdiler anlamadim bilgisayar acilmiyo,genel,negatif
Garanti süresine çok az kalmış ve pil servisi uyarısı veriyo şarja takmadan çalışmıyor bilgisayarın alt tarafındada yanık izi var 3 4 bin TL üstüne koyun gidip,kalite,negatif
Paketlenmesi özenliydi beklediğim gibi geldi 3 günde elime ulaştı,ambalaj,notr
"Mükemmel, renk güzel,kargo hızlıydı teşekkürler",genel,pozitif
"Maalesef urun elime gectiginde pil servis uyarisi veriyordu, sarj olmuyordu yani hatali urun gonderildi ve iade etmek zorunda kaldim. Almanizi onermem.",batarya,negatif
fiyatına göre gayet kaliteli ekranı yeterli kurtarıcı bir laptop pişman etmedi 🙏🏻🌸,kalite,pozitif
Arızalı ve kullanılmış geldi iade ettim...,kalite,negatif
Zarif bir bilgisayar iş görür,genel,notr
güzel iş görüyor ancak kutudan adaptör çıkmadığı için vede usb kablo başka adaptörlere uymadığı için ekstradan 545 tl ye adaptör almak durumunda kaldık değerlen,fiyat,negatif
12 gundur kargom gelmedi almayin buradan telefon magduriyet yasattilar,genel,negatif
çok iyi bir ürün şarjı çok uzun dayanıyor. tavsiye ederim.,batarya,pozitif
oğluma aldım beğendi.,genel,pozitif
Ürüm sağlam bir şekilde elime teslim edildi. İçinden adaptörü de çıkıyor. Bir aydır kullanıyorum ve hiçbir sıkıntı yok teşekkür ederim,kalite,pozitif
çok kötü çok kötü hiç tavsiye etmiyorum paranıza yazık,fiyat,negatif
Sevmedim fiyatı pahalı,genel,negatif
ürünü kulanmaya başladıktan bir iki ay sonra donma ve kasma yapmaya başladı malesef,genel,negatif
Hediye aldım durduk yere şarjı bitiyo,batarya,negatif
3 ayda bozuldu almayin,kalite,negatif
çok güzel bir ürün süper hızlı ve güler yüzlü teslim edilmiş çok mükemmel pakeleme çok teşekkür ederiz Trendyol ekspres,genel,pozitif
harika ürün herkese tavsiye ederim güzel paketleme,ambalaj,pozitif
Gayet güzel Orjinal ürün piyasaya göre fiyatı çok iyi,kalite,pozitif
Hızlı kargo. Ürüne gelecek olursak. Bas sesi baskın şarkı sözleri arkadan geliyor gibi. Kulağa güzel oturuyor bir sıkıntı olursa yazarım. İdare eder bir ürün. 3,kargo,pozitif
0 koruma geldi 00000. neyse ki saglam geldi. biraz daha para verilip farkli bir saticidan alinabilir.,kalite,pozitif
Çok yavaş çalışıyor keşke almasaydim,genel,negatif
dışarı baya ses veriyor ses kalitesi orta,ses_goruntu,negatif
Beklediğimden çok daha hızlı geldi Ayrıca ürün paketlemede mükemmeldi teşekkür ederim çok memnun kaldım herkese tavsiye ederim,genel,pozitif
ses sıkıntısı var,ses_goruntu,negatif
Şarzı  az gidio,batarya,negatif
ürün güzel zaten Apple kalitesi güzel,kalite,pozitif
çok beğendim. apple bilgisayar için son derece ekonomik ve kullanışlı bir bilgisayar...,genel,pozitif
"en uygun burdaydı, çok hızlı gönderildi baya iyi paketlenmişti. Herhangi bir sorun yaşamadım aylardır kullanıyorum. Şarjı da beklediğimden iyi gidiyor",batarya,pozitif
ben beğendim sadece YouTube ve PDFlerim için kısacası kpss çalışacaktım...,genel,pozitif
fiyatina gore mukemmel ses kalitesi herkesi tatmin etmeyebilir ama gayet iş görür,fiyat,pozitif
Ürün hiçbir şekilde şarj olmuyor kusurlu ürün gönderildi,kalite,negatif
ürünün birkaç yerinde çizik ses sistemi çok kötü,kalite,negatif
ya daha bugün aldım ama PlayStore inmiyor hiçbir şey inmiyor ne yapacağımı bilmiyorum yaa iade edilirse iade edeceğim,genel,negatif
Orijinal ürün geldi teşekkür zamanında kargo teslimatı oldu teşekkürler,kargo,pozitif
Kullandıktan sonra yorumu güncellerim şu an için güzel,genel,pozitif
bu satıcadan ürün almanızı tavsiye etmiyorum ürünlerinde sorun yaşanıyor,genel,negatif
bağlantı kopmaları yaşıyorum sürekli ama fiyatına göre çok iyi 1 ay oldu alalı hiç şarjı bitmedi,batarya,negatif
merhaba ben umut bir şey diyicem tek şikayetim biraz geç geldi tabi kars uzak fakat bilgisayarımı çok sevdim casper a trendyola ve babama teşekkür ederim,kargo,negatif
eşime aldım çok beğendi paketleme güzeldi teşekkürler almak isteyenler düşünmeden alabilir,ambalaj,pozitif
ogluma aldım cok begendı ıkı gunde elime ulastı,kargo,pozitif
Ses kalitesi kullanışlılık harika ancak bir kere yere düşürmemde hemen kulaklık çizildi sorun oluşturmuyor olmasına rağmen kullanırken dikkatli olmak gerekiyor,genel,pozitif
Ortlama 1 haftadır kullanıyorum . Son 2-3 gündür sol kulaklıkta cızırtı hissetmeye başladım . Bu konuda yardımcı olabilir misiniz ?,ses_goruntu,negatif
kesinlikle tavsiye etmiyorum Aras kargo ile çalışıyorlar ve çok sorumsuz bı kargo firimasi kargomu benden habersiz başka birine vermişler şuan çok mağdurum hiç,genel,negatif
Güzel çok beğendim ses kalitesi falan çok iyi,genel,pozitif
Fiyat zamminin yapildigi gun satin aldigim icin buyuk ihtimalle satici bana elindeki defolu urunu gonderdi. Sag kulaklik kulagindayken calmiyor sol kulaklik kut,kalite,negatif
Kaliteli ve güzel,kalite,pozitif
Samsıngun en iyi telefonu hızlı geldi,kargo,pozitif
ürün çok güzel ama kargo zamanı çok yanlış yarın gelecek dedi ondan sonraki gün gelidi ondan dahil ürün çok güzel bence alın,kargo,pozitif
şarj aleti yok,batarya,negatif
Ürün dün elime ulaştı kargolama güzeldi hızlı teslimat oldu uygun fiyatlı şimdiye kadar kullandığım en iyi kulaklık diyebilirim bas sistemi çok güzel sesi çok n,kargo,pozitif
fiyatı 18.500 dü 10 gün kadar önce. sepetimde durdu 2 saat. belirli sebeplerden dolayı hemen alamadım. tam satın alacaktım ki fiyatı bin tl yükseldi. çok zoruma,fiyat,notr
Sorunsuz ulaştı,genel,pozitif
yavaş çalışıyor ama fp ürünü,fiyat,notr
Küçük ama baya iyi bir ürün tavsiye ederim ses kalitesi mükemmel,ses_goruntu,pozitif
"ben 32kye aldım, ben aldıktan sonra fiyatının düşmesi gerçekten cok sacma...",fiyat,negatif
Ürün gayet güzel şarj süresi de çok iyi paketlenmesi de çok özenliydi bayıldım tek kelimeyle 💕,ambalaj,pozitif
apple kalitesi tartışılmaz. ürün orijinal ve özenli paketlenmişti. hızlı şekilde elime ulaştı. gönül rahatlığı ile alabilirsiniz.,ambalaj,pozitif
Hediye aldım çok beğenildi ses kalitesi çok iyi paketleme güzeldi,ambalaj,pozitif
Çok hızlı ve sorunsuz bir şekilde elime ulaştı teşekkür ederim,kargo,pozitif
donması şaşırtıyor güzel duruyor ama kullanışlı değil,genel,negatif
ürün orijinal. herhangi bir sıkıntı yok gayet güzel fakat dışarı ses veriyor alırken göz önünde bulundurun,kalite,pozitif
Satın aldığımda garantisi 1 yıl sonra bitiyor gözüküyordu apple sağolsun aradım ve hallettim,genel,negatif
Ben kulaklık değil haporlör almışım,genel,notr
Orijinal satıcı,kalite,pozitif
öncelikle satıcı ürünü çok kısa süre içerisinde kargoladı ve elime ulaştı. bilgisayar tam bir öğrenci bilgisayarı alalı birkaç hafta oldu oyun vs indirince yava,kargo,pozitif
almayın arkadaşlar satıcı ile ilgili bir problem yok sorun kulaklıkta dışarıya çok ses veriyor,genel,negatif
Arkadaşima hediye aldim cok güzel paketlemesi sağlam harika 🤩 bol kazançlar size,ambalaj,pozitif
Kardeşimin kullandığı bir ürün,genel,notr
Ocak ayında aldım 1 aydır kullanıyordum ki 15 gündür sürekli kapanıyor ve canı istediği zaman açılıyor malesef ki ucuz etin yahnisi yenmiyor !,genel,negatif
Kargolama çok kötü yani 38.binlik telefon alınıyor kutuya katıp gönderiliyor bu kadar da özensiz paketleme olamaz ya kılıfı ayrı sayfadan aldım şans eseri sağla,kargo,negatif
Alalı 5 sene oldu .Hala kullanıyorum. Bana mısın demedi.(çok fazla düşürdüm)  Çok iyi çalışıyor. tavsiye ederim.,genel,pozitif
Kız kardeşime aldım çok memnun,genel,pozitif
bilgisayar sürekli kendi kendine kapanıyor,genel,negatif
beklediğimden de iyi çıktı satıcı çok ilgi teşekkürler,genel,pozitif
Ses kalitesi güzel ama dışarıya sesi çok fazla veriyor çok düşükte bile yanındaki duyuyor ne dinlediğini kutuda bi typ c şarj kablosu olsaydı iyi olurdu :/,ses_goruntu,pozitif
Paketleme kargolama başarılıydı beğendim 👍🏼,genel,pozitif
ürün güzel zaten Apple kalitesi güzel,genel,pozitif
beğenerek aldim ses çok güzel cikiyo tavsiye ederim,genel,pozitif
Ofis kullanımı için aldık açılması 15 dk sürüyor...,genel,negatif
ürün çok güzel paketlenmiş çok zarif şık bir ürün kurulumu çok kolay oldu...,ambalaj,pozitif
"paranızı çöp etmeyin kesinlikle almayın daha alalı bir ay olmadı kendi kendine ses gidiyor geri gelmiyor, film izlerken donuyor ekran, sarji 5 dakikada bitiyor",genel,negatif
fiyat performans ses kalitesi gayet yeterli şarjıda iyi dayanıyor bu fiyata düşünmeden alınıcak ürün (ıphone telefonlarsa ses daha yüksek çıkıyor),ses_goruntu,pozitif
Ürünü nişanlıma aldım çok begendim orjinal kesinlikle tavsiye ederim,kalite,pozitif
Çok beğendim ve hızlı da geldi :) ses kalitesi de çok güzel,ses_goruntu,pozitif
"Çok kısa sürede elime ulaştı paketlemesi de iyi ürün de güzel tavsiye ederim, teşekkürler",genel,pozitif
ürün kutulaması güzel  ve kargo süresi kısaydı.,ambalaj,pozitif
Ürün elime ulaştı paketleme gerçekten çok mükemmeldi cihazı kurdum...,kargo,pozitif
Hızlı teslimat  güzel paketleme güvenerek alabilirsiniz,ambalaj,pozitif
Paketleme kargolama başarılıydı beğendim 👍🏼,ambalaj,pozitif
samsung galaksy a30 dan geçitiğim için biraz boyutu küçük geldi onun dışında iyi sorunsuzdu,genel,pozitif
Trendyol öğrenci desteğine uygun fatura göndermiyor.,fiyat,negatif
Ürünüm elime ulaştı paketlenmesi vs güzeldi herhangi bi sorun yaşamadım gayet güzel,ambalaj,pozitif
ürün son derece güzel kurulumu oldukça kolay kendiniz rahatlıkla yapabilirsiniz ses ve görüntü kalitesi de gayet güzel,ses_goruntu,pozitif
çok beğendim o kdr hafif ve güzel ki klavyesi de muhteşem,genel,pozitif
2 ay kullandıktan sonra sol kulaklık bozuldu,kalite,negatif
beklediğim den iyi çıktı ses kalitesi olsun ürün kalitesi olsun muhteşem almanizi tavsiye ederim,ses_goruntu,pozitif
"teslimat denildiği tarihte geldi, teslimat konusunda memnun kaldım telefonu da e devlet üzerinden imei sorgulama ile teyit ettim, herhangi bi yerinde çizik vs y",kargo,pozitif
naasıll memnun kaldik nasıllll bir bilsenizz sarj kablomuzda bu sekilde geldi 10 numara 5 yildız daha ne olsun bu  son olsun,genel,pozitif
"Açılmiş sonradan paketlenmiş bilgisayar gönderdiler, laptop'un üstünde çizik vardı...",kalite,negatif
"ben 32kye aldım, ben aldıktan sonra fiyatının düşmesi gerçekten cok sacma...",kargo,negatif
"Çok severek aldığım bu kulaklığı ilk başta aldığımda farketmemiştim , eşimle konuşurken eşim bana sürekli sesin ilk başlarda cızırtılı geliyor demişti aldırış e",ses_goruntu,negatif
"anneme ve kendime aldim cok memnunuz hic düşünmeden alabilirsiniz, bu pahalılıkta en güzel telefon bu",genel,pozitif
yazı yazıyosunuz 10 saniye sonra gözüküyor ekranda videolar donuyor iade edeceğim 5 yıldız üstte görünsün diye veriyorum,genel,negatif
Fiyat performans ürünü fena değil rüzgar sesini çok alıyor,fiyat,pozitif
sesi bas i kaliteli ama ses çok zayıf zor duyuyom.Luften anlayan ysrdimci olsun yoksa kuramadım mi,kalite,pozitif
iyi hos guzel ama 2 kulakligida ayni anda calistiramadim. sifirlama yaptim tekrar eslestirdim ama olmadi baska bir yolu varmi yoksa,genel,pozitif
Ürün kutusu boş geldi,ambalaj,negatif
yillardir bu kulakligi kullaniyorum sarji cok uzun sure gidiyor ve cok hizli sarj oluyor %100 memnuniyet garantili,genel,pozitif
Bu kadar paraya görmeden aldım çöm iyi çıktı tavsiye,genel,pozitif
Ürün çok iyi geldi paketleme gayet iyiydi hasarsız şekilde elime ulaştı teşekkürler,kargo,pozitif
Fatura ve garanti belgesi gelmedi rica ediyorum ilgilenin,genel,notr
Müthiş satıcı müthiş ürün gönül rahatlığıyla alın aldırın kesinlikle orijinal ses kalitesi muazzam apple farkı :),ses_goruntu,pozitif
kardeşime aldım kullanıyor bence güzel memnun şimdilik,genel,pozitif
Ürün gayet kullanışlı sadece 1 tık yavaş oda normal sağlam geldi,genel,negatif
Kargolamada sıkıntı var önemsizce yapılmış kutusu ile paketlenmiş herhangi bir önlem alınmamış hiç memnun kalmadım,ambalaj,negatif
çok güzel çok beğendim güzel çalışıyor,genel,pozitif
Ürün kullanışlı ses kalitesi çok iyi,ses_goruntu,pozitif
1 ay iyi kullandım. şimdi kutusu şarj olmuyor vs almayın iadeyle garantiyle uğraşmayın,genel,negatif
Olması gerekenden sadece 1 gün geç geldi. Onun dışında güzel bir ürün paketleme kargo sağlam şekilde elime ulaştı.,kargo,notr
saglam ulasti elime kisa surede memnun kaldim,kalite,pozitif
hocam bunun sesi çok az geliyor bi yanlışlık olmasın,ses_goruntu,negatif
sorunsuz bi şekilde geldi ve diğer yerlere göre baya uyguna aldım tavsiye ederim,genel,pozitif
Fiyat performans olarak güzel sadece bir tık yavaş gibi geldi bana,genel,negatif
38 e aldım çok düşmüş üzücü,fiyat,negatif
Çok iyi ve kullanışlı bir ürün,genel,pozitif
Eşime aldım gayet memnun,genel,pozitif
"tereddütlerım vardı akşam, sıparıs, verdım sabahında geldı kızım ıcın...",genel,pozitif
Bana bozuk kulaklik satti ve 2 kez iade ettim bana kulaklik kutusunun degil icindeki kulakliklarin degistigini ilettiler 1 puan bile degil kesinlikle 0 almayin,ambalaj,negatif
Orijinal geldi ama anlamadığım şey şu garanti kaydetmede sorun yaşadım satın aldığım tarihi kabul etmedi destekten bağlandığımda da mayıs 2025 e kadar garanti g,genel,negatif
3 ayda bozuldu almayin,genel,negatif
2020 yılında 865₺’ye almışım bedava gibi geliyor hala da kullanıyorum memnunum tavsiye de ederim,genel,pozitif
Anlayamadım dünden beri şarjda 1 gün kaldı nerdeyse ama şarjı açtığımda 95ti...,batarya,negatif
telefonu cebime atınca bağlantı kesik kesik geliyor,genel,negatif
Bayıldım çok iyi  ses kalitesi gürültü önleme özelliği tam bi fiyat performansı bi ürün kaçırmayın 🙃,fiyat,pozitif
Babam için aldım gayet kullanışlı paketlemede sağlamdı hayasız geldi,kalite,pozitif
"Ses kalitesi, kullanım rahatlığı içime sindi. Tavsiye ediyorum, tereddüt etmeden alınabilecek bir ürün.",ses_goruntu,pozitif
ürün hiçbir şekilde şarj olmuyor. servis öneriliyor yazıyor. paketlenmeden gönderilmiş sadece kendi kutusu ve trendyol kutusuna konmuş.,ambalaj,negatif
hoş ve güzel faturasız geldi,genel,pozitif
Kulaklığımın sağ tarafından ses gelmeye başladı. Ürünü apple mağazasına götürdüğümde fatura tarihinin aldığım tarihten daha erken kesildiğini gördüler ve bu yan,ses_goruntu,pozitif
Çok iyi sanki müzik kafamın içinde çalıyor mediamarkt satıcıdan aldım güzel paketlenmiş orijinal garanti vs sorun yoktu,ambalaj,pozitif
orijinal ürün ses kalitesi iyi,ses_goruntu,pozitif
Ürünü orjinal diyerek aldım ama orjinal değil. Garanti süresi 1 yıl iade edeceğim. Çok güzel çalışıyorsunuz harikasınız,kalite,negatif
gercekten kaliteli ders icin aldim gayet iyi ürün,genel,pozitif
Ses kalitesi baya iyi apple ile tam uyumlu bayıldım,ses_goruntu,pozitif
arkadaşlar ürün bozuk geri gönderdim gene bana gönderdiler...,kalite,negatif
Telefonu alalı 2 ay oldu. Birden şarj kesildi telefon şarj etmeyince garantiye gönderdim telefonumda donanımsal hata olduğunu söylediler tüm donanımsal parçalar,batarya,negatif
Tereddüt etmiştim ama şuana kadar bir sorun yok memnun kaldım,genel,pozitif
çok guzelllll şarjı günlerce bitmiyor inanılmaz kullanışlı fiyat zaten şahane. Hızlı kargo kaliteli ürün,kalite,pozitif
sipariş etimde biraz tereddüt ettim ama İyikii almışım tavsiye ediyorum hem uygun hemde sağlam şekilde elime ulaştı çok teşekkür ediyorum,fiyat,pozitif
Fiyat performans ürünü sadece ders için aldım biraz yavaş kamera açılmıyor diyenler de olmuş...,fiyat,notr
Sadece dizi film izleme amacıyla almıştım yavaş olduğunu düşünüyorum beklediğim performans yok,genel,negatif
Ürün çok güzel diyecek yok. 1yıldızı direkt trendyola veriyorum. Ürünü trendyoldan ve trendyol satıcısından satın aldım. Aldığım gün daha faturam çıkmadan belir,genel,pozitif
çok kararsizdim ama yorumlara bakarak aldım uzay grisi rengi tam istediğim gibi geldi,genel,pozitif
uzay grisi sipariş ettim ancak pembe tarzında bir renk geldi ne alakaysa,genel,negatif
şarj aleti yanında gelmiyor onun haricinde ses kalitesi çok iyi tasarım olarak da çok kibar duruyor çok beğendim,genel,negatif
Beğendim bayadır kullanıyorum iş görür. Bir puanıda bir kaç saat açık kalınca arada yeniden başlatmak gerekiyor kasıyor ve görüntü gidiyor ordan kırdım.,genel,pozitif
Vasat ürün,genel,negatif
Orjinal ürün geldi gayet kullanışlı güvenerek aldım teşekkürler,kalite,pozitif
Eşim icin almıştım sorunsuz şekilde elime ulaştı piyasadan çok daha ucuza geldi herkese tavsiye ederim,kargo,pozitif
kargo sorunsuz geldi sadece Microsoft oturum açmakta sıkıntı çektim şuanda çok iyi yks için aldım ders çalışmak icin,kargo,pozitif
ses kalitesi çok iyi değil kulağa biraz zor oturuyor parasına alınırmı bilmiyorum onun dışında iyi aşırı pişman değilim.,fiyat,negatif
Çok teşekkürler ilk defa internete güvenerek aldım çok güzel öok menunum hiç problem yok,genel,pozitif
telefon bir harika çok beğendim sorunsuz elime ulaştı teşekkür ederim,kargo,pozitif
görünüşü boyutu falan bayağı iyi ancak hızıni hiç beğenmedim...,genel,negatif
Fiyatına göre gayet başarılı bir ürün. ofis işleri için çok ideal.,fiyat,pozitif
Guzel  cabuk kargo yok ama,kargo,pozitif
Hızlı teslimat  güzel paketleme güvenerek alabilirsiniz,genel,pozitif
fiyatına göre gayet kaliteli ekranı yeterli kurtarıcı bir laptop pişman etmedi 🙏🏻🌸,ses_goruntu,pozitif
Çok hızlı geldi çok beğendim cihazi teşekkürler ederim,kargo,pozitif
İnanılmaz memnunum iyi ki almışım dediğim şeylerden biri oldu. Paketleme çok güzeldi ve çok hızlı geldi. Teşekkürler Trendyol.,genel,pozitif
"Slikonlular kulağıma uymuyor, 3. Nesil de kulağımdan düşüyor. Bu modelden çok memnunum",kalite,notr
ürün çok çok hızlı ve çok güzel paketlenmiş  geldi tebrik ve teşekkür ediyorum ürünü henüz kullanmadım ama kalitesini biliyorum bu fiyata düşünmeden alın derim,genel,pozitif
teşekkürler.  herşey yolunda 6 aydır kullanıyorum,genel,pozitif
fiyat ve performans olarak gayet iyi orta segment oyunları kasmadan oynayabilirsiniz şarj süresi ortalama paketleme sorunsuzdu gönül rahatlığıyla alabilirsiniz,batarya,notr
Sıfır kutuyu ben açtığım halde kenarı çizik geldi medya market satıcıdan aldım iademin gerçekleşmesini istiyorum.,kalite,negatif
ürün bozuk geldi iade ettim kabul etmediğiniz sürece değişim istiyorum lutfen,genel,negatif
donması şaşırtıyor güzel duruyor ama kullanışlı değil,genel,pozitif
şarj aleti yanında gelmiyor onun haricinde ses kalitesi çok iyi tasarım olarak da çok kibar duruyor çok beğendim,batarya,pozitif
Harika bir ürün çok tereddüt ederek almıştım. satıcı çok hızlı ve güzel paketlemişti...,genel,pozitif
Çok yavaştı. Memnun kalmadık 1 hafta kullandık servislik oldu. Sonra başkasına satmak zorunda kaldık.,genel,negatif
Harika bayıldım sevgilime aldım,genel,pozitif
Çok güzeldi kullanımı çok iyi,genel,pozitif
Sıkıntısız geldi orjinal ürün,kargo,pozitif
2 gün içinde geldi bir sorunu yok güzel orijinal ürün sadece güzel paketlememişler bir patpata sarılsa daha iyi olurdu,ambalaj,pozitif
çok hızlı bir şekilde elime ulaştı çok memnunum,genel,pozitif
En uyguna trendyol da buldum kamerasına diyicek yok zaten mükemmel telefon tabi alabiliyosanız 13 ve üstü alın :D,ses_goruntu,pozitif
Ambalajlı olarak elime ulaşmadı onun dışında gayet güzel f/p 👌,ambalaj,negatif
ürün zaten Apple kalitesi güzel kutu da biraz ezilme var köşesinde onun haricinde fatura yoktu .,kalite,negatif
kurulumunu çok zor yaptım şu anlık iyi içiniz rahat edecekse burdan alın etmeyecekse bayiden alın siz,genel,pozitif
Ürün çok iyi geldi paketleme gayet iyiydi hasarsız şekilde elime ulaştı teşekkürler,ambalaj,pozitif
O kadar para veriyosun bir adaptör  kulaklık vermiyorlar nedenn,batarya,negatif
Çok memnunum iyikı aldım 7 aydır kullanıuorum bı problem yok,genel,pozitif
Kesinlikle almayın asla önermiyorum sipariş ettim sol kulaklık cızırtılı geldi bazı müziklerde belli oluyordu ama fazla basslı müziklerde belli olmuyordu ve sür,ses_goruntu,negatif
şimdilik güzel görünüyor teşekkürler,genel,pozitif
tam fotoğraftaki gibi geldi bana çok iyi tavsiye ediyorum,genel,pozitif
Gayet güzel ve minik. Kulak üstü kulaklıklarım çantalarıma sığmadığı için aldım. Ses kalitesi de güzel.,ses_goruntu,pozitif
Ürün günlük kullanım için iyi ama ciddi ısınma problemi var alacak arkadaşlar bunu göze alıp almalı,genel,pozitif
Tek kelimeyle mükemmel kargo çok hızlı teslimat paketleme süper teşekkürler emeği geçenlere gönül rahatlığıyla spariş verebilirsiniz ben kendime aldı geçen yıl,genel,pozitif
çok memnunum,genel,pozitif
telefon güzel ama şarj adaptörü içinde olsa daha iyi olurdu onun dışında güzel,batarya,pozitif
Harika orijinal ürün güvenerek alabilirsiniz,genel,pozitif
Yetkili satıcıdan almayı tercih ederek aldım problemsiz elime ulaştı,kargo,pozitif
memnun sağlam geldi teşekkürler herkese tavsiye ederim,genel,pozitif
bozuk bilgisayar Gönderdiler.Sıfır bilgisayar açılmıyor 4 saat oldu halâ güncelleştirme devam ediyor diyor.Sıfır bilgisayar bu nasıl olabilir .değişim istedik y,kalite,negatif
Sorunsuz ve sağlam bir şekilde geldi paketleme gayet güzeldi,kargo,pozitif
aşığımmm bilgisayarıma inanılmaz rahat,genel,pozitif
faturaya tc kimlik numarası ekleniyor mu?,genel,notr
Sorunsuz elime ulaştı beğendim telefonu ama 20. gün kapandi kendi kendine servise yolladım ve bir aydır telefonsuzum bir aydan sonra arayıp telefonun yapilamica,kargo,negatif
"mediamarkt bana bozuk urun gonderdi, kulakligin dokunmatigi calismiyor ve butun sesi disariya veriyor. mediamarkta gittim ve bir ton ugrastiktan sonra gonderdik",ses_goruntu,negatif
kaliteli ve güzel,kalite,pozitif
15 Kasım 2025 tarihinde teslim aldım fakat garanti 24 ay yerine 21 ay diyor... Firma telefonları açmıyor hoparlör cızı,ses_goruntu,negatif
"Ürünün açıklamasında aktif gürültü engelleme var olarak yazıyor ancak Apple ın kendi sitesinden de sonradan ulaştığım bilgi, bu kulaklıkta o özelliğin olmadığı",ses_goruntu,notr
Ses falan süper Apple kalitesi fakat şarj bitmiş geldi,batarya,negatif
Hasarsız mükemmel paketleme ile geldi,ambalaj,pozitif
saj cihazım gelmedi. özensiz bir paketti   hiç memnun kalmadim,genel,negatif
Şarjı hızlı bitiyor ve telefon çok ısınıyor 1 hafta sonunda telefonumda yatay ve dikey cizgiler cikti fotograflarim ve renkler hep degisti asla tavsiye etmiyoru,batarya,negatif
Ürün orjinal fakat kulaklığın sağ teki bozuldu,genel,negatif
gerçekten müthiş bir ürün. öğrenciyim ve işimi görüyor şarjı çok uzun süre gidiyor ses kalitesi beklediğimden de iyi bayıldımmm...,batarya,pozitif
Merhaba kargo hiç özenli yapılmamıştı boş bir kutunun içine konulmuştu sadece kenarlarına koruma koyulması gerekirdi ki içinde elektronik bir ürün var sarsılmam,ambalaj,notr
Ürunu begendim fakat bazen sesimin karsi tarafa boguk gittigini soylediler umarim urun disi bir durumdan kaynaklidir onun disinda bence gayet yeterli ve iyi,genel,pozitif
sordum ve ancli olduğu söylendi özelliklerde de anc olduğu yazıyor ama bana gelen ancsiz olandı.,ses_goruntu,notr
Fiyatına göre kullanışlı bir ürün.,fiyat,notr
"Erkek arkadaşıma doğum günü hediyesi olarak aldım çok beğendi, orijinal ürün tek sorun yaşadığımız kısım garanti süresini yenileyememek oldu onun için destek ha",kalite,pozitif
Ürün telefon görüşmesi sırasında sesim karşı tarafa gitmiyor hoparlörden konuşuyorum ses gidiyor hoparlörü kapatıyorum ses gitmiyor,ses_goruntu,negatif
Ürünlerin kutusu yırtık geldi kesinlikle güvenilir bir firma değil puanına göre fazla paraya burdan aldım ama tam bir pişmanlık kaç defa msj yolladım ama maales,ambalaj,negatif
Ekran kalitesi zayıf ama kullanımı güzel . Açıkça fena değil ama istediğim performans yok.,ses_goruntu,negatif
müzik dinlemek için almıştım ama ses boğuk geliyor ugyulamayi indirip duzletmeye calistim ama uygulama da çöp bir işe yaramiyor bu yuzden iadeee bununla mi ugra,ses_goruntu,negatif
Güzel paketli şekilde ulaştı hızlı teslimat teşekkürler,kargo,pozitif
evliyiz mutluyuz huzurluyuz,genel,notr
"Kargo hızlıydı, paketleme daha iyi olabilir. Garanti başlama tarihinde sıkıntı yaşamadım. Sesi, mikrofonu ve şarj süresi gayet iyi fakat kutusunun şarjı hızlı b",batarya,negatif
hızlı teslimat. sorunsuz ürün,kargo,pozitif
Çok beğendim sorunsuz teslim edildi👍🏻,kargo,pozitif
ses kalitesi baya kötü en yüksek ayarda ses seviyesi oldukça az müzik sesi falan az geliyor millet neye göre 5 yıldız falan vermiş  anlamaidm yorumlara bakarak,ses_goruntu,negatif
6 aydır kullanıyorum çok memnunum f/p ürünü,fiyat,notr
"Kargo ile fatura gelmedi, trendyolu aradığımda sorun olmayacağını söylediler ama telefonu satma halinde hoş bir durum değil. Telefon bilindiği gibi. Memnunum",kargo,negatif
Ürün güzel şekilde geldi herkes gönül rahatlığıyla alabilir.,genel,pozitif
Güzel bir telefon,genel,pozitif
Orjinalliğinden hiç şüpheniz olmasın terredüt etmiştim alırken nişanlıma doğum günü hediyesi olarak aldım  çok memnun,genel,pozitif
Ürün güzel sağlam geldi paketlemesi çok iyi kurulumu da kolay oldu sadece arada kasıyor ve biraz yavaş ama iş görür,kargo,pozitif
Ürün hızlı bir şekilde elime ulaştı.cihaz günlük işler için gayet yeterli ve kullanışlı fazla bi şey beklemek doğru olmaz.tasarımı şık ve güzel fiyat performans,fiyat,notr
ürünü iade etmek durumunda kaldım. çoğu kişi iadede sorun yaşamış... ben ürünü beğenmedim asla kullanılabilir gibi değil.,genel,negatif
hiç memnun değilim karşı tarafa ses gitmiyor,genel,negatif
Sorunsuz şekilde elimize ulaştı ayrıca telefon kılıfı hediyesi için teşekkür ederiz 🙏,genel,pozitif
siz ne biçim satıcısınız bozuk ürünü bana kakaladınız 2 günde bozuldu ürün açıldı diye kabul etmiyorsunuz böyle saçmalık mı olur yazıklar olsun,kalite,negatif
"Çok beğendim satıcı Trendyol olduğu için hiç bir sorun yaşamadım, çok hızlı bir şekilde elime ulaştı. Paketleme çok güzeldi.",kargo,pozitif
Yaklaşık 2 aydır kullanıyorum. Çok memnunum. Telefonum samsung a73 bağlantıda problem yaşamadım.,genel,pozitif
Patpata bile sarılmamış dümdüz poşete sarılmış şekilde geldi yolda 500 takla atmıştır eminim,genel,negatif
Hasarsız mükemmel paketleme ile geldi,kargo,pozitif
Hızlı gönderim için teşekkür ederim muazzam bir ses kalitesi var Apple yetkili garanti kapsamında bilginiz olsun gönül rahatlığıyla alabilirsiniz 🙃🙃🙃,genel,pozitif
Hizli cihaz,genel,pozitif
Mayis ayında aldim 5380 e memnunum günlük işleri yapıyorum...,genel,pozitif
Çok şaşkınım nasıl böyle ürün gönderirler aklım almıyor sıfır kapalı kutu pil şarj olmuyor  servis öneriliyor diyor iade yaptılar neyseki,batarya,negatif
Elime çok hızlı ulaştı gerçekten beğendim ses kalitesi de mükemmel,ses_goruntu,pozitif
ben bilgisayarı beğendim tam bir fiyat performans ürünü çok şık ince duruyor ve kolay taşınabiliyor,genel,pozitif
bataryası çabuk bitiyor,batarya,negatif
ürün iyi orijinal kesinlikle ama çiziliyor çabuk,kalite,negatif
2. nesilden sonra 4. nesile geçmek ses kalitesi açısından fark yarattı diyebilirim. günlük çok işime yarayan bir ürün. teşekkürler,ses_goruntu,pozitif
çok guzelllll şarjı günlerce bitmiyor inanılmaz kullanışlı fiyat zaten şahane. Hızlı kargo kaliteli ürün,batarya,negatif
Çok beğendim ses kalitesi de güzel,ses_goruntu,pozitif
Bozuk geldi ve servise git gel çok uğraştırdı hediye almıştım halbuki bir anlamı kalmadı,genel,negatif
paketleme ve kargo hızı mükemmel sesi az çıkıyordu fakat ayarlardan hareket kısmınd herhangi bir şey atayın ses artırmaya sesi çok iyi oluyor bilginize,ambalaj,negatif
şarj aleti yoktu içinde,batarya,negatif
Çok hızlı geldi çok memnunum,genel,pozitif
kurulumunda zorlandım dilini de henüz değiştiremedim ama basit işlevler için gayet yeterli,genel,negatif
anneme hediye aldım iyiki almışım çok güzel telefonn,genel,pozitif
Vatan bilgisayardan aldım.sorunsuz ve hızlı geldi. Gayet başarılı,kargo,pozitif
kardeşime hediye aldım çok mutlu oldu,genel,pozitif
daha çok yeni olduğu için performansına dair yorum yapamıyorum. ısınma sorunu yaşamadık paket kargo çok iyiydi hasarsızca geldi. ben Word vb. Office programları,ambalaj,pozitif
yorumlara bakarak aldim ürün sağlam geldi fakat çok geç geldi 3 gün sürdü ertesi gün falan da gelmedi paketleme de dandikti ama ürün sağlam sorun yok alabilirsi,kalite,pozitif
tedirginlikle aldım inşallah memnun kalırım.  Paketi dün açtığımızda köşe detayında küçük bir soyulmaya benzer Bi çizik tarzı bisey var. ses konusunda sıkıntı y,ses_goruntu,pozitif
fiyat performans ürünü çok güzel iş için aldım,genel,pozitif
Gayet güzel sesi kullanımı her şey çok şükür...,ses_goruntu,pozitif
Fiyat performans ürünü kasıyor donuyor idare eder,genel,notr
babama hediye olarak aldık duruşu güzel,genel,pozitif
Kargo pat pat olmadan gelmiş bu tarz bir gönderi kanımca doğru değil. Şimdilik ürün sorunsuz 7 pula dan eşleşme yaptım oldu şükür.sağlıkla huzurla bereketle uzu,kargo,pozitif
Konuşurken ses karşı tarafa sağlıklı gitmiyor ama müzik dinlemek için alıyorsanız alın,ses_goruntu,negatif
çok beğendim gayet güzel ve hızlı geldi,kargo,pozitif
Orjinal ürün hızlı ve sorunsuz teslimat teşekkür ederim,kargo,pozitif
iyi ki almışım dedim,genel,pozitif
Ürün güzel ve hızlı geldi teşekkür ediyorum,kargo,pozitif
Ürünü 22 Aralık 2024 tarihinde satıcı trendyol asatıcı olarak sipariş verdim bugün geldi kurulumunu gerçekleştirdim. Garanti süresine bakınca 30 Ocak 2026 olduğunu fark,genel,notr
malesefki çok ağır,genel,negatif
güzel ben 3aydır kullanıyorum sarjı hızlı doluyo film izlemek için kullanıyprum,genel,pozitif
dokunmadığı çok kötü bazen hiç basmıyor hatta kesinlikle tavsiye etmem,genel,negatif
Alalı 3 ay oldu kullanıp yorum yapmak istedim başlarda şarjı çok iyi günlerce giderken suan 5 saatte şarjı bitiyor aldığımdan beri telefonda konuşurken sesim ka,batarya,negatif
2 ay kullandıktan sonra sol kulaklık bozuldu,genel,negatif
telefonu aldıktan sonra gece çekimi yapma zamanım olmamıştı hiç dün çekip çekip farkettim arka flashla pul pul görüntüler var hemen dönüş sağlarmısınız,ses_goruntu,negatif
Ürünü 17 Ekim 2023 tarihinde 36.299 tl ye satın aldım. Paketli bir şekilde kısa sürede elime hasarsız olarak ulaştı. Kullanmaya başladım şuan için bir sorun yaş,ambalaj,pozitif
Sorunsuz geldii çok hoşş 🥰,kargo,pozitif
ürün cok iyi ses kalitesi iyi ama gönderilen kargocuya saygı çerçevesinde konustugum için laf etmeyecem kargo evime gelmedi aradık dediler arama yok ertesi gün,ses_goruntu,pozitif
kamerası çalışmıyo internet çok kasıyor ayrıca çok yavaş hiç beğenmedim iade ettim,genel,negatif
Güzel ama çok küçük oyuncak gibi paketlenmesi falan güzeldi sorunsuz geldi,ambalaj,pozitif
Batarya performansı çabuk düştü 100 altına,batarya,negatif
süper kalite hızlı kargo güvenilir satıcı,kalite,pozitif
sorunsuz elime ulaştı,kargo,pozitif
Kargolamada sıkıntı var önemsizce yapılmış kutusu ile paketlenmiş herhangi bir önlem alınmamış hiç memnun kalmadım,kargo,negatif
Mükemmel ürün efsane hızlı bir kargo 10 saat icinde elimdeydi,genel,pozitif
paraninin hakkını veriyor,fiyat,notr
Yaklaşık 6 aydır kullanıyorum. Ses kalitesi güzel telefonla konuşurken karşıya giden ses temiz ve güzel iletiliyor genel olarak çok memnunum ama bazı sıkıntılar,ses_goruntu,pozitif
kutu içerisinden şarj kablosu ve adaptör çıkmadı. ürün eksık geldı,batarya,negatif
kardeşime aldım beğendi.,genel,pozitif
sol kulaklığı kullanmadığım için denemelisin bugün maç seyrederken denedim çalışmıyor,genel,negatif
ürün yamuk geldi,kalite,negatif
Harika ürün ses kalitesi gürültü önleme özelliği ile tam bir performans ürün,ses_goruntu,pozitif
Kargo çok zor ulaştı kutu da ezilmişti,kargo,negatif
hızlı geldi harika...oyun için almistim ses çok sonradan geliyor...fakat muzik dinlemek için ideal...iade edeceğim.,kargo,pozitif
günlük kullanım için gayet ideal bir ürün fiyat performans ürünü diyebilirim. çok yüksek bir performans beklemeyin derim.,genel,pozitif
Ürün güzel hakkını veriyor elime ulaştı fakat yani bizler zor geçinen insanlarız yanına bir kılıf hediye olarak koysaydınız ne olurdu veyahut bir şarz başlığı,genel,pozitif
45 dakikalık telefon görüşmesinin ardından şarjı %100 den %76 ya indi şarjının bu kadar hızlı azalması hiç normal değil,ses_goruntu,negatif
3 günde geldi gayet iyi apple kalitesi 1 puanı faturasını yollamadıkları için kırdım,kargo,pozitif
Çok güzel geldi paketleme çok güzel hızlı bir şekilde elime ulaştı sorunsuz ve orijinal tavsiye ediyorum,genel,pozitif
Fiyatı aşırı yükselttiler aldım şimdi indirime girmiş 2000 tl zarara girdim şaka gibi bence orijinalde değil,kalite,negatif
Bayıldım hem kalite hem orijinallik apple şaşırtmıyor ;),kalite,pozitif
"Aldığımda garantisinin bitmesine 10 ay vardı,orijinal olduğunu düşündüğüm için ve her gün zam yediği için iade etmedim.Firmaya ulaşamadım",kalite,pozitif
kutusu hasarlı geldi iade etmeme rağmen iade talebim reddildi tavsiye etmiyorum,genel,negatif
Yani bu kadar paraya değiceğini düşünmüyorum fiyatı çok abartı kulağı acıtıyor kullanımı zor ses düzeyi yetersiz şarj kutusundan zor çıkıyor pratik değil daha u,ses_goruntu,notr
hiç begenmedim çok yavas zaten açıp kurarken anlamalıydım sayı tuşları çalışmıyo...,genel,negatif
sağlam geldi paketleme iyi şarj kablosu arızalı geldi.Ucuz sanmayın şarj adaptörü şarj kablosu 1200yl yapıyo onuda ekleyin fiyata,batarya,negatif
ürün ilk geldi ses kalitesi felan çok güzeldi ikinci gün oldu bı baktım sesi gitti çok az ses gelmeye başladı verdiğim paraya çok üzüldüm gerçekten,ses_goruntu,pozitif
Elime sorunsuz ulaştı paketlemesi de iyiydi teşekkürler,ambalaj,pozitif
Bir puanı ses kalitesinden kırdım sanki sesi çok az geliyor yüksek seste müzik dinlemek isteyenler için ekstra ses sistemi hopörlörü gerekecek tasarımı kullanım,ses_goruntu,negatif
Telefon şarj adaptörü neden yok çıkmadı kutudan,genel,negatif
telefon çok güzel kızım için aldım çok memnun☺️,genel,pozitif
everyone garantisinde sıkıntı yaşamış ama ben hiçbir şekilde sıkıntı yaşamadım...,genel,pozitif
Kesinlikle almayın asla önermiyorum sipariş ettim sol kulaklık cızırtılı geldi bazı müziklerde belli oluyordu ama fazla basslı müziklerde belli olmuyordu ve sür,kargo,notr
Kutusu küçülmüş kablo le cıkmıyor bu parayı haketmiyor bi kulaklık bu para olamaz,fiyat,negatif
Çöpün çöpü 5 para etmez,genel,negatif
Paketleme ve kargolama çok iyi  teslim çok hızlı kesinlikle bu satıcıdan alın herhangi bir sorun ile karşılaşmadığım için öneriyorum faturası  e postayla iletiy,ambalaj,pozitif
Yanlış şarj gönderilmiş beğenmedim,genel,negatif
güzel telefon görünüşünü çok beğendim,genel,pozitif
Ürün iyi güzel ama sanki biraz yavaş gibi yine de iş görür,genel,pozitif
Ürünün SIM kart yuvası açılmıyor. Arızalı ürün göndermişsiniz üstelik de teknolojik ürünler geri iade edilemez diyorsunuz. Buradaki Benim hem zaman hem para ola,kalite,negatif
"Kusurlu mal satılıyor, almayın uyarıyorum sizleri. Aynı mağduriyeti yaşamanızı istemem. Bataryası ölmüş, şarja takılmadan çalışmayan bilgisayar satıyorlar. Tren",batarya,negatif
Orjinal ürün paketlemesi de iyiydi,kalite,pozitif
Ürün geldi kaliteli duruyor anneme hediye olarak aldım umarım oda beğenir. Bir yıldızi kulaklığın birinden az ses geliyor onun için kırdım,ses_goruntu,pozitif
"Ses kalitesi mükemmel, şarj performansını kullanmaya devam ettikçe göreceğiz. Paketleme de çok iyiydi tek sorun ürün çok geç elime ulaştı. Alacaklar 1-2 güne el",ambalaj,negatif
güzel ve sorunsuz. Tavsiye ederim.,genel,pozitif
hızlı sağlam teslimat ses kalitesi güzel teşekkürler,kargo,pozitif
Biraz yavaş ama idare eder,genel,notr
Ürün en fazla dizi izlemek için kullanılır çok yavaş,genel,negatif
Şarjı çok çabuk bitiyor.,batarya,negatif
ürününüz halen donuyor nasıl gönderebilirim işlem yapılmıyor,genel,negatif
Harika bir ürün çok tereddüt ederek almıştım. satıcı çok hızlı ve güzel paketlemişti...,kargo,pozitif
Güncellenemedi kaç saattir açılamadı,genel,negatif
ürünü beğendim gayet güzel şimdilik Bi sorun yok. Fakat paketleme beni çok şaşırttı bu nasıl bir şeydir. o kadar para veriyoruz gerçekten bu şekilde mi paketley,ambalaj,notr
"Kesinlikle almayın, 19 ekim 2024 tarihinde teslim aldım cihazı, garanti bitimi 26 mart 2025 gösteriyor. Daha önce kullanılmış ürünü gönderiyorlar ve BOZUK!!! Ci",genel,negatif
Ürün güzelce paketlenmiş elime ulaştı teşekkürler ama aras kargo çok uğraştırdı,ambalaj,pozitif
şarj aleti yanında gelmiyor onun haricinde ses kalitesi çok iyi tasarım olarak da çok kibar duruyor çok beğendim,ses_goruntu,pozitif
Paketleme iyiydi beğendim,genel,pozitif
ders ve çalışma için 10 numara,genel,pozitif
Ürünün SIM kart yuvası açılmıyor. Arızalı ürün göndermişsiniz üstelik de teknolojik ürünler geri iade edilemez diyorsunuz. Buradaki Benim hem zaman hem para ola,genel,negatif
İlk defa iphone kullanıyorum kalite inanılmaz efsane bişey kargolama cok iyidi onun için ayrıca teşekkürler tek yıldız eksik vermemin nedeni şarjı çabuk bitiyor,kalite,negatif
İçim rahat aldım almak isteyenlere tavsiye ederim özellikle e devlet üzerinden imeli sorguladım ve kayıtlı çıktı çok şükür gayette özenliydi paketlemesi😌👌,ambalaj,pozitif
hayatımda gördüğüm en kötü bilgisayar şarjı çabuk bitiyor donuyor hiç Bir uygulamaya inmiyor,genel,negatif
Fiyata göre performansi iyi. Cederon yine düşünmeyin yeni nesil işlemci ve ssd hdd var. Bilgisayar ortama hızda. Casper marka iyi. Firma ürününün arkasında duru,genel,pozitif
Ürün geldi sigortası filan nasıl yapılıyor garantisi yani nerde kagıdu,genel,notr
Kızım için aldım.  Çok beğendi,genel,pozitif
Ürün elimize ulaştı fakat sağ teki arızalı. İade işlemlerini başlattık. Umarım değişimi kolay şekilde gerçekleşir. Ürünümün yenisi ile değişmesi halinde yorumu,kalite,negatif
Ben ilk defa aldım ve çok pişmanım çalıştığım için ilk kullanmadım ve fark etmedim ama çok yavaş çalışıyor ve sürekli bir sayfada takılıp kalıyor kullanışını hi,genel,negatif
ürün güzel iyi çalışıyor bir sıkıntı yok paketleme güzeldi,genel,pozitif
sağlam geldi,kalite,pozitif
ürün kutulaması güzel  ve kargo süresi kısaydı.,kargo,pozitif
Hoparlörde sıkıntı vardı geldiğinde. Çok kasıyor daha hiçbirşey yüklü olmamasına rağmen...,ses_goruntu,negatif
Güzel güzel,genel,pozitif
Kamerası bi tuhaf gözlerimi sanki başka yere bakıyormuşum gibi gösteriyor. Anlamadım. Ayrıca 24 bin tl lik ürün alıyoruz 25 krş luk haribo gönderiyorlar. Ne ger,ses_goruntu,negatif
Ürün ses olarak kalite olarak güzel ama garantisi çok erken başlamış 3 ay kaldı gözüküyodu apple destekle hallettim,kalite,pozitif
cihaz arızalı sol kulaklik yüzde 90 dan fazla şarj almıyor 5 dk sonra bitiyor temsilcilerin yanlış yonlendirmesiyle bosa geçen 1 aylik bir iade talep süreci olu,kalite,negatif
Satıcıya güvenerek alabilirsiniz uzun süredir kullanıyoruz bir sıkıntı çıkmadı kutusu gayet iyi geldi,ambalaj,pozitif
tahmin ettiğinden çok daha iyi ve hızlı geldi 2 gunde elime ulaştı güzelce  paketlenmişti kullanmaya devam edecem bir sorun olursa yorumumu guncellerim,kargo,pozitif
"..,?!?,…,,???!!",genel,notr
Ürün çok güzel Apple kalitesi Media Markt satıcısından aldım ürünüm gelince Apple destek e yazıp orijinalliğine emin oldum  ve garanti süresi bir sene gibi bir,kalite,pozitif
1 yıl dolmadan sağ kulaklık ses azaldı. Mikrofondan ses az gidiyor. Servis umarım işe yarar.,ses_goruntu,negatif
İki gün önce 37.005 yüze aldım iki gün sonra 36.990 bu kadar fiyat farkı bence olmamalı çok yanıltıcıtı,fiyat,negatif
hızlı sağlam teslimat ses kalitesi güzel teşekkürler,ses_goruntu,pozitif
güzel telefon,genel,pozitif
Ya bir ara tek kulak gitti (sol) korktum bozuldu diye çünkü yorumlarda gördüm birde önceki günü şarja takmıştım hani şarjı bitmemiştir diye düşündüm yine de 1 -,kalite,negatif
"Kesinlikle almayın, 19 ekim 2024 tarihinde teslim aldım cihazı, garanti bitimi 26 mart 2025 gösteriyor. Daha önce kullanılmış ürünü gönderiyorlar ve BOZUK!!! Ci",kalite,negatif
Seviyorum merkez. Her zamanki apple rahatlığı ❤️,genel,pozitif
Güzel fakat ürün anlamadığım şekilde çok hızlı şekilde çizildi arada sırada cızırtı geliyor,ses_goruntu,negatif
gerçekten çok iyi hem direk kapağı açar açmaz bağlanıyor hemde telefonla konuşurken sesin net gidiyor anlaşılıyor 1 puanı sadece şarjı olmadığından kırdım ama o,batarya,pozitif
tavsiye ederim bilgisayar çok güzel çalışıyor maşallah,genel,pozitif
aldığım ürünün klavyesi çalışmıyor ve çok donuyor hiç beğenmedim tavsiye etmiyorum,genel,negatif
"ürünü henüz kullanamadığım için bilmiyorum. 2 haftadır tckn eklenmiş fatura bekledim, her sorduğumda 2 3 iş günü belki daha kısa sürede faturanız ulaşacak denil",genel,notr
Çok yavaş kesinlikle almanızı tavsiye etmiyorum,genel,negatif
Bugün geldi bi tık yavaş ama gayet güzel saglam bi şekilde ulaştı fare içinde ayrıca teşekkür ederim,genel,negatif
"25 bin verdiğimiz telefonun bu şekilde özensiz paketlenmesi beni üzdü, kutunun içine atmışlar cidden çok kötü 👎🏻",ambalaj,negatif
Ürün güzel ama faturada tc kimlik no yapılmadığı icin indirimden yararlanamadin,fiyat,negatif
diğer tip kulaklıklara göre düşük bir ses kalitesi var ve kulaklıktan gelen müzik sesi çok dışarı çıkıyor,ses_goruntu,negatif
çok kullanışlı kalite çok begendim aşırı iyi,genel,pozitif
Hızlı geldi eşime anneler günü hediyesi aldım çok beğendi tşk,kargo,pozitif
Ürün çok güzel çok beğendim paketleme de güzeldi,genel,pozitif
Airpods 4 kulaklık aldım bugün geldi.. mağazanızsa made in china yazıyor gelense vietnam arkadaşlarım menşei vietnam ürünlerden dolayı problem yaşayıp iade etti,genel,negatif
Kalitesiz bi ürün kalitesiz demememin sebebi sesi sesi çok az geliyor tasarım yani iadare eder ama sesi az geldiği için kozmatiği övmenin manası yok,kalite,negatif
Harika ürün ses kalitesi gürültü önleme özelliği ile tam bir performans ürün,genel,pozitif
Sürekli fiyatıyla oynuyorlar,fiyat,negatif
şarjı 3 4 saat falan dayanıyor birazda yavaş doluyor uzun süreçte pek iyi olmaz  2 3 sekme açıkken bile çok kasıyor fiyatında altında bir performans malesef,genel,negatif
Ürün bozuk geldi iade aldılar ama pili vs bozuk geldi görmeden almayın buradan 2020 çıkışlı alıp stoğa koymuşlar garantisi de bitmek üzere  geldi,batarya,negatif
5 yıldız koydum ki ilklerde oldun ama kesinlikle alınmaz paranıza yazık sürekli donuyor sürekli sesi gidiyor sürekli ısınıyor sürekli bağlantı hatası yani gerek,ses_goruntu,negatif
Ekim ayında aldığım telefon şarjı günde 1 kere şarj etmeme ve tak çıkar yapmama rağmen şuan %96 ve durduğu yerde bile azalıyor. Bu telefonu süs olsun diye mi al,batarya,negatif
Ürün sağlam ama kutusunun hali ve hiçbir şeye sarılı olmaması trendyola güvenimi sarstı,kalite,pozitif
oyun için olmasada dersler için yeterli bir bilgisayar,genel,notr
sıfır aldığım ürün pil servis uyarısı verdi iadeyle uğraşmadım servise gönderdim.trendyol satıcısından almıştım siz siz olun bilindik yerlerden alın,genel,negatif
Günlük işlerim için dijital marketing için aldım gayet güzel satıcı da iyi,genel,pozitif
Ekran ikinci kullanımda gitti. Resmen depoda durmuş bozuk ürünü satmışsınız. Şikayet edeceğim.,kalite,negatif
çok beğendim gayet güzel ve hızlı geldi,genel,pozitif
2024’de asla alınmaz ben geçen sene aldım 8 bucuk ay oldu ve pil sağlığı 89??!?!! günde 1 kere şarj ediyorum orijinal şarj kullanıyorum şarjda oynamıyorum bu ka,batarya,negatif
çok beğendim çok memnunumçok beğendim çok memnunumçok beğendim çok memnunum,genel,pozitif
çok güzel bir ürün iyi paketlenmisti hızlı kargo,kargo,pozitif
"Çok beğendik ve memnun kaldık inceliği, rengi çok iyi",genel,pozitif
Hızlı teslimmm,kargo,pozitif
Yeni aldım çok güzel paketlenmiş herhangi bir yerinde kırık çizik vs yok gayet memnun kaldım,ambalaj,pozitif
Sıfır kutusunda çıkarıyorsun o da ne üründe çizikler var. Muhtemelen iade edilen ürünleri paketleyip satıyorlar. Trandyoldan alışveriş yapmayacağım bu son. Mevz,kalite,negatif
Güzel beğendim sağlam geldi,kalite,pozitif
Ürün bozuk yollandı apple müşteri hizmetletinden defalarca yardım almama rağmen bluetoothu görmüyor,genel,negatif
kızıma üniversitesi için aldım çok uygun fiyata ve umduğumuz dan daha iyi çıktı...,fiyat,pozitif
Bana geldiğinde hiç sarjı yoktu ürün önce açılmadı,kargo,pozitif
Ürün gayet güzel şarj süresi de çok iyi paketlenmesi de çok özenliydi bayıldım tek kelimeyle 💕,batarya,pozitif
Ürün orjinal çok hızlı geldi çok beğendim satıcıya teşekkürler,genel,pozitif
kargolama paketleme çok iyi faturasyla ulasti,kargo,pozitif
ürün ü iade etmek istiyorum az önce iletişim numarası istedim reddedildi param çöpe gitti tüketici haklarına şikayette bulunacam.,genel,negatif
kızma ve kendime aldım kullanışlı bir telfon,genel,notr
Ürün gayet güzel çalışıyor ancak şarj cihazı yok eksik geldi ve özensiz paketleme lütfen şarj cihazınızı  gönderin bu yüzden iki yıldız verdim orjinal şarj ciha,kalite,negatif
Güzel ama çok küçük oyuncak gibi paketlenmesi falan güzeldi sorunsuz geldi,genel,pozitif
macbook güzel geldi tenk yu,kargo,pozitif
"kaç defa aldım,pişmanlık. 2 ay ancak götürüyor boşa para",fiyat,negatif
"Sesi umduğum gibi değil normal çıkıyor bazen çok kısık geliyor  , şarkı dinlerken de konuşurken de daha yüksek ses kalitesi olacak şekilde yapılabilirdi , aldığ",ses_goruntu,notr
Uzun süredir almak istiyordum ve aldım harika alınmalı,genel,pozitif
Yorumlarda herkes olumlu yazmış fakat ses kalitesi çok kötü sesi yok gibi ekran dügmeside çalışmıyor baglantı kesiliyor sürekli,ses_goruntu,negatif
Ürünü çok beğendim . Sorunsuz bir şekilde elime ulaştı...,genel,pozitif
Ürün gerçekten çok iyi kullanışlı sorunsuz elime ulaştı,genel,pozitif
Şarj aleti çıkmadı içinden almayın çok kasıyor,genel,negatif
orjinal ürün hızlı teslimat ve diğer satıcılara göre uygun fiyat. insan bı hediye kılıf ekran koruyucu koyardı ama,ses_goruntu,pozitif
memnun kaldık sorunsuz geldi,genel,pozitif
naasıll memnun kaldik nasıllll bir bilsenizz sarj kablomuzda bu sekilde geldi 10 numara 5 yildız daha ne olsun bu  son olsun,batarya,pozitif
Bu kadar para vererek iyi mi yaptım bilmiyorum ama zaten ihtiyacım vardı...,genel,pozitif
kızım için aldım. Çok memnun,genel,pozitif
Arkadaşlar almayın sol kulağa oturdu ama sağa oturmadı airpods 2.nesil buna göre hem daha estetik hemde daha güzel oturuyordu kulakta artı kafa hareketleri çalı,kalite,pozitif
Aldığımda sorunsuz kullandım bir süre ama bilgisayarıma bağlanmadı o yüzden iade ettim bence direkt gidip almak daha sağlıklı,genel,negatif
Hızlı ve eksiksiz ulaştı teşekkürler,kargo,pozitif
Bilgisayar güzel kargoyla ilgili sıkıntı yaşamıştık şikayetimize dönüş yaptılar,kargo,negatif
Alalı 10 gün olmadı. Telefon inanılmaz ısınıyor. Bu normal midir? Ayrıca fatura gönderilmedi. Güvenmekle hatamı yaptım. Gerçekten çok kaygılıyım.,batarya,negatif
Umdugum gibi cikmadi urun aracta kullanamiyirum 1 dakika konusulmuyor karsi tarafa ses gitmiyor,ses_goruntu,negatif
Evet ürünüm geldi fakat ilk günden fazla ısınma oldu bu normal mi,batarya,negatif
ürün gayat güzel   kargo çok hızlı ilandaki gibi bir günde elime ulaştı paketleme gayet düzgün ve sağlamdı  tavsiye ederim,genel,pozitif
çok kötü çok kötü hiç tavsiye etmiyorum paranıza yazık,genel,negatif
Biraz deniyim dedim sesi vs güzel ama şarjı 38 den 33 e düştü hemen normal mi bilmiyorum,batarya,negatif
Ürün çok güzel teşekkür ederim hiç tereddütsüz alabilirsiniz,genel,pozitif
bilgisayar güzel ama teslim edilme süresi biraz uzun ama ürün kaliteli,kalite,pozitif
hızlı geldi,kargo,pozitif
Güzel beğendim,genel,pozitif
telefon guzel şarjı çabuk bitiyor,batarya,negatif
Ürünüm elime ulaştı paketlenmesi vs güzeldi herhangi bi sorun yaşamadım gayet güzel,kargo,pozitif
çok güzel çok beğendim,genel,pozitif
O kadar güzel kiii çok memnunumm,genel,pozitif
ben 2.nesil kullanıyordum bozuldu diye aldım ama bence onun ses kalitesi çok daha iyiydi ya da bunun ayarları yapamadım bilemiyorum,kalite,negatif
güzel bir telefon hasarsız geldi ama güzel paketlenmemiş kırılabilirdi.,ambalaj,pozitif
çok güzel ❤️❤️❤️❤️,genel,pozitif
Garanti süresine çok az kalmış ve pil servisi uyarısı veriyo şarja takmadan çalışmıyor bilgisayarın alt tarafındada yanık izi var 3 4 bin TL üstüne koyun gidip,batarya,negatif
Ürünlerin kutusu yırtık geldi kesinlikle güvenilir bir firma değil puanına göre fazla paraya burdan aldım ama tam bir pişmanlık kaç defa msj yolladım ama maales,genel,negatif
Sorunsuz bir şekilde elime ulaştı.Çok güzel ve kullanışlı bir bilgisayar .Ders için aldığımdan şarjı bir hafta gidiyor .Almanızı tavsiye ederim,genel,pozitif
Güncellenmiyor,genel,notr
ürün orjinal degil asla buna inanmayin orjinal olsa koskoca apple kutusundan pazardan alinan cakma sarj kablosu cikma olasiligini size birakiyorum tavsiye etmiy,batarya,pozitif
Anneme aldım memnunuz,genel,pozitif
2. Nesil sipariş ettim 1. Nesil yollanmış,genel,negatif
Telefonla konuşurken karşi taraf sesimin gelmediğini söylüyor onun dışında müzik dinlerken ses kalitesi ve sarji fiyatina göre gayet yerinde,batarya,notr
aşırı yavaş ve sesi asiri az cikiyor ayrica sesde arada takılmalarda oluyor.,ses_goruntu,negatif
"İlk apple bilgisayarım, piyasada 22k iken 18.5e aldım trendyol satıcısından...",fiyat,pozitif
Ürün on numara kulakta rahatız etme yok bazen takılı oldugunu unutuyosun ve sesi cok iyi tavsiye ederim,ses_goruntu,pozitif
Kutusunda çok güzel geldi ve orjinal çok teşekkürler trendyol💐,ambalaj,pozitif
Gayet hızlı geldi. Sevgilime aldım. Memnun kaldık teşekkür ederizz,genel,pozitif
Ürün çok iyi paketlenmiş ve kaliteli bir ürün. Zamanında teslimi sağlandı...,kalite,pozitif
"sevgilime aldim cok sevdi canim sevgilim gule gule kullan , paketlemesi de guzeldi saglam geldi",kalite,pozitif
"Ürün harika, paketlemesi çok iyi , satıcı çok ilgili , sadece kargo çok geç geldi onun için 4 yıldız veriyorum",kargo,negatif
"Paketlemesini beğenmedim çok sıradan gönderilmiş, ve en azından ufakta olsa bir hediye gönderilebilirdi. Bu nedenlerden ötürü puanımı düşük tuttum. Onun dışında",ambalaj,negatif
Ürünü alırken başlarda tereddüt etmiştim alsam mı almasam mı diye kararsız kalmıştım. Laptop kurulumu kendisi yapıyor Şarjı dayanaklı Paketleme kusursuz yapılmı,batarya,pozitif
harika sorunsuz ulaştı,kargo,pozitif
Bozuk geldi ve servise git gel çok uğraştırdı hediye almıştım halbuki bir anlamı kalmadı,kalite,negatif
Ürün bozuldu servis benim hatam olduğunu söylüyor kullanmadım bile kesinlikle almayın!!,genel,negatif
baya yavas.biraz daha verip daha hizli bisey alinirsa uzun yillar kullanilir.cozunurluk vs de kotu,genel,negatif
"Ürün çok kısa sürede, sapasağlam elime ulaştı teslimat hızı mükemmel.Kulaklığın ses kalitesi ve malzeme yapısı fiyatının çok üzerinde, gerçekten kaliteli hisset",ses_goruntu,pozitif
kaliteli kulaklık kullanan birisi için alt sınıf ürünü olabilir kulaklık bass zayıf tiz zayıf uzun süre taktığın zaman rahatsız da ediyor. fiyatına göre idare e,ses_goruntu,pozitif
Bu fiyatta bu bilgisayar anca ama yani beğenmedim,genel,negatif
Ya bir ara tek kulak gitti (sol) korktum bozuldu diye çünkü yorumlarda gördüm birde önceki günü şarja takmıştım hani şarjı bitmemiştir diye düşündüm yine de 1 -,batarya,negatif
Güzel paketlenmiş hızlı kargo teşekkürler,kargo,pozitif
çok çok iyifir,genel,pozitif
hızlı bir şekilde elime ulaştı Ürün  güzel paketleme biraz özensizdi,kargo,pozitif
kızıma üniversitesi için aldım çok uygun fiyata ve umduğumuz dan daha iyi çıktı...,genel,pozitif
Çok yavaş ve düşündüğünüz gibi asla değil fp ürünü altında,genel,negatif
Tek kelime ile harikaa çok güzeldi çok beğendim almanızı tavsiye ederim,genel,pozitif
"Ürünü açtım ve garantisinin dolduğunu gördüm, sıfır açılmamış bir ürünün garantisi nasıl dolmuş olabiliyor ? yazdım cevap alamadım iade ettim umarım gereği yapı",genel,negatif
Yavaş kargo,kargo,negatif
Orijinal ürün ve çok memnunum 💜😍,genel,pozitif
Çok iyi telefon tavsiye edilir,genel,pozitif
Kızıma aldım çok beğendi kalite her zaman farkettiriyor,genel,pozitif
Ürün bir günde elime ulaştı paketleme vs gayet iyiydi iki saat falan uğraştım ısınıyor normla mi bilmiyrpum ama .,kargo,pozitif
Ürün gayet iyi çok güzel geldi :),kargo,pozitif
kutu özenlidi sadece fatura yoktu e-posta atıyorlar ürün orijinal garanti,kalite,pozitif
birkaç gün önce buradan 40bin liraya aldım şimdi aynı yerde aynı telefon 39bin liraya satılıyor. amazon'da ise 38bin liraya satılıyor.,genel,notr
Paketlemesi çok güzeldi. Hiçbir zarar görmemiş. Okul için aldım. Çok güzel.,genel,pozitif
Ürünü alalı 3 ay oldu telefona bağlanmıyor bluetoothla garantiye nasıl gönderebilirim lütfen bilgi verin,genel,negatif
çok harika hakkı vermişsiniz ben çok beğendim teşekkürler,genel,pozitif
"Çok hızlı ulaşdı elime, acelem var oldugunu söyledim hemen gönderdiler sagolsun...",kargo,pozitif
"1.5 senedir kullanıyorum, 8k fiyatına aldım. ilk aldığımda gayet güzeldi, hala iş görür bir telefon ancak kamerası için öyle söyleyemeyeceğim, bir tane 50mp fot",ses_goruntu,negatif
sağlam ve uygun fiyat teşekkürler,kalite,pozitif
Tam istediğim boyutta ve hafiflikte lenovo bence çok iyi bir marka...,genel,pozitif
"casper kalitesi, görüntü, ses gayet iyi, beğendim, bundan önceki laptopumda casperdi",ses_goruntu,pozitif
Yaklaşık 6 aydır kullanıyorum. Ses kalitesi güzel telefonla konuşurken karşıya giden ses temiz ve güzel iletiliyor genel olarak çok memnunum ama bazı sıkıntılar,genel,pozitif
"hizlı ve özenli geldi , tesekkürler",kargo,pozitif
Ürün gayet iyi 3 güne elime ulaştı teşekkürler Trendyol,kargo,pozitif
"Çok kötü daha 1 ayı bitmeden kasmaya başladı, bilgisayardan ses gelmiyor ALMAYIN aldırtmayın!!!!!  çok kötü aldığıma çok pişmanım",genel,negatif
Fiyat performans,fiyat,notr
"iPhone 8 Plus, iPhone 11 ve sonrasında iPhone 13 arasında belirgin farklar olsa da,iPhone 13’te kamerada canlı renk tonları eklenmiş ve işlemci daha güçlü, anca",ses_goruntu,notr
çok özensiz sarılmıştı telefon icinden fırlamıştı hic memnun kalmadım bu arada telefonun faturasi veya garanti belgesi hic bir şekilde gelmedi gönderirseniz sev,genel,negatif
paketleme güzel kargo hızlı orjinal ürün alin aldırın tskler,kalite,pozitif
çok güzel teslimat da iyidir tavsiye ediyorum garanti belgesi vs var,genel,pozitif
Ürün güzel paketlenmiş sağlam bir şekilde geldi kaliteli bir marka sesi kalitesi oldukça güzel,genel,pozitif
Artı yönleri ses kalitesi şarjı ve tasarımı eksi yönleri kesinlikle kulaktan düşüyor yürürken bile ara ara düzeltmek gerekiyor kablosuz şarjı desteklemiyor. Tam,ses_goruntu,negatif
Paketle çok iyidi ses kalitesi de oldukça yüksek,ses_goruntu,pozitif
Teşekkür ederim çok güzel kusursuz teslim aldım apple farkı,kargo,pozitif
"Ürün sağlam bir şekilde teslim alındı teşekkür ederim maalesef kutu içeriği şarz kablosu çıkmadı, bundan gerisi güzel çok teşekkür ederim ki beğendim çok iyi iş",kalite,pozitif
Gerçekten çok güzel geldi paketlenmesi çok güzeldi güvenilebilir,ambalaj,pozitif
"6 aydır kullanıyorum, 24.000 e almıştım. Genel olaral memnunum",genel,pozitif
"Ürün güzel, kızıma aldık.. Şimdilik bir sıkıntı yok gibi",genel,pozitif
"Annem için aldık kullanımı gayet basit, kargo paketleme her şey gayet sağlamdı",kalite,pozitif
bağlantı noktasında mı sorun var emin değilim ama 2. günden sonra şarj almamaya başladı kulaklık ile kutu arasında temas sorunu var galiba maalesef iade ya,batarya,negatif
bayıldım çok güzel uzun zamandır istiyordum çok iyi paketlenmişti hiçbir hasar yoktu bütün belgeleri faturaları içindeydi kurulumu da gayet basitti öğrenciyim y,ambalaj,pozitif
Tek pişmanlığım gürültü engelliyici almamak keşke onu sipariş verseydim ama aynı özellikler var zaten kaliteli çok severek kullanıyorum,genel,negatif
sesi çok kötü birde iadeyi kabul etmediler,genel,negatif
Ürün güzel ancak sınırlı garanti 6 aylık vardı ona göre alın :),genel,pozitif
Hızlı teslim aldım ikinci alışım teki babama teki amcama memnunlar bir sorun yok şuanda teşekkürler,kargo,pozitif
cok güzel tavsiye ederim,genel,pozitif
parasina göre iyi,fiyat,pozitif
güzel ürün sorunsuzdu güzel paketlenmisti,genel,pozitif
Çok beğenerek kullanıyorum ses akisi Cok guzel👍,ses_goruntu,pozitif
kulaklıkta ses gecikmesi problemi var beklediğim kalitede değil,ses_goruntu,negatif
Çok kasıyor Öyle böyle değil yani 65 yaşın üzeri için alacaksanız efsane  ele geçmez,genel,negatif
Ürünü 17 Ekim 2023 tarihinde 36.299 tl ye satın aldım. Paketli bir şekilde kısa sürede elime hasarsız olarak ulaştı. Kullanmaya başladım şuan için bir sorun yaş,ambalaj,pozitif
Telefon güzel  hatasız iyi paketlenmiş teşekürler,ambalaj,pozitif
Ürün sorunsuz teslim edildi fakat kurulum da sorun yaşıyorum cihaz ilk kurulum da Wi-Fi bulmuyor,kargo,pozitif
Çok minimal küçük sesi mükemmel veriyor anc mi bu mu diye düşündüm ben ancsiz aldım ve memnun kaldım güzel gerçekten tek sıkıntısı özensiz paketleme teknolojik,genel,pozitif
cok kasıyor 5 ay oldu alalı cidden hiç bişeyde yuklu degil,genel,negatif
Bence çok iyi şarj süresi 30 saat kullanım süresi mükemmel,batarya,pozitif
PC kurulumunu yaptıktan sonra pil seviyesi servis gösteriyordu iade ettim geri yolladılar PC yi sıfırlayıp geri yollamam söylendi sıfırladım ve tekrar yolladım,batarya,negatif
Orjinal olduğundan çok şüpeliyim,kalite,pozitif
Ses kalitesi iyi ama mikrofonu çok çok kötü karşıdakine ses boğuk gidiyor keşke almasaydım,ses_goruntu,negatif
ben indirdimdeyken aldım gayet iyi iş görür,fiyat,pozitif
Abim için aldım elimize düzgün bir şekilde ulaştı,genel,pozitif
Eşime aldım çok beğendi Apple kalitesi tartışılmaz,kalite,notr
"Ekranda kusur vardı, çizgiler vardı",ses_goruntu,negatif
Uzun zamandır kullanıyorum ses kalitesinden memnunum,ses_goruntu,pozitif
fiyat performans olarak gayet iyi tam öğrenci bilgisayari,genel,pozitif
16 GB Ram Windows tan 8 GB RAM mac e geçiş yaptım. Oyun için almadım. Cihaz beni çok tatmin etmedi.,genel,negatif
ipone 11 e uyum sağlamıyor almak isteyenler kimse beni uyarmadı mağdur oldum siz almayın sakın,genel,negatif
harika ürün herkese tavsiye ederim güzel paketleme,genel,pozitif
güzel telefon ucuz da yani ayrıca kamerası çok güzel çekiyor. fazla para verip başka  telefon almaya gerek yok yani. gerçi bizde fazla parada yok zaten o da far,fiyat,pozitif
Ürün tabiki orjinal sesi bası fevkalade mikrofon konusunda da çok başarılı bazıları linçlemişti mikrofonu iyi değil diye ama öyle bir sorun yaşamadım düşünmeden,ses_goruntu,negatif
Xiaomi sipariş etmiştim redmi göndermişsiniz,genel,negatif
EŞİM VE KENDİME ALDIM ÇOK GÜZELDİ PAKETLEME ORJİNAL ÜRÜN BEĞENDİK,kalite,pozitif
çok guzelllll şarjı günlerce bitmiyor inanılmaz kullanışlı fiyat zaten şahane. Hızlı kargo kaliteli ürün,kargo,pozitif
Gerçekten çok kullanışlı tasarımına falan bayıldım,genel,pozitif
ürün 1 ayı geçmeden bozuldu sol tarafı iade oluşturamıyorum kardeşim almıştı mavisini hiç sorun yaşamadı benimki neden böyle oldu anlamadım birden sol taraf çal,kalite,negatif
Orijinal ürün ve çok memnunum 💜😍,kalite,pozitif
Çok beğendim Apple kalitesi,kalite,pozitif
ürün bir günde geldi ve bu fiyata alınabilecek en güzel apple kulaklık öneririm satıcıya da teşekkür ederim,fiyat,pozitif
aylardır kullanıyorum şarjı hızlı dolup yavaş bitiyor bilişimci kadar bilemem özelliklerini ama öğrenciler için birebirr,batarya,pozitif
paketleme güzel değildi. üzerinde kırılır ibaresi bile yoktu.,ambalaj,negatif
Aşırı yavaş bir sayfadan başka bir sayfaya asla girmiyorsunuz sakın ama sakın almayın !,genel,negatif
sipariş etimde biraz tereddüt ettim ama İyikii almışım tavsiye ediyorum hem uygun hemde sağlam şekilde elime ulaştı çok teşekkür ediyorum,kargo,pozitif
paketleme hic guzel degildi ama telefon guzel begedim,ambalaj,negatif
Çok şaşkınım nasıl böyle ürün gönderirler aklım almıyor sıfır kapalı kutu pil şarj olmuyor  servis öneriliyor diyor iade yaptılar neyseki,ambalaj,notr
Güzel ürün beğendim,genel,pozitif
Ürün gayet kullanışlı sadece 1 tık yavaş oda normal sağlam geldi,genel,pozitif
Aldıktan 3 ay sonra sesi çıkmamaya başladı ara ara kasmaya başladı,genel,negatif
yavaş çalışıyor ama fp ürünü,genel,negatif
Ürünü sevdim yalnız kulağıma olmuyor. Çok büyükler eğer kulak delikleriniz küçükse kesinlikle almayın pro versiyonunu tercih edin. Hareket edince düşecek gibi o,genel,negatif
tedirginlikle aldım inşallah memnun kalırım.  Paketi dün açtığımızda köşe detayında küçük bir soyulmaya benzer Bi çizik tarzı bisey var. ses konusunda sıkıntı y,genel,pozitif
1 yıl geçmeden birinden ses gelmiyor. Bozuldu.,ses_goruntu,negatif
Alalı 2 hafta oldu.Şimdilik memnunum.Kullanımı kolay.Korunaklı bir şekilde geldi.Şarjı fulltime kullanmıyorsanız epey uzun süre gidiyor.Isınmıyor ve ses yapmıyo,ses_goruntu,pozitif
çok isiniyor. kardeşimle beraber aldık ve onun şarj kablosu da bozuk cikti. sıfır ürün bu şekilde olmamali.servise gönderdik ısınma ile ilgili bir çözüm yok kab,genel,negatif
bu fiyata cok bi performans beklemeyin tabii ama ders ve dizi icin super,genel,pozitif
diski biraz düşük,genel,negatif
Ürün çok hızlı geldi bunun için teşekkürler. Ürünü 5 ekimde aldım kullanamadım hala. Sağ tarafta sorun var bu gün apple desteğe gittim yeni verdiler kulaklığımı,kargo,pozitif
ses kalitesi dışarıya yansıyan ses kalitesi güzel iyi fakat telefonla konuşma sırasında karşı tarafa ses iyi gitmiyor anlaşılmıyor giden ses,ses_goruntu,negatif
Yorumumu tekrar güncelemek zorunda kaldım çünkü laptopun ses seviyesi hiç iyi değil video izliyorsun ses kısık şarkı dinliyorsun ses kısık,ses_goruntu,negatif
Fiyata göre performansi iyi. Cederon yine düşünmeyin yeni nesil işlemci ve ssd hdd var. Bilgisayar ortama hızda. Casper marka iyi. Firma ürününün arkasında duru,fiyat,pozitif
ürünün ses kalitesi çok güzel gerçekten dışarıyla bağlantını kesiyor çok memnundum şarjı da çook uzun gidiyor ama alalı daha 3 ay olmadan sol kulaklık hiçbir se,genel,pozitif
Ürün güzelce paketlenmiş elime ulaştı teşekkürler ama aras kargo çok uğraştırdı,genel,pozitif
telefonda sorun yok fakat orjinal kablo şarj etmiyor bozuk çıktı kurulum yapılmış telefonun hepsini gönder diyor Teknosa sadece kablo bozuk her şey neden değişs,kalite,negatif
güzel sevdim,genel,pozitif
Paketlemesi çok kötüydü telefon kutusuyla başka bi kutuya koyup göndermişler en azindan bi patpata sarılması lazımdı hasar almaması için,kalite,negatif
Beklediğimden daha iyi eski Laptopda benim aynı markaydı bozulunca acil laptop ihtiyacım oldu...,genel,pozitif
Ürün güzel şarjı çok tutuyor. Hızlı şarj oluyor. Ama kulaktan düşüyor çok değil ama yinede düşündürür.,batarya,pozitif
Telefonu alalı bir yıl yeni doldu fakat pil seviyesi aldığım ilk aydan itibaren düşmeye başladı ve Şuan %85 yalnızca kendi şarj adaptörü mlr şarj ettim özen gös,batarya,negatif
memunun kaldım almanızı tavsiye ederim,genel,pozitif
çok kullanışlı bir telefon,genel,notr
sağlam geldi paketleme iyi şarj kablosu arızalı geldi.Ucuz sanmayın şarj adaptörü şarj kablosu 1200yl yapıyo onuda ekleyin fiyata,ambalaj,pozitif
bilgisayari bir iki aydır kullanıyorum problem yok fp memnunum,genel,pozitif
ürün çok güzel kaliteli harika bişey çok tşk ederim paketleme ve ürün içinde,genel,pozitif
batarya bozuk geldi üründe sorun yoktu servis uyarısı verdi geri iade talebi oluşturdum.,batarya,negatif
öncelikle satıcı ürünü çok kısa süre içerisinde kargoladı ve elime ulaştı. bilgisayar tam bir öğrenci bilgisayarı alalı birkaç hafta oldu oyun vs indirince yava,genel,pozitif
Bana bozuk kulaklik satti ve 2 kez iade ettim bana kulaklik kutusunun degil icindeki kulakliklarin degistigini ilettiler 1 puan bile degil kesinlikle 0 almayin,kalite,negatif
Tek kelimeyle mükemmel kargo çok hızlı teslimat paketleme süper teşekkürler emeği geçenlere gönül rahatlığıyla spariş verebilirsiniz ben kendime aldı geçen yıl,kargo,pozitif
Alalı 2 hafta oldu.Şimdilik memnunum.Kullanımı kolay.Korunaklı bir şekilde geldi.Şarjı fulltime kullanmıyorsanız epey uzun süre gidiyor.Isınmıyor ve ses yapmıyo,genel,pozitif
"Ürünün seri numarasını kontrol ettirdiğimde orijinal çıktı. Hızlı teslimat, güzel paketleme emeğinize sağlık",kargo,pozitif
sorunsuz geldi telefon ama sarj aletinin kafa Kısmı cikmadi o yüzden puan kiriyorum,batarya,negatif
Ürün gayet kullanışlı sadece 1 tık yavaş oda normal sağlam geldi,kargo,pozitif
Gayet sağlam ve çabuk ulaştı elime. Çok memnunum,genel,pozitif
kutunun içinden şarj adaptörü çıkmadi neden,genel,negatif
En uygun buradaydi. Ancak garanti tarihi eylülde almama ragmen...,fiyat,pozitif
"Maalesef urun elime gectiginde pil servis uyarisi veriyordu, sarj olmuyordu yani hatali urun gonderildi ve iade etmek zorunda kaldim. Almanizi onermem.",genel,negatif
Hediye aldım çok beğenildi ses kalitesi çok iyi paketleme güzeldi,ses_goruntu,pozitif
Çok hızlı geldi çok memnunum,kargo,pozitif
Kızım için aldım çok beğendi teşekkürler,genel,pozitif
tam bir performans ürünü bir telefondan beklenilen her şeyi karşılıyor. hızı çok iyi.,genel,pozitif
sevgilimin kulaklığı bozulmuştu ona aldım çok memnun paketlemesi falan da cok guzeldi,genel,pozitif
"tek sıkıntı garanti süremi erkenden başlatmışlar, onun dışında sağlam geldi",genel,negatif
Aldığıma pişmanım bas yok!   3 yıl önce satın aldığım Qcy T 17 marka kullanıyordum kaybolunca bunu satın aldım ama?,ses_goruntu,negatif
Küçük ama baya iyi bir ürün tavsiye ederim ses kalitesi mükemmel,genel,pozitif
ben çok beğendim ilk bilgisayarım alabilirsiniz,genel,pozitif
5 mayıstan beni kulanıyorum hiçbir sorun yaşamadım şimdiye kadar tavsiye ederim  çok iyi bence 😊😊,genel,pozitif
Nasıl 2. Nesil anlamadim sarji cabuk bitior 2-3 yil once aldigim powaray cakma kullaklik hala daha uzun sure gidior sarji okadar video izleyip dinliom bundan ca,ses_goruntu,pozitif
Kargo çok geç geldi.,kargo,negatif
yani 6000 TL verdiğim kulaklık kulağımda durmuyor düşüyor saçma sapan bir tasarım ama işte aldık,fiyat,notr
ürün güzel fakat ben alırken banka tarafından sorun yaşadım ve bunu fırsat bilip indirimli fiyatını yükseltip ben aldıktan sonra anında geri düşürmeniz gerçekte,fiyat,negatif
çok güzel paketleme çok iyiydi.,ambalaj,pozitif
"Babamın özür hediyesiydi, paketleme iyiydi ürüne zaten diyecek bir şey yok çok güzel.",ambalaj,pozitif
Kalitesiz bi ürün kalitesiz demememin sebebi sesi sesi çok az geliyor tasarım yani iadare eder ama sesi az geldiği için kozmatiği övmenin manası yok,ses_goruntu,negatif
Ürün kutusunun şarjı çok çabuk bitiyor ilk fark ettiğimde hijyen sebebiyle alınmadı teknosa 👎🏻,batarya,negatif
Telefon görüşmesinde de müzik dinlerkende gayet iyi fiyatını hak ediyor mu bence etmiyor zamlanmadan alayım dedim kutudan hiç bir şey çıkmıyor bilginiz olsun,fiyat,pozitif
Bu ürün halen çok güncel ve fiyatı çok iyi. Appleın en stabil iPhone'u,fiyat,pozitif
"Kadikoy icinden elimize ulasmasi bes gun surdu, gec kargolandi.",kargo,negatif
sesi bas i kaliteli ama ses çok zayıf zor duyuyom.Luften anlayan ysrdimci olsun yoksa kuramadım mi,ses_goruntu,pozitif
Çok teşekkürler çok beğendim çok memnun kaldım,genel,pozitif
Çok hızlı bir şekilde kargoya verildi hemen ulaştı çok teşekkür ederim ürün Orjinal 24 ay garantili çok teşekkür ederim,kargo,pozitif
Ürün iyi bir sorun yok şarjı biraz bitiyor ama en büyük sorun garantisi ben almadan önce başlamış Apple yardım destekle düzelttik alan herkesin mutlaka kontrol,genel,pozitif
Çok iyi paketleme kargolama her şey,kargo,pozitif
berbst kağnı,genel,negatif
Gayet güvenilir ve uygun fiyatlı aldım 10 aydır kullanıyorum teşekkürler,genel,pozitif
Herkes sağlam diye iyi yorum yazıyor ürünü kullandım  1 ay yorum yapıyorum şimdiden kasıyor kamerası falan sıklıkla titriyor önermiyorum 1 2 bine sebep almayın,ses_goruntu,negatif
"Açılmiş sonradan paketlenmiş bilgisayar gönderdiler, laptop'un üstünde çizik vardı...",ambalaj,negatif
Ürün güzel fakat yeni olmasına rağmen fazla kullanmama rağmen şarjzı çabuk bitiyor,batarya,negatif
ilk açılırken falan çok kasıyor geç açılıyor ama kullanılabilir,genel,negatif
sıfır ürün diye pili değiştirilmiş tamir görmüş yenilenmiş telefonu göndermişler. (telefonu detaylı inceleyince kendisi gösteriyor zaten. süper zeki olmaya gere,kalite,negatif
telefonum sarjda ve kullanirken cok isiniyor 6 ay oldu ve pil sağlığım  95,batarya,negatif
Ürün hızlı bir şekilde elime ulaştı.cihaz günlük işler için gayet yeterli ve kullanışlı fazla bi şey beklemek doğru olmaz.tasarımı şık ve güzel fiyat performans,kargo,pozitif
İlk açtığımda  çok beğendim ama  ne yazık ki şarj kablosunu  koymamışlar,genel,pozitif
Çok iyi paketlenmiş elime sağlam ulaştı erken teslim almanızı tavsiye ederim,kargo,pozitif
İlk başta almak istemedim orijinal ürün gelmez diye ama gönül rahatlıkla alabilirsiniz. Orijinal ve paketleme güzel. Teşekkürler,genel,pozitif
Aralık 2024 de aldığımda 4.445 tl fiyatındaydı neredeyse bir yıl olacak kullanışlı tabiiki ama kulağa iyi bir şekilde yerleşmiyor sürekli bir düşecek endişesi o,fiyat,pozitif
Şarjımın bitmemesie rağmen bağlanmıyor yardımcı olur musunuz,batarya,negatif
Fiyat performans olarak güzel sadece bir tık yavaş gibi geldi bana,fiyat,notr
ürün geç geldi ama sorunsuz güzel,kargo,negatif
"Kardeşim 2 yıldır kullanıyor, memnun.",genel,pozitif
aldım ama hâlâ doğru düzgün kullanmadım sanki yavaş çalışıyor açıkçası keşke mağazasından alsaydım diyorum kurulumunu yanlış yapmışta olabilirim,genel,negatif
Orijinalliği konusunda emin olamadım tam olarak,kalite,pozitif
Kamerası bi tuhaf gözlerimi sanki başka yere bakıyormuşum gibi gösteriyor. Anlamadım. Ayrıca 24 bin tl lik ürün alıyoruz 25 krş luk haribo gönderiyorlar. Ne ger,fiyat,negatif
Daha önce trendyoldan telefon almıştım memnun kaldığım için tekrar sipariş verdim fakat bu sefer ürün kusurlu geldi iade eder etmez para iadesi yapıldı çözüm hı,genel,negatif
Güzel büyük kolaylık ve kablolu kulaklıktan sonra ses kalitesi muazzam ama sanki hızlı şarjı bitiyor,batarya,negatif
Sorunsuz elime ulaştı eşime hediye aldım şarjı güzel gidiyor,batarya,pozitif
çok kullanışlı kalite çok begendim aşırı iyi,kalite,pozitif
2 yıl önce 35 e almış olmam,genel,notr
Bana pili bozuk ürün gonderdi TRENDYOL saticisi ve degisim/iade talebimi reddedip teknik serviste kendi basimim caresine bakmam soylendi.,genel,negatif
ürün kusurlu geldi ses kalitesi çok kötü. iade etmek istiyorum fakat ambalajı açıldığı için iadesi olmuyormuş. ikinci el durumuna düşüyormuş. açmadan ses kalite,kalite,negatif
"Harika ürün, kargo beklediğimden 1-2 gün geç geldi",kargo,negatif
Alalı 1ay oldu ama kulaklığımın 1tanesı şuanda çalışmıyor maalesef,genel,negatif
süper iphoneden şaşmam asla,genel,pozitif
Ürün sorunsuz teslim edildi fakat kurulum da sorun yaşıyorum cihaz ilk kurulum da Wi-Fi bulmuyor,genel,negatif
Ürün güzel ve hızlı geldi teşekkür ediyorum,genel,pozitif
Kargo gayet hızlıydı paketleme de iyiydi.Cok ağır bilgisayar işleriyle uğraşmayacağım için ideal.Satıcıya teşekkür ederim.:),genel,pozitif
Ürünün faturası gelmedi ayrı yollamışsınız kargo bedelini bize yansıtmışsınız 189₺ çok saçma ürünü teslim alıyorsunuz faturası sonradan tarafınıza ücretli geliy,kargo,negatif
Gönderilen kablo bozuk çıkıyor ve arkasında durmuyorlar kesinlikle almayın 200 300 fazla verin başka yerden Alın,batarya,negatif
Kesinlikle tavsiye etmiyorum bilgisayarı kurarken hafıza doldu şarjdayken olan şarjıda bitti şuan garantiye gitti ürün şarj 5 dkka bile dayanmıyor,batarya,negatif
ürün sarz olmuyor sadece fiste iken çalışıyor,batarya,negatif
üründe sorun var sesi boğuk derinden geliyor üstüne birde kulaklıklarda cızırtı var ben yalın temiz bir ses beklerken derinden geliyor sanki uzaktan geliyor hem,ses_goruntu,negatif
Fiyat performans,fiyat,pozitif
teşekkür ederim gayet memnunum çok beğendim,genel,pozitif
elime sapa sağlam geldi paketleme çok özenliydi teşekkür ederim.,ambalaj,pozitif
Çok hafif inanılmaz. Teşekkürler Trendyol,genel,pozitif
ürün kargo hızı mükemmel onun dışında aşırı donuyor kurulumu daha yapamadım...,kargo,pozitif
Alalı 3 yıldan daha fazla oldu ama haalen mis gibi çalışıyor,genel,pozitif
kutum açık geldi bu nasıl rezillik böyle,ambalaj,negatif
Ürün sorunsuz geldi. Ve orjinal.,kalite,pozitif
Bilgisayar güzel ama mause hediye denildi gelmedi,genel,negatif
Severek kullanıyoruz 👌🏼,genel,pozitif
sipariş etimde biraz tereddüt ettim ama İyikii almışım tavsiye ediyorum hem uygun hemde sağlam şekilde elime ulaştı çok teşekkür ediyorum,kalite,pozitif
1 ay kullanım tecrübemden sonra yazıyorum çok memnunum,genel,pozitif
"Üründe batarya sorunu vardı, ilgili satıcı ile iletişime geçtim ve iade aldılar. Teşekkür ederim",genel,pozitif
ürün iyi ama ekran görüntüsü almak sor,ses_goruntu,pozitif
kesinlikle uzak durun almayın aldırmayın aynı anda iki işlemi birden yapamıyorsunuz...,genel,negatif
Kulaklık ilk bağlandığında ve ara ara hışırtı ses çıkarıyor. Daha çok sinyal sesi gibi. Onun dışında güzel kulaklık.,ses_goruntu,pozitif
hiç memnun değilim karşı tarafa ses gitmiyor,ses_goruntu,negatif
Ürün çok geç teslim edildi. üstelik hicbirsekilde sabitlenmemisti kutunun içinde sallana sallana gelmiş. Bu günlerde trendyol saticisindan aldığım her şeyde sor,kargo,negatif
Yaklaşık 20 yıldır telefonumdan bilgisayara Apple kullanıyorum. Asla vazgeçmem,genel,pozitif
"Ses kalitesi mükemmel, şarj performansını kullanmaya devam ettikçe göreceğiz. Paketleme de çok iyiydi tek sorun ürün çok geç elime ulaştı. Alacaklar 1-2 güne el",kargo,negatif
Karşılaması zayıftı ama ürün sağlam geldi. Kargolamayı daha sağlam yapmanızı tavsiye ederim. ürün orijinal ürün güvenir.,kargo,pozitif
keşke almadaydim  ya saçma sapan hiç bir özelliği olmayan ağır çalışan bir bilgisayar tavsiye etmiyorum. ve aşırı hızlı bitiyor şarji dandik bir bilgisayar 👎,genel,negatif
Gayet iyi 😇,genel,pozitif
sesi harika görünüsü zaten süper iyki almısım tereddütte olanlar düsünmeden alabilir,ses_goruntu,pozitif
ALMAYIN SAKIN !!! Ben aldım ancak gelen cihazın garanti süresi 15 ay kalmış ve ekran sarı ekran dı güvenmeyin,ses_goruntu,negatif
faturam gelmemiş lütfen faturamı gönderin,genel,notr
Uygun fiyat hızlı kargo teşekkürelr..,fiyat,pozitif
bayıldım çok güzel uzun zamandır istiyordum çok iyi paketlenmişti hiçbir hasar yoktu bütün belgeleri faturaları içindeydi kurulumu da gayet basitti öğrenciyim y,genel,pozitif
ürün hiçbir şekilde şarj olmuyor. servis öneriliyor yazıyor. paketlenmeden gönderilmiş sadece kendi kutusu ve trendyol kutusuna konmuş.,batarya,negatif
2 hafta önce aldım ama sağ kulaklıktan ses gelmiyor %10 şarj gösteriyor bazen bağlanmıyor garanti belgesi var değişim yapmak istiyorum veya tamir yardımcı olurs,batarya,negatif
Ürün sağlam ama kutusunun hali ve hiçbir şeye sarılı olmaması trendyola güvenimi sarstı,ambalaj,negatif
Kutunun içinden fatura çıkmadı faturası nerde acaba nasıl ulaşırım,genel,negatif
Ürün güzel paketi de güzel geldi,genel,pozitif
Fatura tc kimlik no 111111 şeklinde hatalı olarak yazılmış düzeltilmiş yeni fatura talep ediyorum,kalite,notr
Çok iyi sanki müzik kafamın içinde çalıyor mediamarkt satıcıdan aldım güzel paketlenmiş orijinal garanti vs sorun yoktu,kalite,pozitif
Babama aldım çok güzel,genel,pozitif
2. alışım bu ilk i sıkıntısızdı fakat bu sağ kulaklığı bozuk geldi,kalite,negatif
Telefon görüşmelerinde sürekli bir kopukluk oluyor ses karşıya tam gitmiyor. Ama birşeyler dinlerken bir dorun yok ses iyi,ses_goruntu,negatif
Babama almistim gayet guzeldi fakat 1 sene uztune bozuldu ve faturadan dolayi garantiyede kabul etmediler.,genel,negatif
iyi bı sorunu yok 2 aydır kullanıyorum,genel,pozitif
"ürünü çok beğendim,ses kalitesi güzel ,kargo ve paketlenmesi iyi,gönül rahatlığıyla alabilirsiniz.",genel,pozitif
Şarj kablosu bozuk çıktı ve garanti belgesini göndermiyorlar servisle görüşün dediler kablonun fiyatı şuanda bin lira kadar muhattap olacağım kimse yok,kalite,negatif
ürün çok güzel tavsiye ediyorum,genel,pozitif
ürün güzel fakat ben alırken banka tarafından sorun yaşadım ve bunu fırsat bilip indirimli fiyatını yükseltip ben aldıktan sonra anında geri düşürmeniz gerçekte,genel,negatif
fena değil kullanışlı fp ürünü,fiyat,notr
Herşey istediğim gibi Bu sefer kargo sarıtu ürün herşey mükemmel...,fiyat,pozitif
gerçekten çok iyi hem direk kapağı açar açmaz bağlanıyor hemde telefonla konuşurken sesin net gidiyor anlaşılıyor 1 puanı sadece şarjı olmadığından kırdım ama o,ses_goruntu,pozitif
Ses yalandan geliyor hoşuma gitmedi bundan önce de redmi nin modelini kullandım çok iyidi,ses_goruntu,pozitif
çok güzel bir ürün iyi paketlenmisti hızlı kargo,ambalaj,pozitif
Bayıldımm küçük hafif ses kalitesi görüntü kalitesi harika 💖💖💖 kargo da çok özenli ve hızlıydı,kargo,pozitif
Kutusunda çok güzel geldi ve orjinal çok teşekkürler trendyol💐,genel,pozitif
Telefonda konusurken hiç sorun yasamıyorm hızlı bağlanto kuruyor. Beklediğimin üstünde performans tavsiye ederm,genel,pozitif
Kara cuma indirimlerinden aldım. Ucuz diye almıştım açıkçası... biraz pişmanım. Nerdeyse sürekli donuyor,fiyat,pozitif
çok güzel  kargo hizli ve özenliydi teşekkürler,kargo,pozitif
sıkıntısız teslim edildi güzeş,kargo,pozitif
bilgisayarım geldi aşırı özenli paketlenmişti ince ve kibar kurulum vs için halledildi biraz yavaş gibi ama fiyatına göre uygun,fiyat,pozitif
Görüntü kalitesi biraz düşük onun dışında sesi vs güzel günlük kullanıma uygun,ses_goruntu,negatif
Daha önce kardeşime almıştım şimdi kendime aldım. Hızlı kargo ve sağlam paketleme. Teşekkürler,ambalaj,pozitif
EKRANDA ARADA BİR  DALGALANMALI PİKSELLEŞME VAR...,ses_goruntu,negatif
Telefon şarjdayken dokunmatik çalışmıyor :( böyle birşey olabilir mi.,kalite,negatif
Kargo kutusu gayet korunaklıydı. Apple kalitesi sorunsuz teslim edildi,kargo,pozitif
"Kurulumu yeni yapıyorum,gayet güzel ve sağlam gözüküyor",genel,pozitif
hızlı bir şekilde elime ulaştı Ürün  güzel paketleme biraz özensizdi,genel,pozitif
üründen çok memnunum,genel,pozitif
çok memnunum bu fiyata piyasadaki güzel ürünlerden biri.,fiyat,pozitif
Bayıldımm küçük hafif ses kalitesi görüntü kalitesi harika 💖💖💖 kargo da çok özenli ve hızlıydı,genel,pozitif
güzel memnunuz kardesime aldik,genel,pozitif
Ürün süper ama çabuk ısınıyor ben aldıktan sonra indirime girdi 😡,batarya,negatif
istediğim gibi geldi teşekkürler,genel,pozitif
Ses mükemmel kesinlikle tavsiye ederim,ses_goruntu,pozitif
Araştırarak aldım.Kullanış açısından telefonumla uyumu açısından kolaylık sağlayacağını düşündüğüm için tercih ettim.,genel,notr
Yanlış şarj gönderilmiş beğenmedim,batarya,negatif
"2, 3 bin TL ye aynı verimi alacağınız kulaklığı almak yerine bunu alabilirsiniz şarjı ortalama gidiyor seside çok açında dışarıdan duyuluyor kulaktanda asla düş",batarya,pozitif
"casper kalitesi, görüntü, ses gayet iyi, beğendim, bundan önceki laptopumda casperdi",kalite,pozitif
f/p biraz kasıyodu ama idare eder,genel,notr
urune bir lafim yok ancak trendyol ozensiz paketlemesi vardi urun sans eseri saglam geldi ayrica urunun garantisi 3 ay once baslamis ilettim bakalim yanit ne ol,ambalaj,negatif
6 aydır kullanıyorum çok memnunum f/p ürünü,genel,pozitif
kulaklık ve şarj olsaydı çok iyi olurdu  tlfonunum çok güzel memnun kaldım,genel,pozitif
Teknosadan sakın almayın sıfır ürünün flaş bölgesinde toz çıktı degişim yapmıyor servise gönderiyor,genel,negatif
Paketleme iyiydi. Sapa saglam geldi. Sevgilime almistim cok mutlu oldu,ambalaj,pozitif
5 yıl oldu alalı on numara mal,genel,pozitif
Telefonu teslim aldık 2 gündür kullanıyoruz bir sıkıntı yok. Ancak kargo çok kötü ezilmiş bir vaziyette geldi. Trendyol gibi bir sitenin paketlemesine dikkat et,kargo,negatif
fiyatına göre fena değil.,fiyat,pozitif
Çok güzel çok memnunum alacaklara tavsiyem gürültü engelleyici özelliği olan kulaklık seçin,genel,pozitif
Ses güzel ve sağlam paket elime ulaştı.,kargo,pozitif
şarj konusunda baya iyi ama telefon görüşmesinde kötü karşıya ses çok gitmiyor,batarya,pozitif
oğlum için aldım çok memnun,genel,pozitif
Ürün elime hızlı ulaştı orjinal ürün ben gareti olsun diye trendyol satıcısından aldım gayet güzel bir kulaklık sesi olsun rahatlığı olsun alabilirsinix,ses_goruntu,pozitif
45 dakikalık telefon görüşmesinin ardından şarjı %100 den %76 ya indi şarjının bu kadar hızlı azalması hiç normal değil,batarya,negatif
Yeni aldım çok güzel paketlenmiş herhangi bir yerinde kırık çizik vs yok gayet memnun kaldım,genel,pozitif
Gerçekten laptop mükemmel paketleme harikaydı,ambalaj,pozitif
Hediye olarak aldım çok beğenildi bir günde sapasağlam elime ulaştı,kargo,notr
güvenle alıp kullanabilirsiniz teşekkür ederim satıcı firmaya kargoda baya hızlıydı helal,kargo,pozitif
Ses kalitesi görüntü hızı mük çok tereddüt ederek aldım ama değer,genel,pozitif
elime ulaştı sorunsuz bir şekilde yeni kullanmaya başladım  biraz kasıyor gibi,kargo,pozitif
Aldıktan 1 gün sonra 1000tl indirime girmesi canımı sıktı,fiyat,negatif
Biraz bağlantısı sıkıntılı sesi de dışarıya veriyor fp ürünü,ses_goruntu,negatif
Çok pratik güEl ürün paketleme sağlam,ambalaj,pozitif
Beğenmek zorunda mıyım?,genel,notr
Paketlemesi çok kötüydü telefon kutusuyla başka bi kutuya koyup göndermişler en azindan bi patpata sarılması lazımdı hasar almaması için,genel,negatif
Gercekten cok guzel kulaklik herkese tavsiye ederim kibar ve kulaga cok rahat oturuyor ses kaliteside cok guzel fiyat performans urunu,fiyat,pozitif
Aşırı donuyor iade ettim kabul etmediler. Açılan kullanılan ürün iade alınmıyormuş. Ben bunu kullanmadan yavaş olup olmadığını nereden bileceğim. Tek yaptığım t,genel,negatif
ÜRÜN İYİ FİYAT ÇOK YÜKSEK,fiyat,negatif
Trendyol satıcısından birşey alırken artık bir değil bin kere düşünerek alışveriş yapacağım belki hiç yapmayacağım buradaki yorumlara güvenerek alışveriş yaptım,genel,negatif
kızım için aldım üç günde elimize ulaştı,kargo,pozitif
Gayet güzel kutusu paketlenmesi herseyi çok güzel tereddüt etmeden alabilirsiniz,ambalaj,pozitif
Şimdilik bi sorunu yok,genel,pozitif
Kargom bugün geldi fakat pil servis öneriliyor olarak gözüküyor ve şarj olmuyor,kargo,notr
sol kulaklık bir süre sonra ses kopmaları oldu,ses_goruntu,notr
fiyatına göre gayet iyi,fiyat,pozitif
"Ben çok memnun kalmadım, sürekli kulağımdan düşüyor...",genel,negatif
İyiki almışım. Mikrofon benim için en değerli şey. Çok iyi mikrofonu. Çok hafif. Ses çok iyi.,ses_goruntu,pozitif
valla paketleme on numara sağ saglim geldi baya şik ve güzel...,genel,pozitif
Çok memnunum şarjı uzun gidiyor ve sağlam. Fazla sekmelerde kasma olmuyor AMA microsofta alışmış biri olarak kullanımda çok zorlanıyorum...,kalite,pozitif
Canım telefonum çok hızlı geldi sorunsuz çıktı şuan kullanıyorum çok güzel teşekkürler trendyol,kargo,pozitif
ürünün ses kalitesi çok güzel gerçekten dışarıyla bağlantını kesiyor çok memnundum şarjı da çook uzun gidiyor ama alalı daha 3 ay olmadan sol kulaklık hiçbir se,batarya,pozitif
İyiki almışım ses kalitesi gerçekten harika,genel,pozitif
performans i çok iyi fiyatına göre,fiyat,pozitif
Ürün orjinal memnunum,kalite,pozitif
Ürün kutusu daha önce açılmış  ürün geldi kutu açarken hava sıkışması oluyor bunda olmadı  ve kulaklık dokunmatikleri çalışmıyor iade edicem ürünü,kalite,negatif
Yani f/p diyebilirim önce herhangi bir şeyi kurmak zorunda kalmıyorsunuz ama kurulumu ağır işledi...,genel,notr
Telefon güzel boyutu falan da aşırı büyük değil babama aldık samsung kalitesi şaşırtmadı 🤌🏻( kargo da güzel paketleme yapmış),kargo,pozitif
"hasarsiz geldi, seri numarasini sorgulattim orijinal. sadece paketlemesi hic hos degildi👎🏻 en azindan patpata sarilabilirdi direkt kutunun icinde geldi allaht",kalite,pozitif
Çok iyi. Ses kalitesi ve basından oldukça memnunum.,genel,pozitif
30 bin tl edecek bir cihaz değil teslimat konusu süper hızlı ama cihaz 30 binlik bi cihaz değil,fiyat,notr
telfonda sorun cıktı yetkili servisle ulasmak istiyorum satıcı mesajıma bakmıyor yardımcı olur musunuz,genel,negatif
"Çok çabuk geldi inanamadık. Anneme hediye almıştım. Sorunsuz geldi, güvenip alabilirsiniz.Teşekkürler.",genel,pozitif
🙏👍👍👍guvenilir satici,genel,pozitif
Paketlemesini çok iyiydi sorunsuz elime ulaştı çok tereddütt etmiştim...,kargo,pozitif
İçinde şarj aleti yok,batarya,negatif
"Ses kalitesi mükemmel, şarj performansını kullanmaya devam ettikçe göreceğiz. Paketleme de çok iyiydi tek sorun ürün çok geç elime ulaştı. Alacaklar 1-2 güne el",genel,pozitif
Bayıldımmmm… teslim tarihi 7 nisan gösterirken 6 nisanda geldi teşekkür ederim herkese sabırsızlıkla bekliyordum kavuştum alın aldırın fiyat olarakta dışarıya g,kargo,pozitif
Ürünü alalı henüz 2 ay bile olmadı ama sağ kulaklık bozuldu.! Sol taraftan çok güzel ses geliyor fakat sağ kulaklık şarjı olduğu halde ses gelmiyor. İki ay da n,genel,negatif
Sayı tuşları basılı kalıyordu o yüzden iade...,fiyat,negatif
Xiaomi kalitesi der susarım gerçekten çok güzel,kalite,pozitif
Kesinlikle tavsiye etmiyorum satıcıya sorup almıştım. Fakat daha alalı 1 hafta olmadan güncelleme alırken donup kaldı. Garantiye gönderdim içerisine herhangi bi,genel,negatif
Hızlı Kargo,kargo,pozitif
2 tane aldım ikiside orijinal ses kalitesi çok iyi çok güzel telefonda karşıdakiyle konuşurken yan yana gibi mükemmel satıcıyada erken teslimat için çok teşekkü,genel,pozitif
Ürün bir günde elime ulaştı paketleme vs gayet iyiydi iki saat falan uğraştım ısınıyor normla mi bilmiyrpum ama .,genel,negatif
Ürünü aldıktan kısa süre sonra ciddi bir indirime girdi ve taksit sayısı arttırıldı. Keşke o kampanyaya denk gelseydik.,fiyat,negatif
guzel ve kullanisli,genel,notr
çok memnunum bu fiyata piyasadaki güzel ürünlerden biri.,genel,pozitif
Ürün orjınal 2. Nesil kutuda gelmedı,ambalaj,notr
Mükemmel bilgisayar her işimi hallediyor çok hafif . Şarjıda çok uzun gidiyor . Apple kalitesi,batarya,pozitif
O kadar para veriyosun bir adaptör  kulaklık vermiyorlar nedenn,fiyat,negatif
Hayatımda aldığım en en doğru karar mac almakkk çok memnunummm,genel,pozitif
Ürünün sesi az çıkıyor,ses_goruntu,negatif
dış ortam ses olayında yetersiz. onun dışında Gayet başarılı,ses_goruntu,pozitif
"ürünü paketlemek için sardıkları şişme havalı poşet süs olarak koymuşlar yanına, kargo paketinin içinde sallanıyor du",ambalaj,notr
güzel begendim kullandıkça gorucez,genel,pozitif
ürün orjinal degil asla buna inanmayin orjinal olsa koskoca apple kutusundan pazardan alinan cakma sarj kablosu cikma olasiligini size birakiyorum tavsiye etmiy,genel,negatif
Ürün  gayet güzel satıcıya çok teşekkür ederim gayet sağlam ve başarılı bir paketleme olmuş ve kargom çok çabuk geldi güvenle alına bilir tavsiye ederim.,ambalaj,pozitif
hızlı kargo,kargo,pozitif
Fatura yok gelmez ise cimerden şikayet edeceğim,genel,negatif
Bir aydan az bir süredir kullanıyorum. Üniversite ve ofis işleri almıştım. Şimdilik her şey güzel,genel,pozitif
37.500 para verdik insan bi paketlemeye özen gösterir şampuan almıyoruz telefon alıyoruz kargocular zaten paketleri futbol topu gibi kullanıyor henüz kullanmaya,fiyat,negatif
Dünyanın en kötü bilgisayarı kasma donma ne ararsan var,genel,negatif
Güzel iyi paketleme.,genel,pozitif
Çok beğendim sorunsuz teslim edildi👍🏻,genel,pozitif
"fatura göndermediler bakalım 1 2 gün bekleyeceğim, aksi taktirde yasal hakkımı kullanıp vergi dairesine şikayette bulunacağım. fatura gönderirlerse yorumu değiş",genel,notr
üç aydır kullanıyorum çok memnun kaldım sesi de gayet iyi veriyor,genel,pozitif
Çok memnunum. Şarz kalitesi çok iyi. Tavsiye ederim.,genel,pozitif
çok zarif bi telefon,genel,notr
harıka cok iyi tam aradıgımız telefon kızım için aldık çok begendı,genel,pozitif
Dün sabah sipariş verdim bugün geldi .Paketleme çok özenliydi.Kurulumu basitti. Beğendim tavsiye ederim.💯 Güncelleme: Ağustosta almıştım 4 ay geçti bir sorunla,genel,pozitif
Paketleme özenliydi sorunsuz teslim edildi orjinal ürün sıkıntı yok beğendim,kargo,pozitif
Hep öneri alıyordum şimdis kendim aldım harika ürün,genel,pozitif
Garanti süresi iki yol değil mi bugün elime ulaştı ürün garanti süresi 16 -11 -2024 te bitiyor gösteriyor. Bu durum için bir Yıldız verdim açıklama istiyorum,kargo,notr
hiç tereddüt etmeden aldım ve iyiki almışım kargoda hızlıydı teşekkürler,kargo,pozitif
Bass olarak iyi değil ama tasarım olarak harika,genel,pozitif
Çok güzel çok beğendim özenli kargo  güncelleme şarjı çabuk bitiyor,kargo,pozitif
genel olarak fena değil ama bas kısmı kötü biraz,ses_goruntu,negatif
Guzel telefon 3 4 sene rahat goturur ama kargo cok kotu bi adet pat pat 1 kutu sadece  cihaz gonderiyosunuz biraz daha onem alsaniz iyi olur,kargo,notr
Çok beğendim ses kalitesi de güzel,genel,pozitif
Paketleme kötü -güncelleme- ; telefon çok iyi asla donmuyor kasmıyor kamerası efsane ancak şarjı çok hızlı bitiyor orijinal başlığını almama rağmen ve ısınma so,ses_goruntu,pozitif
gayet yerinde fiyat performans,fiyat,pozitif
Öncelikle ürün orijinal. Daha önce farklı kulaklıklar kullandım. Yaklaşık 1 ay önce satın aldım. Yorum ve değerlendirmeleri de incelemiştim. Ya yorumu yapanlar,kalite,pozitif
2. nesilden geçtim ciddi fark belli oluyor kendisi yeni bffim🫶🎀,kalite,pozitif
Muazzam bir ürün trendyoldan en uygun fiyata aldım sorgulattım ürün orijinal bir sıkıntısı yok çok beğendim,genel,pozitif
Gayet temiz güzel bi şekilde geldi imailini de okuttım edevletten orjinal ürün satıcıya teşekkürederim,kalite,pozitif
Telefon güzel de paketleme konusunda biraz sıkıntılı.Sağlam geldi ve hızlı ulaştı.Paketlemeyide biraz daha özenli yaparsanız bi problem yok,ambalaj,negatif
çok yavaş çalışıyor açılması bir saat ama film ders dinlemek için güzel...,ses_goruntu,pozitif
sesi cok az,ses_goruntu,negatif
Cızıltı var iade ettim ve iademi reddettinizzz,genel,negatif
Kızım ses vs görüntü kalitesinin çok iyi olduğunu söyledi tavsiye ediyoruz 👏😍,ses_goruntu,pozitif
online eğitim için aldım çok kullanışlı şık bı laptop,genel,pozitif
Elime sorunsuz ulaştı hızlı kargo ve paketlenmesi çok iyiydi,kargo,pozitif
Ürün çok kaliteli çok  teşekkür ederim.,kalite,pozitif
Ürün gayet güzel herhangi bir hasar almadan geldi fakat kargo şirketi bekleyin eşim kapıyı açacak dememe rağmen telefonu kapının önüne bırakıp gitti bu kadar pa,kargo,negatif
Güzel güvenilir satıcı,genel,pozitif
AirPods 3 e kıyasla tiz oranı yüksek ve ses seviyesi mükemmel,genel,pozitif
gerçekten müthiş bir ürün. öğrenciyim ve işimi görüyor şarjı çok uzun süre gidiyor ses kalitesi beklediğimden de iyi bayıldımmm...,genel,pozitif
Üründen gerçekten çok memnun kaldım bu fiyata göre böyle bir performans beklemiyordum alın aldırın mutlaka,fiyat,pozitif
bi ton para verip içinde şarz adaptörü olmaması çok yanlış ayrıyeten para verip adaptör almak doğru değil,batarya,negatif
fiyat performans olarak ürün Gayet iyi çok şey beklemeyeceksiniz konuşabilirsiniz İyi de duyarsınız tavsiye ederim,fiyat,pozitif
"Slikonlular kulağıma uymuyor, 3. Nesil de kulağımdan düşüyor. Bu modelden çok memnunum",genel,pozitif
Paketleme kargolama başarılıydı beğendim 👍🏼,kargo,pozitif
ürünü sorgulattım orijinal ürün. Sorunsuz ve çok hızlı geldi teşekkürleerr,kargo,pozitif
"Ses kalitesi sebebiyle puan kırdım, bas veyatta tiz sesleri çok yüksek vurgulamiyor şahsen çok beğenmedim iade edicem",ses_goruntu,negatif
fiyat performans ürünü,fiyat,notr
çok güzel paketlenmişti 2 günde elimde oldu satıcıya teşekkürler,ambalaj,pozitif
Ekran kalitesi zayıf ama kullanımı güzel . Açıkça fena değil ama istediğim performans yok.,genel,pozitif
Hızlı ve sorunsuz ulaştı,kargo,pozitif
Bayıldım ses tonlar mükemmel,genel,pozitif
Sorunsuz bir şekilde elimize ulaştı teşekkürler trendyol,kargo,pozitif
şarj aleti yok böyle birşey olabilir mi ya bari telefonuda koymasaydiniz. hemen iade ediyorum,batarya,negatif
sıfır  telefonun ekranı cizik geldi ve paket açıktı aradım müsteri hizmetlerini bagla satıcıya  dedim öyle bişey yaapamayız diyor telefonun taksiti geldi ve tel,ses_goruntu,negatif
Ennnn büyük yardımcım harika valla alın sporda derste arabada çok büyük kolaylık,genel,pozitif
Ürün çok iyi paketlenmiş ve kaliteli bir ürün. Zamanında teslimi sağlandı...,kargo,pozitif
aslında 2 tane sipariş verecektim ama bı sorun yaşamaktan korktum... Ürün çok güzel hızlı kargolama da güzel,genel,pozitif
kulakta düzgün durmuyor,genel,negatif
Ürün gayet güzel paketleme iyiydi bir kargo hızlıydı teşekkürler,kargo,pozitif
Ürün  gayet güzel satıcıya çok teşekkür ederim gayet sağlam ve başarılı bir paketleme olmuş ve kargom çok çabuk geldi güvenle alına bilir tavsiye ederim.,kargo,pozitif
Çok güzel geldi paketleme çok güzel hızlı bir şekilde elime ulaştı sorunsuz ve orijinal tavsiye ediyorum,ambalaj,pozitif
Ses kalitesi mükemmel eşime hediye  olarak aldım çok beğendi,genel,pozitif
ürün çok güzel paketlenmesi de iyiydi teşekkürler,genel,pozitif
Ürün hiçbir şekilde şarj olmuyor kusurlu ürün gönderildi,batarya,negatif
Çok üst düzey bir sesi yok normal derecede iyi,ses_goruntu,notr
aşırı güzel apple kalitesini hicbir seye değişmem ben bi sıkıntı yasamadım garanti konusunda vs sadece dizi ve video izlemek icin kullanıyorum,genel,pozitif
Kullanış da gayet beğendim ben 36.000 TL’ye almıştım şu an bayağı fiyatlar artmış ama kullanışlı biraz küçük geldi ilk başta diğer kullandığım telefona göre ama,genel,pozitif
çok güzel bir ürün süper hızlı ve güler yüzlü teslim edilmiş çok mükemmel pakeleme çok teşekkür ederiz Trendyol ekspres,kargo,pozitif
yorumlara bakarak aldım . ses kalitesi okadar iyi degil,ses_goruntu,negatif
Yani bu kadar paraya değiceğini düşünmüyorum fiyatı çok abartı kulağı acıtıyor kullanımı zor ses düzeyi yetersiz şarj kutusundan zor çıkıyor pratik değil daha u,batarya,notr
elime ulaştı sorunsuz bir şekilde yeni kullanmaya başladım  biraz kasıyor gibi,genel,negatif
sağlam geldi paketleme iyi şarj kablosu arızalı geldi.Ucuz sanmayın şarj adaptörü şarj kablosu 1200yl yapıyo onuda ekleyin fiyata,fiyat,negatif
Paket yırtık geldi sağlam kargolanmamıştı. Satıcı çok ilgisiz siyah sipariş verdim gri gönderildi alakaya maydanoz,kargo,negatif
Telefon güzel paketleme çok kötü kargo çok geç geldi,kargo,negatif
Ürün gerçekten harika bu fiyata bu performans süper şarjı hiç bitmiyor,batarya,negatif
Eh işte iyi buna şükür,genel,pozitif
2 hafta önce aldım ama sağ kulaklıktan ses gelmiyor %10 şarj gösteriyor bazen bağlanmıyor garanti belgesi var değişim yapmak istiyorum veya tamir yardımcı olurs,ses_goruntu,negatif
Bilgisayarım sorunsuz geldi üç gün içerisinde elime ulaştı çok memnun kaldım teşekkür ederimmm,kargo,pozitif
çok memnum  iki üç aydır kullanıyorum tavsiye ederim ☺️,genel,pozitif
Çok güzel çok beğendim özenli kargo  güncelleme şarjı çabuk bitiyor,genel,pozitif
1.nesil göndermişler,genel,negatif
Aldığım günden berdir herhangi bi sorun yaşamadım çok memnun kaldım tavsiye ediyorum🙏,genel,pozitif
"yanlış ürün gönderildi, şarj aleti de orjinal gibi durmuyor emin değilim...",genel,negatif
kısa sürede elime ulaştı çok memnunum,kargo,pozitif
Almayın aldırmayın bir youtubeye girmek için yarım saate açılmasını bekledim aşırı donuyor daha sabah geldi bilgisayar yeni açtım. Fiyatı uygun diyecekseniz dem,genel,negatif
"kaç defa aldım,pişmanlık. 2 ay ancak götürüyor boşa para",genel,negatif
Cihazımın alt kısmında kasasında lekeler ve izler var. Bu cihaz kullanılmış gibi. Satıcının sorunumu gidermesini talep ediyorum . Fotoğraf ektedir.,kalite,negatif
"Ses çok az geliyor sevmedim kulağa tam oturmuyor iç kulak olmasına rağmen , şarjı uzun gidiyor sadece",batarya,pozitif
çok kasıyor kızım için almıştım hiç beğenmedim,genel,negatif
annene hefiye aldım beğendi güzel,genel,pozitif
"Çok memnunum, maaşAllah fiyatina göre mükemmel.",fiyat,pozitif
15 kasımda sizden aldım leptop bilgisayar kılavye yazıyı çok geç yazıyor neyden olabilir nasıl yapabilirim acilen dönüş yapsanız,kalite,negatif
Ürün gerek ses düzeyi gerekse mikrofon olarak geçerli not aldı ama ebat olarak küçük olduğu için düşme riski olabilir diye düşünüyorum bunun dışında kaliteli bi,ses_goruntu,pozitif
tamda istediğimiz gibi geldi teşekkür ediyorum,genel,pozitif
Ürün orijinal ancak sağ kulaklığı bozuk geldi. Apple mağazasına giderek değiştirdim.,genel,negatif
gercekten kaliteli ders icin aldim gayet iyi ürün,kalite,pozitif
bugun elime ulastı gerçekten bu kadarını beklemiyordum ses kalitesi fln harika bukadar ucuz olupta çok pahalı kulaklıkta değer bence sadece daha arama yapamadım,fiyat,negatif
ürün tam bir FP ürünü eğer öğrenciyseniz çok fazla oyun oynamayacaksanız işinizi görür kasma donma yapmıyor gayet hızlı bir şekilde çalışıyor 1 aya yakın kullan,genel,pozitif
fazlasıyla beğendim günümü kolaylaştırıyor,genel,pozitif
Adres bilgisi farklı verilmiş trendyol adres bilgilerimizden farklıydı Aras kargo ürünü getiremeyiz deyip telefonu yüzümüze kapattı buradan alırsınız dedi bu ma,kargo,notr
Yeni elime geldi çok güzel paketleme saglam ve özenli teşekkür ler trendyol,ambalaj,pozitif
sipariş etimde biraz tereddüt ettim ama İyikii almışım tavsiye ediyorum hem uygun hemde sağlam şekilde elime ulaştı çok teşekkür ediyorum,genel,pozitif
Kalite kalıte 😀aldıktan hemen sonra apple kaydına yaptırdım garantısını başlattım faturasıyla,kalite,notr
arada kasması dışında sorun yok,genel,notr
Ürünün hoparlöründen cızırtı geliyor,ses_goruntu,negatif
Biraz geç ulaştı elimize ama güzel,genel,pozitif
"Ürün arızalı çıktı yetkili servis raporu istendi aldım ama Trendyol hala destek olmuyor, bir daha asla buradan sipariş vermem yasal haklarımı arayacağım",kalite,negatif
güzel beğendim İnşallah bi sorun olmaz,genel,pozitif
babama aldik fiyat performans ürünü,fiyat,notr
Hızlı ve güzel bir paketleme ile elime ulaştı çok teşekkürler tavsiye ederim,kargo,pozitif
uygun diye almıştım ilk açtığımda ekran karıncalandı bekledim defalarca başa sardı asla açmadı. sizi bilmem ama bu tür şeyleri gidip mağazadan almak daha iyi.,fiyat,pozitif
Kargo kutusu gayet korunaklıydı. Apple kalitesi sorunsuz teslim edildi,ambalaj,pozitif
şarj konusunda baya iyi ama telefon görüşmesinde kötü karşıya ses çok gitmiyor,ses_goruntu,negatif
Şarj konusunda sıkıntıları var. Uğraşmadım ama değiştirmeye falan,batarya,negatif
orjinal ürün hızlı teslimat ve diğer satıcılara göre uygun fiyat. insan bı hediye kılıf ekran koruyucu koyardı ama,kargo,pozitif
cidden mükemmel bir ürün bayıldım tavsiye ediyorum şiddetle,genel,pozitif
ogrenci vergi indiriminden faydalanmak icin alanlar asla almasin bir ton ugrasmama ragmen faturayi dogru sekilde duzenlemiyorlar paketi hic acmadan iade ettim v,fiyat,negatif
Çok güzel çok beğendim özenli kargo  güncelleme şarjı çabuk bitiyor,batarya,negatif
Kaliteli fiyat performans,kalite,pozitif
müzik dinlemek için gayet iyi şarj süresi çok iyi ancak konuşma konuşunda karşı tarafa ses iletimi çok kötü çevre sesi iletiyor konuşan kişinin sesi bozuk şekil,kalite,negatif
"Çok beğendim satıcı Trendyol olduğu için hiç bir sorun yaşamadım, çok hızlı bir şekilde elime ulaştı. Paketleme çok güzeldi.",ambalaj,pozitif
Beğendim severek kullanıyorum,genel,pozitif
Hızlı kargo güzel paketleme teşekkürler çok güzel bir telefon herkese tavsiye ederim teşekkürler Trendyol ürün sorunsuz geldi,genel,pozitif
Fiyat zamminin yapildigi gun satin aldigim icin buyuk ihtimalle satici bana elindeki defolu urunu gonderdi. Sag kulaklik kulagindayken calmiyor sol kulaklik kut,fiyat,negatif
"paranızı çöp etmeyin kesinlikle almayın daha alalı bir ay olmadı kendi kendine ses gidiyor geri gelmiyor, film izlerken donuyor ekran, sarji 5 dakikada bitiyor",ses_goruntu,negatif
Ürünü teknosa mağazasından aldım kargo sırasında kayboldu ve ben arayana kadar hiç bir şeyden haberleri yoktu daha sonrasında 2-3 gün gecikmeli kaybolan ürünü b,kargo,notr
harika teşekkür ederim herşey için iyiki varsınız,genel,pozitif
Tek pişmanlığım gürültü engelliyici almamak keşke onu sipariş verseydim ama aynı özellikler var zaten kaliteli çok severek kullanıyorum,ses_goruntu,negatif
Uygun fiyat hızlı kargo teşekkürelr..,kargo,pozitif
Yani bu kadar paraya değiceğini düşünmüyorum fiyatı çok abartı kulağı acıtıyor kullanımı zor ses düzeyi yetersiz şarj kutusundan zor çıkıyor pratik değil daha u,fiyat,notr
"Başarılı ürün, fiyat performans ürünü ses kalitesi malzeme kalitesi iyi 👍",ses_goruntu,pozitif
Kurulumunda ufak sorun yaşadım ama hallettim paketlemesi çok özenliydi gayet hızlı ben ders çalışmak için aldım...,ambalaj,pozitif
Öncelikle muazzam hızlı bir şekilde elime ulaştı.Yaklaşık 18 saatte elimdeydi telefon.Kargolama biraz daha özenli olabilirdi.Kargonun dışında ezilmeler vardı.Te,ambalaj,negatif
Telefon güzel de paketleme konusunda biraz sıkıntılı.Sağlam geldi ve hızlı ulaştı.Paketlemeyide biraz daha özenli yaparsanız bi problem yok,kalite,pozitif
ürün gayet güzel geldi orijinal gönül rahatlığıyla bu satıcıdan alabilirsiniz,genel,pozitif
ürünü beğendim paketlemesi çok iyiydi  ders çalışmak için çok güzel bir bilgisayar,genel,pozitif
Tam bir fiat ürünü,fiyat,notr
çok yavaş tavsiye etmem,genel,negatif
simdilik memnunum sorunsuz açıldı kuruluma gerek yok,genel,pozitif
Kaliteli fiyat performans,fiyat,pozitif
Orjinal 2 aydır kullanıyorum gayet memnunum,kalite,pozitif
Çok boğuk geliyor ses konuşurken karşıdaki asla duymuyor. Önermiyorum pişman oldum,genel,negatif
iyi gibi yani,genel,pozitif
Güzel paketlenmişti fakat seri numarasını sorgulatınca garantisinin 13 ay kaldığını öğrendiğim için iadeye gönderdim,ambalaj,pozitif
Ürün güzel paketlenmiş sağlam bir şekilde geldi kaliteli bir marka sesi kalitesi oldukça güzel,ses_goruntu,pozitif
Çok güzel ürün,genel,pozitif
güzel aldığımdan beri kere tek şarja taktım 1 aydır aldım ürünü gürültü de önlüyor kulakdan da düşmüyor kolay kolay.,batarya,pozitif
Arkadas gönül rahatlığıyla alabilirsiniz sorunsuz geldi kargo cok hızlı oldu perşembe gece verdim c. Tesi öglen elime ulastı sadece kargo paketi özenilmemişti,kargo,pozitif
Bukadar özensiz bir kargo daha olamaz sonuçta kargo bir elektronik cihaz alelacele konulmuş gönderilmiş bozulursa kesinlikle iade ederim henüz açmadım tlfnu  üz,kargo,negatif
harika tavsiyemdir,genel,pozitif
Cok memnun kaldım ancak ıcınde fatura garantı cıkmadı,genel,notr
ürün 1 ayı geçmeden bozuldu sol tarafı iade oluşturamıyorum kardeşim almıştı mavisini hiç sorun yaşamadı benimki neden böyle oldu anlamadım birden sol taraf çal,genel,negatif
Ürün gayet güzel şarj süresi de çok iyi paketlenmesi de çok özenliydi bayıldım tek kelimeyle 💕,genel,pozitif
Kuponla güzel bi fiyata aldım orjinal begendim,fiyat,pozitif
çok memnunuz herşey olması gerektiği gibi,genel,pozitif
Mümkünse daha fazla RAM i olan bir modelini tercih edin,batarya,notr
"Çok memnunum, maaşAllah fiyatina göre mükemmel.",genel,pozitif
beklediğimden iyi geldi çok iyi paketlenmiş,genel,pozitif
ürünün görünüş fena değil ama hiçbişey yüklü değil. Herşeyi kendin indiriyosun,genel,notr
Ürün kulakta rahat duruyor. Ben kapalı ortamda müzik dinledim ve ses tonu çok iyi geliyordu. Telefon görüşmesi henüz yapmadım. Sadece kargo biraz geç geldi 😖,ses_goruntu,pozitif
"hizlı ve özenli geldi , tesekkürler",ambalaj,pozitif
Harika. Hediye aldım. Bu fiyata bu kalite. Mükemmel,fiyat,pozitif
gayet güzel bir şekilde elimize geçti.ambalj paketi güzel di,ambalaj,pozitif
Ürünü 22 Aralık 2024 tarihinde satıcı trendyol asatıcı olarak sipariş verdim bugün geldi kurulumunu gerçekleştirdim. Garanti süresine bakınca 30 Ocak 2026 olduğunu fark,kargo,notr
Kargo çok geç geldi,kargo,negatif
Ses patlak gibi geliyor bazen kulaktan düşüyor ve poşetin içine göstermelil şişme koymuşlar kulaklık bir yerde koruma bir yerde bu paraya idare eder,ses_goruntu,negatif
İşletim sisteminden dolayı birçok uygulama yüklenmiyor. Bunu göz önünde bulundurun…,genel,negatif
telefon aldım ürün teslim edildi gayet iyi çıktı  yıllardır kullanıyorum,kargo,pozitif
Dört yıldır kullandığım telefonumu arkadaşıma tavsiye sonucu aldık ömürlük bir telefon,genel,pozitif
Neden şarj aleti yok yani bu kadar para veriyoruz niye şarj aleti yok,fiyat,negatif
Faturam yok,genel,negatif
görüntü güzel ama arada kasıyor çok yüklenmeden arada kullanacağın bir ürün,genel,negatif
BİLGİSİYARA GÜZLİLK DEFA İNTERNETEN CESARET EDİP ALDIM MEMNUNUM,genel,pozitif
"Kargo hızlıydı, paketleme daha iyi olabilir. Garanti başlama tarihinde sıkıntı yaşamadım. Sesi, mikrofonu ve şarj süresi gayet iyi fakat kutusunun şarjı hızlı b",ses_goruntu,pozitif
1 yıl oldu alalı. Çok memnunum hiç bir sıkıntı yaşamadım.,genel,pozitif
"4 gb ram idare eder, zaten sistem 3 gb da çalışıyor...",genel,notr
"Ses kalitesi, kullanım rahatlığı içime sindi. Tavsiye ediyorum, tereddüt etmeden alınabilecek bir ürün.",genel,pozitif
1 yıl önce aldığım apple 11 tlf mu garanti kapsamında vatan bil yolladım onlarda kvk ya yolladılar bir ay sonra kvk servisi benim telefonumu değişim yapıp tekra,genel,notr
beğenmedim maalesef çok yavaş,genel,negatif
valla paketleme on numara sağ saglim geldi baya şik ve güzel...,kargo,pozitif
Aldıktan bir hafta sonra sağ taraftan ses gelmemeye başladı ne yapabilirim? Garantiye gönderebilir miyim? Nasıl bi yol izlemem gerekiyor ?,ses_goruntu,negatif
Sorunsuz ve sağlam bir şekilde geldi paketleme gayet güzeldi,ambalaj,pozitif
Ürün guzel ama bir parçası eksik gönderilmiş. şarj kablosu kutunun içinde yoktu.,genel,pozitif
Ürün elime ulaştı hemen kurulumunu yaptım. Baya beğendim. Batarya konusunda herkes servis istiyor demişti ben öyle bir sorun yaşamadım,genel,pozitif
5 aydır kullanıyorum memnunum,genel,pozitif
ürün elime ulasti fakat şarj olmuyor %1 geçmiyor,batarya,negatif
"Telefonum ve bilgisayarımla uyumlu olsun diye aldım, fakat önceki JBL bluetooth kulaklığımdan kat kat daha pahalı ve ses geçirgenliği de aşırı fazla, apple ürün",ses_goruntu,negatif
kesinlikle çok kötü 1 yıl içinde bozuldu almayın,genel,negatif
Çok güzel telefon harika,genel,pozitif
Sorunsuz ve hızlı teslimat .,kargo,pozitif
kutusu hasarlı geldi iade etmeme rağmen iade talebim reddildi tavsiye etmiyorum,ambalaj,negatif
iyi güzel kullanışlı,genel,pozitif
12 gundur kargom gelmedi almayin buradan telefon magduriyet yasattilar,kargo,negatif
Yeni elime geldi çok güzel paketleme saglam ve özenli teşekkür ler trendyol,kargo,pozitif
Çok güzel cihaz memnunum normalden uygun fiyata aldım,fiyat,pozitif
ürün güvenilir güzel severek kullanıyorum,genel,pozitif
Bayıldım bayıldım 🤩 kalitesi 😍 iyi ki almışım🥳 Bir avuç dolusu mutluluk 😁🥰,genel,pozitif
İade talebimi reddettiler,genel,negatif
Aldığıma pişman oldum  boş bir telefon açtığım için iade olmuyo alirken 2 kere düşünün açmadan nasıl sarj aletinin olmadığını görebilirsiniz,batarya,negatif
Kalite iyi sll kulakta bir sıkıntı yaşadık fakat apple servisinde değiştirdiler.,kalite,notr
Ürün 2 günde elime ulaştı. Orijinal kapalı kutusunda geldi. Ses kalitesi mükemmel yalnız müzik dinlerken kısa süreli ses gidip geliyor. Elektronik arızası var .,kargo,pozitif
Kargom geldi çok beğendik fiyat performans ürünü,kargo,pozitif
Beklediğimden çok daha hızlı geldi Ayrıca ürün paketlemede mükemmeldi teşekkür ederim çok memnun kaldım herkese tavsiye ederim,ambalaj,pozitif
ürün çok çok hızlı ve çok güzel paketlenmiş  geldi tebrik ve teşekkür ediyorum ürünü henüz kullanmadım ama kalitesini biliyorum bu fiyata düşünmeden alın derim,fiyat,pozitif
2 yıldız veriyorum Trendyol un kendi mağazasından aldığım iPhone ürün için fatura gönderilmedi fatura talep ediyorum.,genel,negatif
İş görür güzel bi bilgisayar,genel,pozitif
Ürün  gayet güzel satıcıya çok teşekkür ederim gayet sağlam ve başarılı bir paketleme olmuş ve kargom çok çabuk geldi güvenle alına bilir tavsiye ederim.,genel,pozitif
Kameram calısmıyor,kalite,negatif
Yeni aldım ilk bilgisayarım sağlam geldi açtım film izlemek için aldım gayet yeterli 🤩,kalite,pozitif
15 kasımda sizden aldım leptop bilgisayar kılavye yazıyı çok geç yazıyor neyden olabilir nasıl yapabilirim acilen dönüş yapsanız,genel,negatif
Ses kalitesi güzel,ses_goruntu,pozitif
ürün gerçekten iyi ders çalışmak için yeterli tavsiye ederim kız arkadaşıma aldım bı tane  bı kaç gün sonra kendime de Alicam,genel,pozitif
Ürün gerçekten çok iyi kullanışlı sorunsuz elime ulaştı,kargo,pozitif
Öncelikle firmaya teşekkür ederim 1 günde Elime ulaştı Alıcak olan arkadaşlara tavsiye ederim...,genel,pozitif
güzel  kyllanışlı,genel,pozitif
apple kalitesi tartışılmaz. ürün orijinal ve özenli paketlenmişti. hızlı şekilde elime ulaştı. gönül rahatlığı ile alabilirsiniz.,genel,pozitif
10 yıldız kızıma aldım çok beğendi,genel,pozitif
kızım için aldım,genel,notr
Çok iyi orijinal rahatlıkla alabilirsiniz ben kılıf da aldım,genel,pozitif
Kulaklık da sıkıntı var konuşurken sesım net gitmiyor nasıl iletişime geçebilirim,ses_goruntu,negatif
Hızlı teslimat  güzel paketleme güvenerek alabilirsiniz,kargo,pozitif
Ürün bu kutunun içerisinde telefon da patpata sarılmış şekilde geldi hiçbir kusuru yok telefonumu şuan kullanıyorum mağazadan daha uygun olduğu için hayatımda i,fiyat,notr
şarjı çıkmadı,batarya,negatif
Fiyatına göre en iyisi,genel,pozitif
gayet güzel kurulumunu yaptım ince zarif...,genel,pozitif
Kurulumunda ufak sorun yaşadım ama hallettim paketlemesi çok özenliydi gayet hızlı ben ders çalışmak için aldım...,genel,pozitif
İyi gibi idare eder,genel,pozitif
kayıt dışıdır diye mesaj  geldi kvk lı değil mi cihaz,genel,notr
Ürün elime hızlı ulaştı satıcıya teşekkürler,genel,pozitif
iyiki almışım gerçekten çok iyi. paketleme normaldi ürün baya güzel iş görür...,ambalaj,notr
Şimdilik iyi ses kalitesi normal,ses_goruntu,pozitif
Ses kalitesi çok düşük maalesef,ses_goruntu,negatif
Telefon bozuk,genel,negatif
Ürün güzel kaliteli ama bazı olumsuz yanlarından bahsetmek istiyorum. Ben jbl den geçtim ses kalitesi olarak aynılar nerdeyse fakat airpods sesi biraz açtığınız,genel,pozitif
Orjinal ürün geliyor bu fiyata başka yerde ... bulursunuz . Xiaomi cihazlarda kapak açtığınız zaman animasyon ile beraber telefonla bağlantı kuruyor parasinin ç,kalite,pozitif
Kesinlikle daha önce müzik dinlemiyormuşum o derece iyi. 1 günde elime ulaştı gerçekten çok memnunum,kargo,pozitif
iyi güzel sorunsuz geldi,genel,pozitif
"kesinlikle tavsiye ediyorum, çok güzel, beğendim elime çabuk ulaştı. teşekkürler",kargo,pozitif
Şarj kablosundan düşürdüm bir yıldızı nasıl şarj kablosunu göndermediniz ki yanlış ikisi de yanlış typc orjinal şarjını gönderin ya yada bu soruna çözüm bulun,kalite,negatif
çok bir beklentiniz olmasın. Fiyat performans ürünü,fiyat,pozitif
Ses kalitesi çok güzel kendime hediye aldım bayıldım,ses_goruntu,pozitif
Ürün konusunda bir sıkıntım yok kaliteli ürün ve hizmet sundular fakat trendyol kargo sürecinde beni çok üzdü. Başka bir dağıtım şubesine gönderdiler sonrasında,kalite,pozitif
Ben 1aydır kullanıyorum ve mukemellll kesinlikle tavsiye ediyorum hiç bir sıkıntı olmadı paketleme gayet güzeldi gönül rahatlığıyla alabilirsiniz 😊,ambalaj,pozitif
iyi normal,genel,pozitif
Çok güzel sağlam geldi 11 inde şipariş verdim ayın 12 si geldi...,kalite,pozitif
Çok güzel çok memnunum alacaklara tavsiyem gürültü engelleyici özelliği olan kulaklık seçin,ses_goruntu,pozitif
Babama almıştım paketleme çok özenli değildi ama Allahtan sorunsuz elimize ulaştı,ambalaj,pozitif
işte idare eder iş görür sınava hazırlanıyorum işimi goruyorum ha dersen Cook iyi değil eh işte F/P ürün,genel,pozitif
Gayet güzel beğeniyorum şarkı dinlemek için aldım yolda canım sıkılıyor malum İstanbul trafiği vatan satıcısından aldım ses kalitesi falan bayağı iyi bence vata,ses_goruntu,pozitif
aldığıma pişman  oldum şarjı yarım gün dayanmıyor,genel,negatif
Apple kalitesi zaten bildiğimiz bir şey pil saati çok iyi benim gibi ders çalışanlar için sürekli prizde kullanmayıp her yere götürebilmek çok avantaj,batarya,pozitif
Mükemmel bir telefon.Kullanimi kolay iyi bir tercih yapmışım.,genel,pozitif
Bir sıkıntı olmdı,genel,pozitif
Yani bukadar para veriyoruz güzel bi paketleme beklerdim kargo gelince ayakkabı aldım sandım. 3 krşluk ürünü çok güzel sarıyorlar siz sadece koli içine koyup gö,fiyat,pozitif
Memnun kaldım.,genel,pozitif
"Bu ürünü bir yıl kullandıktan sonra söyleyebilirim ki, ürün gerçekten çok iyi ve satın aldığıma asla pişman olmadım",genel,pozitif
Çok iyi paketleme kargolama her şey,ambalaj,pozitif
aldığıma pişman  oldum şarjı yarım gün dayanmıyor,batarya,negatif
"Ürünü 1 aydır kullanıyorum, genel olarak Apple kalitesi belli oluyor. Ekran çözünürlüğü çok kaliteli...",ses_goruntu,pozitif
Fiyat performans ürünü sadece ders için aldım biraz yavaş kamera açılmıyor diyenler de olmuş...,genel,negatif
Aldıktan sonra fiyat ucuzladı,fiyat,negatif
Ürün gerçekten harika bu fiyata bu performans süper şarjı hiç bitmiyor,fiyat,pozitif
Harika süper hiçbir sorun yok klasik Apple kalitesi,genel,pozitif
çok incecik ve çok kullanışlı zamanında teslimat teşekurler,kargo,pozitif
Fiyatına göre iyi ince kolay taşınabilir şarj aleti çok hafif kullanışlı ekran açılım özelliği de çok iyi özellikler olarak bu fiyata çok iyi,fiyat,pozitif
Ses mükemmel kesinlikle tavsiye ederim,genel,pozitif
Aşşırı geç geldi. Paketleme daha özenli olabilirdi. Telefonda sorun yok.,kargo,negatif
alalı  bir buçuk ay oldu çok güzel telefon bi sorun yaşamadım kullanışlı hızlı şarj oluyor kamerası güzel iyi ki almışım diyorum umarım uzun süre benle olur,ses_goruntu,pozitif
Ürün çok ama çok güzel orijinal ürün,kalite,pozitif
Ürün güzel paketlenmiş sağlam bir şekilde geldi kaliteli bir marka sesi kalitesi oldukça güzel,kalite,pozitif
fiyatına göre gayet kaliteli ekranı yeterli kurtarıcı bir laptop pişman etmedi 🙏🏻🌸,fiyat,pozitif
Kanser olmak istiyorsanız alabilir siniz ben bu kadar kötü bir satıcı bu kadar kötü bir kargo görmedim 36 bin tl ye cihaz alıyoruz kargo parası ödüyoruz birde k,fiyat,negatif
Süper değil ama güzel ben dizi izlemek için aldım işimi görüyor,genel,pozitif
arkadaşımın kızına aldık bayıldı çok beyendi..,genel,pozitif
Kargo paketlemesi gerçekten çok kötü. Birçok kişide memnun değil fakat halen ısrarla dikkat edilmiyor. Telefon tam korumalı bir jelatinle kaplı değildi malesef,ambalaj,negatif
