yorum,aspect,sentiment
0 koruma geldi 00000. neyse ki saglam geldi. biraz daha para verilip farkli bir saticidan alinabilir.,kalite,pozitif
0 koruma geldi 00000. neyse ki saglam geldi. biraz daha para verilip farkli bir saticidan alinabilir.,fiyat,notr
1 Ay oldu alalım ilk ses az gidiyordu karşıya şuan da da ses hiç gitmiyor hem de kabında durduk yere sararmalar oldu,ses_goruntu,negatif
1 ay deneyip öyle yorum yapmak istedim ses kalitesi çok iyi hergün film ve müzik dinliyorum haftada 1 şarj ediyorum gayet uzun süre godiyorhızlıbteslimat için t,batarya,pozitif
1 ay deneyip öyle yorum yapmak istedim ses kalitesi çok iyi hergün film ve müzik dinliyorum haftada 1 şarj ediyorum gayet uzun süre godiyorhızlıbteslimat için t,ses_goruntu,pozitif
1 ay geçmedi sorun veriyor herhangi bi cihaza bağlanamıyor.Memnun kalmadım.,genel,negatif
1 ay gibi bir süre kullandım ve pek memnun değilim. yorumlara güvenerek almıştım. Öncelikle telefona bağlanması çok sıkıntılı kutudan çıkartır çıkartmaz bağlanm,genel,negatif
1 ay iyi kullandım. şimdi kutusu şarj olmuyor vs almayın iadeyle garantiyle uğraşmayın,genel,negatif
1 ay iyi kullandım. şimdi kutusu şarj olmuyor vs almayın iadeyle garantiyle uğraşmayın,batarya,negatif
1 ay kullanım tecrübemden sonra yazıyorum çok memnunum,genel,pozitif
1 senede eridi bataryası ses kalitesi normal pek iyi bir çekim gücü yok.,genel,negatif
1 senede eridi bataryası ses kalitesi normal pek iyi bir çekim gücü yok.,batarya,negatif
1 senede eridi bataryası ses kalitesi normal pek iyi bir çekim gücü yok.,ses_goruntu,negatif
1 yıl dolmadan sağ kulaklık ses azaldı. Mikrofondan ses az gidiyor. Servis umarım işe yarar.,ses_goruntu,negatif
1 yıl geçmeden birinden ses gelmiyor. Bozuldu.,genel,negatif
1 yıl geçmeden birinden ses gelmiyor. Bozuldu.,kalite,notr
1 yıl geçmeden birinden ses gelmiyor. Bozuldu.,ses_goruntu,negatif
1 yıldan fazladır kullanıyorum. İyi ki almışım. 🥰🧿,genel,pozitif
1 yıldızı bile haketmiyolar ürünümü aldım hiç açmadan geri iade etmek istedim iadem reddedildi ürünün açıldığı söylendi ama ben ürünü hiç bir şekilde açmadım il,genel,negatif
1.nesil göndermişler,genel,negatif
1.nesil göndermişler,kalite,negatif
1ocak 2025 de garantisi başlamış cihazlar gönderiliyor. Bunu belirtirseniz insanlara satmadan önce çok iyi olur. 1.5 yıl garantili kutu üzerinde ki tarihte 2024,genel,pozitif
2 ay kullandıktan sonra sol kulaklık bozuldu,genel,negatif
2 ay kullandıktan sonra sol kulaklık bozuldu,kalite,negatif
2 aydır kullanıyorum çok memnunum telle görüşmek artık çok kolay ve güzel sesim rahatça gidiyor ve geliyor müzik dinlemek zaten keyifli,genel,pozitif
2 aydır kullanıyorum çok memnunum telle görüşmek artık çok kolay ve güzel sesim rahatça gidiyor ve geliyor müzik dinlemek zaten keyifli,ses_goruntu,pozitif
2 gün içinde geldi bir sorunu yok güzel orijinal ürün sadece güzel paketlememişler bir patpata sarılsa daha iyi olurdu,kalite,pozitif
2 gün içinde geldi bir sorunu yok güzel orijinal ürün sadece güzel paketlememişler bir patpata sarılsa daha iyi olurdu,ambalaj,pozitif
"2 gündür kullanıyorum çakma kulaklıktan sonra çok çok iyi geldi, aramalarda da çok güzel karşı taraf ortam gürültülü olsa da  çok iyi duyuyor. GÜNCELLEME KULAĞI",ses_goruntu,pozitif
2 hafta önce aldım ama sağ kulaklıktan ses gelmiyor %10 şarj gösteriyor bazen bağlanmıyor garanti belgesi var değişim yapmak istiyorum veya tamir yardımcı olurs,genel,negatif
2 hafta önce aldım ama sağ kulaklıktan ses gelmiyor %10 şarj gösteriyor bazen bağlanmıyor garanti belgesi var değişim yapmak istiyorum veya tamir yardımcı olurs,batarya,negatif
2 hafta önce aldım ama sağ kulaklıktan ses gelmiyor %10 şarj gösteriyor bazen bağlanmıyor garanti belgesi var değişim yapmak istiyorum veya tamir yardımcı olurs,ses_goruntu,negatif
2 puan verdim çünkü kutu içinde şarj kablasu kulaklık silikonu yok,genel,negatif
2 sene önce de yine burdan almıştım fakat kardeşim kaybettiği için yeniden almak zorunda kaldım. Aşırı memnunum şimdiye kadar bir problem yaşamadım,genel,pozitif
2 tane aldım ikiside orijinal ses kalitesi çok iyi çok güzel telefonda karşıdakiyle konuşurken yan yana gibi mükemmel satıcıyada erken teslimat için çok teşekkü,genel,pozitif
2 tane aldım ikiside orijinal ses kalitesi çok iyi çok güzel telefonda karşıdakiyle konuşurken yan yana gibi mükemmel satıcıyada erken teslimat için çok teşekkü,kargo,pozitif
2 tane aldım ikiside orijinal ses kalitesi çok iyi çok güzel telefonda karşıdakiyle konuşurken yan yana gibi mükemmel satıcıyada erken teslimat için çok teşekkü,ses_goruntu,pozitif
"2, 3 bin TL ye aynı verimi alacağınız kulaklığı almak yerine bunu alabilirsiniz şarjı ortalama gidiyor seside çok açında dışarıdan duyuluyor kulaktanda asla düş",genel,pozitif
"2, 3 bin TL ye aynı verimi alacağınız kulaklığı almak yerine bunu alabilirsiniz şarjı ortalama gidiyor seside çok açında dışarıdan duyuluyor kulaktanda asla düş",fiyat,notr
"2, 3 bin TL ye aynı verimi alacağınız kulaklığı almak yerine bunu alabilirsiniz şarjı ortalama gidiyor seside çok açında dışarıdan duyuluyor kulaktanda asla düş",batarya,pozitif
"2, 3 bin TL ye aynı verimi alacağınız kulaklığı almak yerine bunu alabilirsiniz şarjı ortalama gidiyor seside çok açında dışarıdan duyuluyor kulaktanda asla düş",ses_goruntu,notr
2. Nesil sipariş ettim 1. Nesil yollanmış,genel,negatif
2. Nesil sipariş ettim 1. Nesil yollanmış,kalite,negatif
2. alışım bu ilk i sıkıntısızdı fakat bu sağ kulaklığı bozuk geldi,genel,negatif
2. alışım bu ilk i sıkıntısızdı fakat bu sağ kulaklığı bozuk geldi,kalite,negatif
2. nesilden geçtim ciddi fark belli oluyor kendisi yeni bffim🫶🎀,kalite,pozitif
2. nesilden sonra 4. nesile geçmek ses kalitesi açısından fark yarattı diyebilirim. günlük çok işime yarayan bir ürün. teşekkürler,ses_goruntu,pozitif
2.nesil diye 1. Nesil gönderiyorlar almayın 2. Nesilde ışık ön tarafta olur 1. Nesilde fotoğrafta göründüğü yerde,genel,negatif
2.nesil diye 1. Nesil gönderiyorlar almayın 2. Nesilde ışık ön tarafta olur 1. Nesilde fotoğrafta göründüğü yerde,kalite,negatif
"2.nesil kullanıyordum kaybettiğim için aldım, silikonlu kulaklık sevmiyorum kulaklık şekli çok hoşuma gitmedi 2.nesil kadar hoşlanmadım. ses kalitesi güzel. içi",ses_goruntu,pozitif
200-300₺ için orijinal sitesinden almadığıma pişmanım. Geldiğinde şarjı %0’dı beni biraz şüphelendirdi yenilenmiş olabileceğine dair. Genel olarak ürünü de beğe,genel,negatif
200-300₺ için orijinal sitesinden almadığıma pişmanım. Geldiğinde şarjı %0’dı beni biraz şüphelendirdi yenilenmiş olabileceğine dair. Genel olarak ürünü de beğe,kalite,negatif
200-300₺ için orijinal sitesinden almadığıma pişmanım. Geldiğinde şarjı %0’dı beni biraz şüphelendirdi yenilenmiş olabileceğine dair. Genel olarak ürünü de beğe,batarya,negatif
2020 yılında 865₺’ye almışım bedava gibi geliyor hala da kullanıyorum memnunum tavsiye de ederim,genel,pozitif
3 ayda bozuldu almayin,genel,negatif
3 ayda bozuldu almayin,kalite,negatif
3 stokda yok diye 4 aldım güzel küçük beğendim,genel,pozitif
3. Nesil kullanıyordum yenilemek için bunu aldım ses kalitesi çok çok iyi . Alınabilecek en ortalama ürün piyasadaki,ses_goruntu,pozitif
45 dakikalık telefon görüşmesinin ardından şarjı %100 den %76 ya indi şarjının bu kadar hızlı azalması hiç normal değil,batarya,negatif
45 dakikalık telefon görüşmesinin ardından şarjı %100 den %76 ya indi şarjının bu kadar hızlı azalması hiç normal değil,ses_goruntu,negatif
5 aydır kullanıyorum memnunum,genel,pozitif
"5 kuruş etmez,",genel,negatif
5 yıl oldu alalı on numara mal,genel,pozitif
"5 yıldır Buds 3 lite kullanıyordum, temizlik yaparken tekini cebimde unutup çamaşır makinesinde 90 derecede yanlışlıkla yıkadım. Buds 6 play almaya karar verdim",genel,negatif
6saat  kullandim 100de 40a geldi şarz mükemmel  agry yok biraz konuşmada ses gönderince biraz diş görinti kapatmaz ama harika,genel,pozitif
6saat  kullandim 100de 40a geldi şarz mükemmel  agry yok biraz konuşmada ses gönderince biraz diş görinti kapatmaz ama harika,ses_goruntu,pozitif
Abartıldığı kadar iyi değil,genel,negatif
AirPods 2 den geçtim malzeme kalitesi  iyi değil kulakta düşecek gibi duruyor kargo hızlıydı fakat paketleme çok özensizdi airpods 2 bundan daha iyi ve kaliteli,kargo,negatif
AirPods 2 den geçtim malzeme kalitesi  iyi değil kulakta düşecek gibi duruyor kargo hızlıydı fakat paketleme çok özensizdi airpods 2 bundan daha iyi ve kaliteli,kalite,negatif
AirPods 2 den geçtim malzeme kalitesi  iyi değil kulakta düşecek gibi duruyor kargo hızlıydı fakat paketleme çok özensizdi airpods 2 bundan daha iyi ve kaliteli,ambalaj,negatif
AirPods 3 e kıyasla tiz oranı yüksek ve ses seviyesi mükemmel,genel,pozitif
AirPods 3 e kıyasla tiz oranı yüksek ve ses seviyesi mükemmel,ses_goruntu,pozitif
Airpods 4 kulaklık aldım bugün geldi.. mağazanızsa made in china yazıyor gelense vietnam arkadaşlarım menşei vietnam ürünlerden dolayı problem yaşayıp iade etti,genel,negatif
Akşam sipariş verdim sabah elime ulaştı. Sadece garantisinde bi sıkıntı var. Altı ayı kalmış görünüyor apple destek ile düzeltmeye çalışıyorum. İlk defa airpods,kargo,pozitif
Alalı 1ay oldu ama kulaklığımın 1tanesı şuanda çalışmıyor maalesef,genel,negatif
Alalı 2-3 hafta oldu sağ kulaklığım çalışmıyor yardımcı olurmusunuz?,genel,negatif
Alalı 3 ay oldu kullanıp yorum yapmak istedim başlarda şarjı çok iyi günlerce giderken suan 5 saatte şarjı bitiyor aldığımdan beri telefonda konuşurken sesim ka,batarya,negatif
Alalı 3 ay oldu kullanıp yorum yapmak istedim başlarda şarjı çok iyi günlerce giderken suan 5 saatte şarjı bitiyor aldığımdan beri telefonda konuşurken sesim ka,ses_goruntu,negatif
Alalı 5 sene oldu .Hala kullanıyorum. Bana mısın demedi.(çok fazla düşürdüm)  Çok iyi çalışıyor. tavsiye ederim.,genel,pozitif
Aldıktan bir hafta sonra sağ taraftan ses gelmemeye başladı ne yapabilirim? Garantiye gönderebilir miyim? Nasıl bi yol izlemem gerekiyor ?,ses_goruntu,negatif
Aldığıma en pişman olduğum ürün resmen ya. Tamamen satıcısından kaynaklı bir durum almak isteyen gitsin mağazadan alsın. Alalı 2 ay olmadan karşıya sesi iletmem,genel,negatif
Aldığıma en pişman olduğum ürün resmen ya. Tamamen satıcısından kaynaklı bir durum almak isteyen gitsin mağazadan alsın. Alalı 2 ay olmadan karşıya sesi iletmem,ses_goruntu,notr
Aldığıma pişmanım bas yok!   3 yıl önce satın aldığım Qcy T 17 marka kullanıyordum kaybolunca bunu satın aldım ama?,genel,negatif
Aldığıma pişmanım bas yok!   3 yıl önce satın aldığım Qcy T 17 marka kullanıyordum kaybolunca bunu satın aldım ama?,ses_goruntu,negatif
"Aldığımda garantisinin bitmesine 10 ay vardı,orijinal olduğunu düşündüğüm için ve her gün zam yediği için iade etmedim.Firmaya ulaşamadım",kalite,pozitif
Aldığımda sorunsuz kullandım bir süre ama bilgisayarıma bağlanmadı o yüzden iade ettim bence direkt gidip almak daha sağlıklı,genel,negatif
"Almadan önce bu kadar ihtiyacım olduğunu bilmiyordum🙃 Aşırı kullanışlı, bağlantı kopmuyor ve çok yeterli. İyi ki almışım.",genel,pozitif
Apple kalitesi ne diyebiliriz ki süper. Anadolu lisesi kazanan yegenime hediye aldım çok iyi,kalite,pozitif
Apple’ın sevmediğim yanı bir ürününü alıyorsun eksikleri hiç bitmez…şarj kablosunu da bi zahmet kulaklıla üretip ayni kutuda yollasaydınız,genel,negatif
Aralık 2024 de aldığımda 4.445 tl fiyatındaydı neredeyse bir yıl olacak kullanışlı tabiiki ama kulağa iyi bir şekilde yerleşmiyor sürekli bir düşecek endişesi o,fiyat,pozitif
Aralık ayında alıyorum mayıstan başlatıyorsunuz garantiyi ne kadar saçma o zaman 2 yıl garanti demeyin 1 yıl 5 ay şuan garantim.,genel,negatif
Arama geldiğinde açılmıyor,genel,negatif
Arkadaşima hediye aldim cok güzel paketlemesi sağlam harika 🤩 bol kazançlar size,genel,pozitif
Arkadaşima hediye aldim cok güzel paketlemesi sağlam harika 🤩 bol kazançlar size,kalite,pozitif
Arkadaşima hediye aldim cok güzel paketlemesi sağlam harika 🤩 bol kazançlar size,ambalaj,pozitif
Arkadaşlar almayın sol kulağa oturdu ama sağa oturmadı airpods 2.nesil buna göre hem daha estetik hemde daha güzel oturuyordu kulakta artı kafa hareketleri çalı,genel,negatif
Arkadaşlar almayın sol kulağa oturdu ama sağa oturmadı airpods 2.nesil buna göre hem daha estetik hemde daha güzel oturuyordu kulakta artı kafa hareketleri çalı,kalite,pozitif
Artı yönleri ses kalitesi şarjı ve tasarımı eksi yönleri kesinlikle kulaktan düşüyor yürürken bile ara ara düzeltmek gerekiyor kablosuz şarjı desteklemiyor. Tam,batarya,negatif
Artı yönleri ses kalitesi şarjı ve tasarımı eksi yönleri kesinlikle kulaktan düşüyor yürürken bile ara ara düzeltmek gerekiyor kablosuz şarjı desteklemiyor. Tam,ses_goruntu,negatif
Asla bağlanmıyor resmen bağlansın diye kulaklığın keyfini bekliyoruz. alacak olanlara asla önermem,genel,negatif
Aynısı geldi,genel,notr
Aşırı kötü sesi o kadar çok az ki duymakta güçlük çekiyorum. iade ettim fakat iadem reddedildi ürünü bana geri göndereceklerini söylediler. tüketici haklarına ş,ses_goruntu,negatif
Babama almistim gayet guzeldi fakat 1 sene uztune bozuldu ve faturadan dolayi garantiyede kabul etmediler.,genel,negatif
Babama almistim gayet guzeldi fakat 1 sene uztune bozuldu ve faturadan dolayi garantiyede kabul etmediler.,kalite,negatif
Bana bozuk kulaklik satti ve 2 kez iade ettim bana kulaklik kutusunun degil icindeki kulakliklarin degistigini ilettiler 1 puan bile degil kesinlikle 0 almayin,genel,negatif
Bana bozuk kulaklik satti ve 2 kez iade ettim bana kulaklik kutusunun degil icindeki kulakliklarin degistigini ilettiler 1 puan bile degil kesinlikle 0 almayin,kalite,negatif
Bana bozuk kulaklik satti ve 2 kez iade ettim bana kulaklik kutusunun degil icindeki kulakliklarin degistigini ilettiler 1 puan bile degil kesinlikle 0 almayin,ambalaj,negatif
Bana geldiği tarihten 3 ay önce garanti süresi başlatılmış olarak geldi.,genel,negatif
Bass olarak iyi değil ama tasarım olarak harika,genel,pozitif
Bass olarak iyi değil ama tasarım olarak harika,ses_goruntu,negatif
Bayıldım bayıldım 🤩 kalitesi 😍 iyi ki almışım🥳 Bir avuç dolusu mutluluk 😁🥰,genel,pozitif
Bayıldım bayıldım 🤩 kalitesi 😍 iyi ki almışım🥳 Bir avuç dolusu mutluluk 😁🥰,kalite,pozitif
Bayıldım hem kalite hem orijinallik apple şaşırtmıyor ;),genel,pozitif
Bayıldım hem kalite hem orijinallik apple şaşırtmıyor ;),kalite,pozitif
Bayıldım ses tonlar mükemmel,genel,pozitif
Bayıldım ses tonlar mükemmel,ses_goruntu,pozitif
Bayıldım çok iyi  ses kalitesi gürültü önleme özelliği tam bi fiyat performansı bi ürün kaçırmayın 🙃,genel,pozitif
Bayıldım çok iyi  ses kalitesi gürültü önleme özelliği tam bi fiyat performansı bi ürün kaçırmayın 🙃,fiyat,pozitif
Bayıldım çok iyi  ses kalitesi gürültü önleme özelliği tam bi fiyat performansı bi ürün kaçırmayın 🙃,ses_goruntu,pozitif
Bağlantı sorunu oluyor arada..,genel,negatif
Bağlantıdan sürekli düşüyor! İadee!!!,genel,negatif
"Başarılı ürün, fiyat performans ürünü ses kalitesi malzeme kalitesi iyi 👍",kalite,pozitif
"Başarılı ürün, fiyat performans ürünü ses kalitesi malzeme kalitesi iyi 👍",fiyat,pozitif
"Başarılı ürün, fiyat performans ürünü ses kalitesi malzeme kalitesi iyi 👍",ses_goruntu,pozitif
Başarılı. Fiyat makul,fiyat,notr
Belki benle alakalı olabilir ama kulağıma büyük geldi,genel,notr
Ben aldıktan sonra fiyatı baya düştü,fiyat,negatif
Ben kulaklık değil haporlör almışım,genel,notr
Ben kulaklığımı alalı bir seneyi geçti fakat kutusu şarj almıyor %1 de kalıyor ne yapmam gerek,batarya,negatif
"Ben çok memnun kalmadım, sürekli kulağımdan düşüyor...",genel,negatif
Bence çok iyi şarj süresi 30 saat kullanım süresi mükemmel,genel,pozitif
Bence çok iyi şarj süresi 30 saat kullanım süresi mükemmel,batarya,pozitif
Beğendim hediye olarak almıştım. Güzel,genel,pozitif
"Bir aydır kullanıyorum, aldığım gün şarja taktım 1 ay boyunca kutuyu hiç şarj etmedim. Şarj konusunda oldukça başarılı.  Mikrofon konusunda hiç beğenmedim karşı",batarya,pozitif
"Bir aydır kullanıyorum, aldığım gün şarja taktım 1 ay boyunca kutuyu hiç şarj etmedim. Şarj konusunda oldukça başarılı.  Mikrofon konusunda hiç beğenmedim karşı",ses_goruntu,notr
Biraz bağlantısı sıkıntılı sesi de dışarıya veriyor fp ürünü,ses_goruntu,negatif
Biraz deniyim dedim sesi vs güzel ama şarjı 38 den 33 e düştü hemen normal mi bilmiyorum,batarya,negatif
Biraz deniyim dedim sesi vs güzel ama şarjı 38 den 33 e düştü hemen normal mi bilmiyorum,ses_goruntu,pozitif
Bozuk geldi ve servise git gel çok uğraştırdı hediye almıştım halbuki bir anlamı kalmadı,genel,negatif
Bozuk geldi ve servise git gel çok uğraştırdı hediye almıştım halbuki bir anlamı kalmadı,kalite,negatif
Bu kulaklığı ortalama 1 veya 2 ay önce aldım şuana kadar sorunsuz kullandım fakat bir anda sol kulaklık şarj almamaya başladı ve arada bir kutusuda şarja taktığ,batarya,negatif
Bu satıcıdan 2 kere aldım çok memnunum ürün kesinlikle orijinaldir,genel,pozitif
Bu satıcıdan 2 kere aldım çok memnunum ürün kesinlikle orijinaldir,kalite,pozitif
"Cok begendık,bence bes yıldızı hakedıyor",genel,pozitif
Cızıltı var iade ettim ve iademi reddettinizzz,genel,negatif
Daha önce kardeşime almıştım şimdi kendime aldım. Hızlı kargo ve sağlam paketleme. Teşekkürler,kargo,pozitif
Daha önce kardeşime almıştım şimdi kendime aldım. Hızlı kargo ve sağlam paketleme. Teşekkürler,kalite,pozitif
Daha önce kardeşime almıştım şimdi kendime aldım. Hızlı kargo ve sağlam paketleme. Teşekkürler,ambalaj,pozitif
Değer mi bilemedim ama ses kalitesi daha iyi,fiyat,notr
Değer mi bilemedim ama ses kalitesi daha iyi,ses_goruntu,pozitif
Direk kullandım çok memnunum kaldım tavsiye ederim herkese,genel,pozitif
"Dokunmatik ekranlı oldugu için kulağıma takıp çıkarırken veya kulağımdaki yerinden hafif hareket ettirmek istediğimde bazen sapıtıyo, onun dışında iyi",kalite,pozitif
"Dokunmatik ekranlı oldugu için kulağıma takıp çıkarırken veya kulağımdaki yerinden hafif hareket ettirmek istediğimde bazen sapıtıyo, onun dışında iyi",ses_goruntu,pozitif
Dışarı ses veriyor,ses_goruntu,negatif
Ekimde dolması gereken garantim nisan ayında bitti bu durumdan şikayetçiyim şuan airpodsum bozuldu ve tamir için para ödemek zorundayım her türlü yola başvuraca,genel,negatif
Ekimde dolması gereken garantim nisan ayında bitti bu durumdan şikayetçiyim şuan airpodsum bozuldu ve tamir için para ödemek zorundayım her türlü yola başvuraca,kalite,negatif
Ekimde dolması gereken garantim nisan ayında bitti bu durumdan şikayetçiyim şuan airpodsum bozuldu ve tamir için para ödemek zorundayım her türlü yola başvuraca,fiyat,negatif
Elime çok hızlı ulaştı gerçekten beğendim ses kalitesi de mükemmel,genel,pozitif
Elime çok hızlı ulaştı gerçekten beğendim ses kalitesi de mükemmel,ses_goruntu,pozitif
En kaliteli kullanışlı kulaklık herkese tavsiye ediyorum,genel,pozitif
En kaliteli kullanışlı kulaklık herkese tavsiye ediyorum,kalite,pozitif
En çok satan 1. Sırada oldugu için hiç düşünmeden sipariş vermiştim fakat sesi çok az veriyor çakma aplee almıştım 300 e o daha fazka veriyor arasında ciddi far,ses_goruntu,negatif
Ennnn büyük yardımcım harika valla alın sporda derste arabada çok büyük kolaylık,genel,pozitif
Erkek arkadaşım yıldönümü hediyesi olarak aldı çokk güzel,genel,pozitif
"Erkek arkadaşıma doğum günü hediyesi olarak aldım çok beğendi, orijinal ürün tek sorun yaşadığımız kısım garanti süresini yenileyememek oldu onun için destek ha",kalite,pozitif
Esime hediye aldim cok severek kullaniyor,genel,pozitif
Eski pods umu kaybettiğim için burdan aldım ama anlamadığım bir biçimde şarjı inanılmaz az gidiyor,batarya,notr
Eşime aldım gayet memnun,genel,pozitif
Eşime aldım çok beğendi Apple kalitesi tartışılmaz,kalite,notr
Eşime hediye aldım beğendik,genel,pozitif
Eşime hediye aldım çok beğendi,genel,pozitif
Fiyat performans,fiyat,pozitif
Fiyat performans alınabilir,fiyat,pozitif
Fiyat performans ürünü,fiyat,pozitif
Fiyat performans ürünü fena değil rüzgar sesini çok alıyor,fiyat,pozitif
Fiyat performans ürünü fena değil rüzgar sesini çok alıyor,ses_goruntu,pozitif
Fiyat performans ürünü kulağa takıldığında pek belli olmuyor dışarıdan bence bu yanı güzel ama dışarıya ses veriyor biraz olumsuz bir tarafı ona göre alacaklar,fiyat,pozitif
Fiyat performans ürünü kulağa takıldığında pek belli olmuyor dışarıdan bence bu yanı güzel ama dışarıya ses veriyor biraz olumsuz bir tarafı ona göre alacaklar,ses_goruntu,notr
Fiyat performansı olarak çok iyi,fiyat,pozitif
Fiyat zamminin yapildigi gun satin aldigim icin buyuk ihtimalle satici bana elindeki defolu urunu gonderdi. Sag kulaklik kulagindayken calmiyor sol kulaklik kut,kalite,negatif
Fiyat zamminin yapildigi gun satin aldigim icin buyuk ihtimalle satici bana elindeki defolu urunu gonderdi. Sag kulaklik kulagindayken calmiyor sol kulaklik kut,fiyat,negatif
Fiyatı bu kadar oynak olmamalı ben aldıktan sonra 300 lira düştü. 20 günde 900 lira fiyat fark ediyor. Trendyol birde kendisi satıyor. Yazık gerçekten.,fiyat,negatif
Fiyatına göre iyi ama ses çok çıkmıyor o durumu beğenmedim,fiyat,pozitif
Fiyatına göre iyi ama ses çok çıkmıyor o durumu beğenmedim,ses_goruntu,notr
Garanti konusunda sorun yaşadım ürünün garantisi aldığım tarihten 7 ay öncesinde başlamıştı sonrasında apple ile iletişime geçip düzelttirdim uğraştırdı biraz ş,genel,negatif
Garanti süresi aldığım tarihten daha kısa sürede bitiş gösteriyor ek garanti ise işlenmemiş daha 2 yılı dolmadan bitiş gösteriyor aldığınız tarihte fatura kesil,genel,negatif
Garanti süresi iki yol değil mi bugün elime ulaştı ürün garanti süresi 16 -11 -2024 te bitiyor gösteriyor. Bu durum için bir Yıldız verdim açıklama istiyorum,kargo,notr
Garantisi 01.06.2023 tarihinde başlamış gözüküyor. 4 ay garantimden oldum.,genel,negatif
Gayet güzel Orjinal ürün piyasaya göre fiyatı çok iyi,kalite,pozitif
Gayet güzel Orjinal ürün piyasaya göre fiyatı çok iyi,fiyat,pozitif
Gayet güzel beğeniyorum şarkı dinlemek için aldım yolda canım sıkılıyor malum İstanbul trafiği vatan satıcısından aldım ses kalitesi falan bayağı iyi bence vata,ses_goruntu,pozitif
Gayet güzel kızım için aldım çok beğendi,genel,pozitif
Gayet güzel ve minik. Kulak üstü kulaklıklarım çantalarıma sığmadığı için aldım. Ses kalitesi de güzel.,ses_goruntu,pozitif
Gayet hızlı geldi. Sevgilime aldım. Memnun kaldık teşekkür ederizz,genel,pozitif
Gayet hızlı geldi. Sevgilime aldım. Memnun kaldık teşekkür ederizz,kargo,pozitif
Gelen ürünün garantisi 6 ay görünüyor. Neden 24 ay olmadığını anlayamadım. Satıcı da asistan da sorunumla ilgilenmedi.,genel,negatif
Gercekten cok guzel kulaklik herkese tavsiye ederim kibar ve kulaga cok rahat oturuyor ses kaliteside cok guzel fiyat performans urunu,genel,pozitif
Gercekten cok guzel kulaklik herkese tavsiye ederim kibar ve kulaga cok rahat oturuyor ses kaliteside cok guzel fiyat performans urunu,fiyat,pozitif
Gercekten cok guzel kulaklik herkese tavsiye ederim kibar ve kulaga cok rahat oturuyor ses kaliteside cok guzel fiyat performans urunu,ses_goruntu,pozitif
Geri istiyorum :(,genel,negatif
Guzel ama disari ses veriyor bu kotu bence,ses_goruntu,negatif
Göründüğü gibi 3 günde geldi,genel,notr
Göründüğü gibi güzel ve kaliteli,kalite,pozitif
Güncel: ürünü iade aldılar ancli alıp ancsiz yolladıkları için.,genel,negatif
Günlük kulanım için aşırı ideal bir üründür ayrıca kulanım süresi olarak da gayet yeterli bi düzeydedir 4g jarz a takmadığım olmuştur bi kulaklığa göre gayet iy,genel,notr
Güzel beğendim sağlam geldi,genel,pozitif
Güzel beğendim sağlam geldi,kalite,pozitif
Güzel büyük kolaylık ve kablolu kulaklıktan sonra ses kalitesi muazzam ama sanki hızlı şarjı bitiyor,batarya,negatif
Güzel büyük kolaylık ve kablolu kulaklıktan sonra ses kalitesi muazzam ama sanki hızlı şarjı bitiyor,ses_goruntu,pozitif
Güzel fakat ürün anlamadığım şekilde çok hızlı şekilde çizildi arada sırada cızırtı geliyor,ses_goruntu,negatif
Güzel fiyatına göre,fiyat,pozitif
Güzel güvenilir satıcı,genel,pozitif
Güzel güzel,genel,pozitif
Güzel paketlenmişti fakat seri numarasını sorgulatınca garantisinin 13 ay kaldığını öğrendiğim için iadeye gönderdim,ambalaj,pozitif
Güzel çok beğendim ses kalitesi falan çok iyi,genel,pozitif
Güzel çok beğendim ses kalitesi falan çok iyi,ses_goruntu,pozitif
HIZLI KARGO İÇİN ÇOK TEŞEKKÜR EDERİM,kargo,pozitif
Harika bayıldım sevgilime aldım,genel,pozitif
Harika orijinal ürün güvenerek alabilirsiniz,genel,pozitif
Harika orijinal ürün güvenerek alabilirsiniz,kalite,pozitif
Harika ötesi gerçekten çok beğendim ses kalitesi ve minimalliği ile tam benlik ayrıca Trendyol’a ve Vatan teşekkür ederim,genel,pozitif
Harika ötesi gerçekten çok beğendim ses kalitesi ve minimalliği ile tam benlik ayrıca Trendyol’a ve Vatan teşekkür ederim,ses_goruntu,pozitif
Harika ürün ses kalitesi gürültü önleme özelliği ile tam bir performans ürün,genel,pozitif
Harika ürün ses kalitesi gürültü önleme özelliği ile tam bir performans ürün,ses_goruntu,pozitif
Hediye aldım durduk yere şarjı bitiyo,batarya,negatif
Hediye aldım çok beğenildi ses kalitesi çok iyi paketleme güzeldi,ses_goruntu,pozitif
Hediye aldım çok beğenildi ses kalitesi çok iyi paketleme güzeldi,ambalaj,pozitif
Hediye olarak aldim o yuzden acamadim kargolama hizi guzeldi trendyola guveniyorum,kargo,pozitif
Hediye olarak aldım kendim de aynı ürünü kullanıyorum gayet memnunum,genel,pozitif
Hediye olarak aldım çok beğenildi bir günde sapasağlam elime ulaştı,kargo,notr
Hep öneri alıyordum şimdis kendim aldım harika ürün,genel,pozitif
Hiç güzel değil bağlanmıyor bile şikayetçi olucam bozuk ürün gönderiyorlar,genel,negatif
Hiç güzel değil bağlanmıyor bile şikayetçi olucam bozuk ürün gönderiyorlar,kalite,negatif
Hiç tereddütsüz alabılırsınız ses kalitesı de çok ıyı,genel,pozitif
Hiç tereddütsüz alabılırsınız ses kalitesı de çok ıyı,ses_goruntu,pozitif
Hızlı geldi,kargo,pozitif
Hızlı geldi ama uzamsal çalışmıyor,kargo,pozitif
Hızlı geldi eşime anneler günü hediyesi aldım çok beğendi tşk,kargo,pozitif
Hızlı gönderim için teşekkür ederim muazzam bir ses kalitesi var Apple yetkili garanti kapsamında bilginiz olsun gönül rahatlığıyla alabilirsiniz 🙃🙃🙃,genel,pozitif
Hızlı gönderim için teşekkür ederim muazzam bir ses kalitesi var Apple yetkili garanti kapsamında bilginiz olsun gönül rahatlığıyla alabilirsiniz 🙃🙃🙃,ses_goruntu,pozitif
Hızlı kargo. Ürüne gelecek olursak. Bas sesi baskın şarkı sözleri arkadan geliyor gibi. Kulağa güzel oturuyor bir sıkıntı olursa yazarım. İdare eder bir ürün. 3,kargo,pozitif
Hızlı kargo. Ürüne gelecek olursak. Bas sesi baskın şarkı sözleri arkadan geliyor gibi. Kulağa güzel oturuyor bir sıkıntı olursa yazarım. İdare eder bir ürün. 3,ses_goruntu,notr
"Hızlı teslimat , ürün sorunsuz elime ulaştı gayet güzel paketlenmişti satıcıya teşekkür ederim 🙏 ses kalitesi vs çok iyi apple kalitesi zaten 👍👏",kargo,pozitif
"Hızlı teslimat , ürün sorunsuz elime ulaştı gayet güzel paketlenmişti satıcıya teşekkür ederim 🙏 ses kalitesi vs çok iyi apple kalitesi zaten 👍👏",ses_goruntu,pozitif
"Hızlı teslimat , ürün sorunsuz elime ulaştı gayet güzel paketlenmişti satıcıya teşekkür ederim 🙏 ses kalitesi vs çok iyi apple kalitesi zaten 👍👏",ambalaj,pozitif
Hızlı ve güzel bir paketleme ile elime ulaştı çok teşekkürler tavsiye ederim,genel,pozitif
Hızlı ve güzel bir paketleme ile elime ulaştı çok teşekkürler tavsiye ederim,kargo,pozitif
Hızlı ve güzel bir paketleme ile elime ulaştı çok teşekkürler tavsiye ederim,ambalaj,pozitif
Hızlı ve sorunsuz teslim aldım teşekkür ederim,kargo,pozitif
Iphone'um ile entegre olsun diye airpod aldım ancak dışarıdaki sesi hiç engellemiyor anlamadım.,ses_goruntu,notr
"Kadikoy icinden elimize ulasmasi bes gun surdu, gec kargolandi.",kargo,negatif
Kalite iyi sll kulakta bir sıkıntı yaşadık fakat apple servisinde değiştirdiler.,kalite,notr
Kalite kalıte 😀aldıktan hemen sonra apple kaydına yaptırdım garantısını başlattım faturasıyla,kalite,notr
Kaliteli bir ürün fiyatı da uygun,kalite,pozitif
Kaliteli bir ürün fiyatı da uygun,fiyat,pozitif
Kaliteli ve güzel,kalite,pozitif
Kalitesi .,kalite,notr
Kalitesi ve fiyatı çok iyi hızlı kargo için satıcıya teşekkür ederim..,kargo,pozitif
Kalitesi ve fiyatı çok iyi hızlı kargo için satıcıya teşekkür ederim..,kalite,pozitif
Kalitesi ve fiyatı çok iyi hızlı kargo için satıcıya teşekkür ederim..,fiyat,pozitif
Kalitesiz bi ürün kalitesiz demememin sebebi sesi sesi çok az geliyor tasarım yani iadare eder ama sesi az geldiği için kozmatiği övmenin manası yok,kalite,negatif
Kalitesiz bi ürün kalitesiz demememin sebebi sesi sesi çok az geliyor tasarım yani iadare eder ama sesi az geldiği için kozmatiği övmenin manası yok,ses_goruntu,negatif
Kargo hızlı teslim edildi. Lakin içerisinden kulaklık çıkmadı ve sesi dışarı oldukça yansıtıyor.,kargo,pozitif
Kargo hızlı teslim edildi. Lakin içerisinden kulaklık çıkmadı ve sesi dışarı oldukça yansıtıyor.,ses_goruntu,negatif
"Kargo hızlıydı, paketleme daha iyi olabilir. Garanti başlama tarihinde sıkıntı yaşamadım. Sesi, mikrofonu ve şarj süresi gayet iyi fakat kutusunun şarjı hızlı b",kargo,pozitif
"Kargo hızlıydı, paketleme daha iyi olabilir. Garanti başlama tarihinde sıkıntı yaşamadım. Sesi, mikrofonu ve şarj süresi gayet iyi fakat kutusunun şarjı hızlı b",batarya,negatif
"Kargo hızlıydı, paketleme daha iyi olabilir. Garanti başlama tarihinde sıkıntı yaşamadım. Sesi, mikrofonu ve şarj süresi gayet iyi fakat kutusunun şarjı hızlı b",ses_goruntu,pozitif
"Kargo hızlıydı, paketleme daha iyi olabilir. Garanti başlama tarihinde sıkıntı yaşamadım. Sesi, mikrofonu ve şarj süresi gayet iyi fakat kutusunun şarjı hızlı b",ambalaj,pozitif
Kargo kutusu gayet korunaklıydı. Apple kalitesi sorunsuz teslim edildi,kargo,pozitif
Kargo kutusu gayet korunaklıydı. Apple kalitesi sorunsuz teslim edildi,kalite,pozitif
Kargo kutusu gayet korunaklıydı. Apple kalitesi sorunsuz teslim edildi,ambalaj,pozitif
Kargo kutusu içinde hiçbir patpata ya da koruyucu malzemeye sarılmadan gönderildi. Sanki manavdan elma alıyoruz işinizi düzgün yapın,kargo,notr
Kargo kutusu içinde hiçbir patpata ya da koruyucu malzemeye sarılmadan gönderildi. Sanki manavdan elma alıyoruz işinizi düzgün yapın,kalite,notr
Kargo kutusu içinde hiçbir patpata ya da koruyucu malzemeye sarılmadan gönderildi. Sanki manavdan elma alıyoruz işinizi düzgün yapın,batarya,notr
Kargo kutusu içinde hiçbir patpata ya da koruyucu malzemeye sarılmadan gönderildi. Sanki manavdan elma alıyoruz işinizi düzgün yapın,ambalaj,notr
Kargo çok geç geldi.,kargo,negatif
Kargo çok uğraştırıcıydı 1 haftaya teslim edildi ürün şuanlık güzel fakat garantisi tam 2 yıl olarak gelmedi,kargo,notr
Kendime hediye aldımmm Güvenilir satıcı ürün orjinal geldi hiç bir sıkıntısı yok teşekkürler 🩵🩷🩵 birde kılıf aldım çok tatlı olduuu ✨🤎,kalite,pozitif
"Kesinlikle MediaMarkttan satın almayın, sipariş tarihim 7 Kasım elime geçişi 10 Kasım ürünün kurdum garanti bitme sürem 31 Ekim yani 10 gün önceden kurulmuş gib",genel,negatif
Kesinlikle almayın asla önermiyorum sipariş ettim sol kulaklık cızırtılı geldi bazı müziklerde belli oluyordu ama fazla basslı müziklerde belli olmuyordu ve sür,genel,negatif
Kesinlikle almayın asla önermiyorum sipariş ettim sol kulaklık cızırtılı geldi bazı müziklerde belli oluyordu ama fazla basslı müziklerde belli olmuyordu ve sür,kargo,notr
Kesinlikle almayın asla önermiyorum sipariş ettim sol kulaklık cızırtılı geldi bazı müziklerde belli oluyordu ama fazla basslı müziklerde belli olmuyordu ve sür,ses_goruntu,negatif
Kesinlikle daha önce müzik dinlemiyormuşum o derece iyi. 1 günde elime ulaştı gerçekten çok memnunum,genel,pozitif
Kesinlikle daha önce müzik dinlemiyormuşum o derece iyi. 1 günde elime ulaştı gerçekten çok memnunum,kargo,pozitif
Konuşurken ses karşı tarafa sağlıklı gitmiyor ama müzik dinlemek için alıyorsanız alın,ses_goruntu,negatif
Kulagimi acitti ama urun guzel,genel,pozitif
Kulaklık da sıkıntı var konuşurken sesım net gitmiyor nasıl iletişime geçebilirim,ses_goruntu,negatif
Kulaklık elime sorunsuz ulaştı ancak garanti kapsam süresi bitmiş şekilde elime ulaştı mecburen trendyol üzerinden sigortalamak zorunda kaldım,kargo,pozitif
Kulaklık güzel tavsiye ederim.,genel,pozitif
Kulaklık ilk bağlandığında ve ara ara hışırtı ses çıkarıyor. Daha çok sinyal sesi gibi. Onun dışında güzel kulaklık.,ses_goruntu,pozitif
Kulaklık kendi kndine sıfırlanıyor şarjı hiç kullanma kutunun içinde şarj yiyor hiçkimse yardımcı olmadı garanti falanda kapsamıyor bu arada kesinlikle ama kesi,batarya,notr
Kulaklık seri numaraları farklı,genel,negatif
Kulaklığımda bu şekilde demir parçaları oluşuyor daha yeni almama rağmen bi açıklama yaparmısınız?,genel,notr
Kulaklığımın sağ tarafından ses gelmeye başladı. Ürünü apple mağazasına götürdüğümde fatura tarihinin aldığım tarihten daha erken kesildiğini gördüler ve bu yan,ses_goruntu,pozitif
Kulaklığın iki tanesi aynı anda çalışmıyor. Sol çalışırken sağ çalışmıyor. Başka cihazlardan baktığımda kulaklığın adı dahi gözükmüyor.,genel,negatif
Kulakta emanet gibi duruyor düştü düşecek sanki. Ayrıca neden şarj girişi iPhone kablo uç değil 🤦🏻‍♀️,batarya,notr
Kulakta rahatsız etmıyor apple kalıtesıı,kalite,notr
Kulaktan sürekli düşmesi dışında problem yok gayet iyi,genel,pozitif
Kulağa oturması güzel ama ses kalitesini ben pek beğenmedim ama iş görür bu fiyata bu kadar,fiyat,notr
Kulağa oturması güzel ama ses kalitesini ben pek beğenmedim ama iş görür bu fiyata bu kadar,ses_goruntu,notr
Kulağa tam oturmuyor düşüyor memnun kalmadım.,genel,negatif
Kulağımdan sürekli düşüyor. Alalı 2 gün oldu ve kullanmayı bıraktım. Airpods 2 kullanıyordum ve hiç düşmüyordu. Kulak deliği epey büyük olmayanlar almasın.,genel,negatif
Kullanmaya başladım uzun süredir almak istiyordum içinde şarj kablosu yok yeni nesillerin hiçbirinde yok typce girişi ses kalitesi çok güzel baslar çok iyi teşe,ses_goruntu,pozitif
Kuponla güzel bi fiyata aldım orjinal begendim,genel,pozitif
Kuponla güzel bi fiyata aldım orjinal begendim,kalite,pozitif
Kuponla güzel bi fiyata aldım orjinal begendim,fiyat,pozitif
"Kusurlu geldi, uğraşmamak için iade etmedim; kutu içi seri numarası, kutu dışı ve airpods içindeki seri numarayla aynı değil. Apple destekten bilgi almanızı öne",kalite,negatif
Kutusu küçülmüş kablo le cıkmıyor bu parayı haketmiyor bi kulaklık bu para olamaz,fiyat,negatif
Küçük ama baya iyi bir ürün tavsiye ederim ses kalitesi mükemmel,genel,pozitif
Küçük ama baya iyi bir ürün tavsiye ederim ses kalitesi mükemmel,ses_goruntu,pozitif
Kızım için aldım.  Çok beğendi,genel,pozitif
Kızıma aldım. Çok güzel bir ürün. Ses kalitesi mükemmel. Orijinal bir ürün.,genel,pozitif
Kızıma aldım. Çok güzel bir ürün. Ses kalitesi mükemmel. Orijinal bir ürün.,ses_goruntu,pozitif
Lenovo kulaklığım daha dışarı ses vermezken bu efsane ses veriyo. Ama ses kalitesi çok iyi olduğu için devamlı olarak kullanıyorum.,ses_goruntu,pozitif
MEDİMARKT güvendiğim marka orjinal ürün.,kalite,pozitif
Media Marketten aldığım 2. Nesil kulaklığım bundan iyiydi piyasada olmadığı için tekrar alamadım maalesef onun çekim alanı da süperdi kaç metre uzaklıktan algıl,kalite,pozitif
Media markt tan aldım kulaklığın garantisi 1.5 ay önce başlamış gözüküyor.,genel,negatif
Merhaba aldığım kulaklıkta şarj problemi yaşıyorum. Şarjı hemen bitiyor ve şarj kutusu %4 ten fazla dolmuyor. Garanti kapsamında ilgilenir misiniz??,batarya,negatif
Merhaba kulaklık aldım fakat şarjı bir dakikada bitiyor bu konuda bana yardımcı olabilirmisiniz,batarya,negatif
Merhaba ürünün sol teki çalışmıyor,genel,negatif
Merhaba ürünün şarj problemi var ancak 2 şarkı dinleyebiliyorum yardımcı olur musunuz,batarya,negatif
Mikrofon sorunu vardı kapatıp açtım düzeldi. GARANTİ 6 AY ÖNCEDEN BAŞLATILMIŞ. Değişim yapmayacakları için uğraşmadım ama şehrinizde mediamarkt varsa gidin orda,ses_goruntu,negatif
Muhteşem bir ürün kesinlikle almalısınız bağlantı hızı ses kalitesi çok iyi çok beğendim 👏👏👏,genel,pozitif
Muhteşem bir ürün kesinlikle almalısınız bağlantı hızı ses kalitesi çok iyi çok beğendim 👏👏👏,ses_goruntu,pozitif
Mükemmel geldi ses kalitesi efsane ve telefonla da güzelce konuşuluyor,genel,pozitif
Mükemmel geldi ses kalitesi efsane ve telefonla da güzelce konuşuluyor,ses_goruntu,pozitif
Müthiş satıcı müthiş ürün gönül rahatlığıyla alın aldırın kesinlikle orijinal ses kalitesi muazzam apple farkı :),ses_goruntu,pozitif
Müthişş alın aldırın airpods 2 kullanan biri olarak farkları elle tutulur gürültü engelleyici,ses_goruntu,notr
Müzik dinlemekten keyif alamıyorum ses seviyesi hiç tatmin edici değil.Beklediğim gibi çıkmadı maalesef.,ses_goruntu,negatif
Nasıl 2. Nesil anlamadim sarji cabuk bitior 2-3 yil once aldigim powaray cakma kullaklik hala daha uzun sure gidior sarji okadar video izleyip dinliom bundan ca,kalite,pozitif
Nasıl 2. Nesil anlamadim sarji cabuk bitior 2-3 yil once aldigim powaray cakma kullaklik hala daha uzun sure gidior sarji okadar video izleyip dinliom bundan ca,batarya,negatif
Nasıl 2. Nesil anlamadim sarji cabuk bitior 2-3 yil once aldigim powaray cakma kullaklik hala daha uzun sure gidior sarji okadar video izleyip dinliom bundan ca,ses_goruntu,pozitif
Nasıl bir haksızlık daha 2 gün önce aldım fiyat 7999 tl fen 7499 tl ye düşmüş gibi gösteriyorlardı şimdi tam tersi 7499 tl den 6800 e düşürmüş gibi bu ürün gerç,fiyat,notr
Ne demek yalnızca 1 adet alabilirim,genel,notr
Neden şarj aleti yok yani bu kadar para veriyoruz niye şarj aleti yok,fiyat,negatif
Neden şarj aleti yok yani bu kadar para veriyoruz niye şarj aleti yok,batarya,negatif
Nestech satıcısından aldığım ürünü seri numarasından kontrol edebildim fakat garanti süresinin bitmesine bir ay kaldığını gösteriyor kulaklığın şarj kutusunda d,batarya,negatif
Orijinal apple ürünü media markttan aldım satıcıya cok dikkat edin alırken . Kargo cok güzel paketlenmişti ve 1 günde geldi. Fiyatı piyasanın en uygunuydu teşek,kargo,pozitif
Orijinal apple ürünü media markttan aldım satıcıya cok dikkat edin alırken . Kargo cok güzel paketlenmişti ve 1 günde geldi. Fiyatı piyasanın en uygunuydu teşek,kalite,pozitif
Orijinal apple ürünü media markttan aldım satıcıya cok dikkat edin alırken . Kargo cok güzel paketlenmişti ve 1 günde geldi. Fiyatı piyasanın en uygunuydu teşek,fiyat,pozitif
Orijinal apple ürünü media markttan aldım satıcıya cok dikkat edin alırken . Kargo cok güzel paketlenmişti ve 1 günde geldi. Fiyatı piyasanın en uygunuydu teşek,ambalaj,pozitif
Orijinal geldi ama anlamadığım şey şu garanti kaydetmede sorun yaşadım satın aldığım tarihi kabul etmedi destekten bağlandığımda da mayıs 2025 e kadar garanti g,genel,negatif
Orijinal geldi ama anlamadığım şey şu garanti kaydetmede sorun yaşadım satın aldığım tarihi kabul etmedi destekten bağlandığımda da mayıs 2025 e kadar garanti g,kalite,negatif
Orijinal satıcı,kalite,pozitif
Orijinal ve güzel beğendim,genel,pozitif
Orijinal ve güzel beğendim,kalite,pozitif
Orijinal ürün hızlı geldi fakat Ekim ayında sipariş verdim garanti başlangıç süresi Mayıs gözüküyor,kargo,pozitif
Orijinal ürün hızlı geldi fakat Ekim ayında sipariş verdim garanti başlangıç süresi Mayıs gözüküyor,kalite,pozitif
Orijinal ürün ve çok memnunum 💜😍,genel,pozitif
Orijinal ürün ve çok memnunum 💜😍,kalite,pozitif
Orijinalliği konusunda emin olamadım tam olarak,kalite,pozitif
Orjinal 2 aydır kullanıyorum gayet memnunum,genel,pozitif
Orjinal 2 aydır kullanıyorum gayet memnunum,kalite,pozitif
Orjinal olduğundan çok şüpeliyim,kalite,pozitif
Orjinal paketlemede çok iyi,kalite,pozitif
Orjinal paketlemede çok iyi,ambalaj,pozitif
Orjinal ürün geliyor bu fiyata başka yerde ... bulursunuz . Xiaomi cihazlarda kapak açtığınız zaman animasyon ile beraber telefonla bağlantı kuruyor parasinin ç,kalite,pozitif
Orjinal ürün geliyor bu fiyata başka yerde ... bulursunuz . Xiaomi cihazlarda kapak açtığınız zaman animasyon ile beraber telefonla bağlantı kuruyor parasinin ç,fiyat,pozitif
Orjinal ürün hızlı ve sorunsuz teslimat teşekkür ederim,kargo,pozitif
Orjinal ürün hızlı ve sorunsuz teslimat teşekkür ederim,kalite,pozitif
Orjinal ürün oğluma hediye aldım daha kendime de almıştım çok beğendim,genel,pozitif
Orjinal ürün oğluma hediye aldım daha kendime de almıştım çok beğendim,kalite,pozitif
Orjinal ürün paketlemesi de iyiydi,kalite,pozitif
Orjinal ürün paketlemesi de iyiydi,ambalaj,pozitif
Orjinalliğinden hiç şüpheniz olmasın terredüt etmiştim alırken nişanlıma doğum günü hediyesi olarak aldım  çok memnun,genel,pozitif
Orjinalliğinden hiç şüpheniz olmasın terredüt etmiştim alırken nişanlıma doğum günü hediyesi olarak aldım  çok memnun,kalite,pozitif
Ortlama 1 haftadır kullanıyorum . Son 2-3 gündür sol kulaklıkta cızırtı hissetmeye başladım . Bu konuda yardımcı olabilir misiniz ?,ses_goruntu,negatif
Oğlum için aldım çok beğendi.,genel,pozitif
Oğlum için aldım. Ses kalitesini çok beğendi. Severek kullanıyor. Teşekkürler.,ses_goruntu,pozitif
Paketle çok iyidi ses kalitesi de oldukça yüksek,ses_goruntu,pozitif
Paketleme gayet iyi ve kargo hızlıydı ürün sorunsuz geldi ve sorunsuz kullanıyorum,kargo,pozitif
Paketleme gayet iyi ve kargo hızlıydı ürün sorunsuz geldi ve sorunsuz kullanıyorum,ambalaj,pozitif
Paketleme iyiydi. Sapa saglam geldi. Sevgilime almistim cok mutlu oldu,kalite,pozitif
Paketleme iyiydi. Sapa saglam geldi. Sevgilime almistim cok mutlu oldu,ambalaj,pozitif
Paketleme kargolama başarılıydı beğendim 👍🏼,genel,pozitif
Paketleme kargolama başarılıydı beğendim 👍🏼,kargo,pozitif
Paketleme kargolama başarılıydı beğendim 👍🏼,ambalaj,pozitif
Paketleme özenliydi sorunsuz teslim edildi orjinal ürün sıkıntı yok beğendim,genel,pozitif
Paketleme özenliydi sorunsuz teslim edildi orjinal ürün sıkıntı yok beğendim,kargo,pozitif
Paketleme özenliydi sorunsuz teslim edildi orjinal ürün sıkıntı yok beğendim,kalite,pozitif
Paketleme özenliydi sorunsuz teslim edildi orjinal ürün sıkıntı yok beğendim,ambalaj,pozitif
Paranla rezil olmak istiyosanız alın  satıcı vatan. Trendyol üzerinden alındığı için şubeleri hiç bir şey yapmıyor aynı şekilde müşteri hizmetleride. Şarjada sı,fiyat,notr
Paranla rezil olmak istiyosanız alın  satıcı vatan. Trendyol üzerinden alındığı için şubeleri hiç bir şey yapmıyor aynı şekilde müşteri hizmetleride. Şarjada sı,batarya,notr
Rüzgarlı havada (bisiklet sürerken vs.) mikrofonu sesi almıyor ama kullanım ve müzik olarak mükemmel,genel,pozitif
Rüzgarlı havada (bisiklet sürerken vs.) mikrofonu sesi almıyor ama kullanım ve müzik olarak mükemmel,ses_goruntu,notr
SAĞ KULAKLIKTAN SES GELMİYOR..TEKRAR TEKRAR BAĞLADIM AMA DÜZELMİYOR. Çıldırdımmm,genel,negatif
SAĞ KULAKLIKTAN SES GELMİYOR..TEKRAR TEKRAR BAĞLADIM AMA DÜZELMİYOR. Çıldırdımmm,ses_goruntu,negatif
"Sadece patpata sarılıp gönderilmiş 😒.Kutuya bile koyulmamış.Kulaklığı denemedim henüz,umarım sorun yoktur ve orijinaldir",kalite,pozitif
"Sadece patpata sarılıp gönderilmiş 😒.Kutuya bile koyulmamış.Kulaklığı denemedim henüz,umarım sorun yoktur ve orijinaldir",ambalaj,notr
Sakın almayın ilgisiz satıcı,genel,negatif
Sakın almayın çak ürün satıyorlar,genel,negatif
Sakın almayın ürün arızalı çıktı iade ettim ürün de sorun yok diye geri gönderdiler trendyol da yardımcı olmadı sakın almayın,genel,negatif
Sakın almayın ürün arızalı çıktı iade ettim ürün de sorun yok diye geri gönderdiler trendyol da yardımcı olmadı sakın almayın,kalite,negatif
Satın aldığımda garantisi 1 yıl sonra bitiyor gözüküyordu apple sağolsun aradım ve hallettim,genel,negatif
Satın almamın üstünden 1 sene geçti hiçbir darbe düşme bi sıkıntı yaşamamasına rağmen ilk önce sol bağlanmadı şarj dahi olmadı sonra reset attım düzelmişti üzer,batarya,negatif
Sağ kulaklık çalışmıyor,genel,negatif
Sağ kulaklık çalışmıyor iade bilr edemiyorum rezillik resmen mediamarkt artık alışveriş yapmayacağım,genel,negatif
"Sağ kulaklık çalışmıyor, acil bir şekilde değişimini talep ediyorum.",genel,negatif
Sağ kulaklığın bassı az geliyor,ses_goruntu,notr
Ses falan süper Apple kalitesi fakat şarj bitmiş geldi,kalite,pozitif
Ses falan süper Apple kalitesi fakat şarj bitmiş geldi,batarya,negatif
Ses falan süper Apple kalitesi fakat şarj bitmiş geldi,ses_goruntu,pozitif
Ses güzel ama şarj problemi var. Az kullanmama rağmen tek kullanışta şarjı bitiyor en ihtiyacım olan yerde bir bakıyorum şarjı yok. Sabah 100 olan şarj 2 saat b,batarya,negatif
Ses güzel ama şarj problemi var. Az kullanmama rağmen tek kullanışta şarjı bitiyor en ihtiyacım olan yerde bir bakıyorum şarjı yok. Sabah 100 olan şarj 2 saat b,ses_goruntu,pozitif
Ses güzel ve sağlam paket elime ulaştı.,kargo,pozitif
Ses güzel ve sağlam paket elime ulaştı.,kalite,pozitif
Ses güzel ve sağlam paket elime ulaştı.,ses_goruntu,pozitif
Ses güzel ve sağlam paket elime ulaştı.,ambalaj,notr
Ses her şey çok güzel. Başta kararsız kalmıştım almaktan ama iyi ki almışım. Garantisi de 2024 ekime kadar geçerli.,ses_goruntu,pozitif
Ses iyi fakat konuşmada karşı taraf beni zor duyuyor,ses_goruntu,pozitif
"Ses kalitesi , sessiz ortamlarda güzel fakat yoğun ortam ve dış ortamda sessiz kalıyor.Konuşurken ses kesiliyor",ses_goruntu,pozitif
Ses kalitesi baya iyi apple ile tam uyumlu bayıldım,genel,pozitif
Ses kalitesi baya iyi apple ile tam uyumlu bayıldım,ses_goruntu,pozitif
"Ses kalitesi gayet iyi. Paketlemede özenliydi , teşekkürler .",ses_goruntu,pozitif
"Ses kalitesi gayet iyi. Paketlemede özenliydi , teşekkürler .",ambalaj,pozitif
Ses kalitesi güzel,ses_goruntu,pozitif
Ses kalitesi güzel ama dışarıya sesi çok fazla veriyor çok düşükte bile yanındaki duyuyor ne dinlediğini kutuda bi typ c şarj kablosu olsaydı iyi olurdu :/,batarya,notr
Ses kalitesi güzel ama dışarıya sesi çok fazla veriyor çok düşükte bile yanındaki duyuyor ne dinlediğini kutuda bi typ c şarj kablosu olsaydı iyi olurdu :/,ses_goruntu,pozitif
Ses kalitesi iyi,ses_goruntu,pozitif
Ses kalitesi iyi ama mikrofonu çok çok kötü karşıdakine ses boğuk gidiyor keşke almasaydım,ses_goruntu,negatif
Ses kalitesi iyi değil farklı marka telefona sahip arkadaşlara özellikle iPhone kullanıcılarına tavsiye etmiyorum denedim karşı tarafla görüşme müzik dinleme ba,genel,negatif
Ses kalitesi iyi değil farklı marka telefona sahip arkadaşlara özellikle iPhone kullanıcılarına tavsiye etmiyorum denedim karşı tarafla görüşme müzik dinleme ba,ses_goruntu,negatif
Ses kalitesi kullanımı gerçekten çok rahat kargoda sağlam geldi telefona bağlanması sorunsuz şarjı uzun süre gidiyor.,kargo,pozitif
Ses kalitesi kullanımı gerçekten çok rahat kargoda sağlam geldi telefona bağlanması sorunsuz şarjı uzun süre gidiyor.,batarya,pozitif
Ses kalitesi kullanımı gerçekten çok rahat kargoda sağlam geldi telefona bağlanması sorunsuz şarjı uzun süre gidiyor.,ses_goruntu,pozitif
Ses kalitesi kullanışlılık harika ancak bir kere yere düşürmemde hemen kulaklık çizildi sorun oluşturmuyor olmasına rağmen kullanırken dikkatli olmak gerekiyor,genel,pozitif
Ses kalitesi kullanışlılık harika ancak bir kere yere düşürmemde hemen kulaklık çizildi sorun oluşturmuyor olmasına rağmen kullanırken dikkatli olmak gerekiyor,ses_goruntu,pozitif
Ses kalitesi muazzam. Bende vardı şimdi eşime de aldım çok çok beğendi. Hem bir şeyler dinleyebiliyorsunuz hem de dışarıdaki sesleri duyuyorsunuz buna rağmen di,ses_goruntu,pozitif
Ses kalitesi mükemmel eşime hediye  olarak aldım çok beğendi,genel,pozitif
Ses kalitesi mükemmel eşime hediye  olarak aldım çok beğendi,ses_goruntu,pozitif
"Ses kalitesi mükemmel, şarj performansını kullanmaya devam ettikçe göreceğiz. Paketleme de çok iyiydi tek sorun ürün çok geç elime ulaştı. Alacaklar 1-2 güne el",genel,pozitif
"Ses kalitesi mükemmel, şarj performansını kullanmaya devam ettikçe göreceğiz. Paketleme de çok iyiydi tek sorun ürün çok geç elime ulaştı. Alacaklar 1-2 güne el",kargo,negatif
"Ses kalitesi mükemmel, şarj performansını kullanmaya devam ettikçe göreceğiz. Paketleme de çok iyiydi tek sorun ürün çok geç elime ulaştı. Alacaklar 1-2 güne el",batarya,pozitif
"Ses kalitesi mükemmel, şarj performansını kullanmaya devam ettikçe göreceğiz. Paketleme de çok iyiydi tek sorun ürün çok geç elime ulaştı. Alacaklar 1-2 güne el",ses_goruntu,pozitif
"Ses kalitesi mükemmel, şarj performansını kullanmaya devam ettikçe göreceğiz. Paketleme de çok iyiydi tek sorun ürün çok geç elime ulaştı. Alacaklar 1-2 güne el",ambalaj,negatif
Ses kalitesi mükemmel.,genel,pozitif
Ses kalitesi mükemmel.,ses_goruntu,pozitif
"Ses kalitesi sebebiyle puan kırdım, bas veyatta tiz sesleri çok yüksek vurgulamiyor şahsen çok beğenmedim iade edicem",ses_goruntu,negatif
Ses kalitesi çok düşük maalesef,ses_goruntu,negatif
Ses kalitesi çok güzel kendime hediye aldım bayıldım,genel,pozitif
Ses kalitesi çok güzel kendime hediye aldım bayıldım,ses_goruntu,pozitif
Ses kalitesi çok iyi fakat son ses açınca dışarı sanki kulaklık takmamışım gibi ses gidiyor bu yönü çok kötü .,ses_goruntu,negatif
"Ses kalitesi çok iyi, ürünü aldığımda garanti süresini kontrol etmek için appleın sitesine seri numarasını girdim fakat aldığım tarih işlenmemişti, apple müşter",ses_goruntu,pozitif
"Ses kalitesi, kullanım rahatlığı içime sindi. Tavsiye ediyorum, tereddüt etmeden alınabilecek bir ürün.",genel,pozitif
"Ses kalitesi, kullanım rahatlığı içime sindi. Tavsiye ediyorum, tereddüt etmeden alınabilecek bir ürün.",ses_goruntu,pozitif
Ses mükemmel kesinlikle tavsiye ederim,genel,pozitif
Ses mükemmel kesinlikle tavsiye ederim,ses_goruntu,pozitif
Ses patlak gibi geliyor bazen kulaktan düşüyor ve poşetin içine göstermelil şişme koymuşlar kulaklık bir yerde koruma bir yerde bu paraya idare eder,fiyat,negatif
Ses patlak gibi geliyor bazen kulaktan düşüyor ve poşetin içine göstermelil şişme koymuşlar kulaklık bir yerde koruma bir yerde bu paraya idare eder,ses_goruntu,negatif
Ses seviyesi çok düşük ama hafif kulağı ağırtmıyor,ses_goruntu,negatif
Ses yalandan geliyor hoşuma gitmedi bundan önce de redmi nin modelini kullandım çok iyidi,ses_goruntu,pozitif
"Ses çok az geliyor sevmedim kulağa tam oturmuyor iç kulak olmasına rağmen , şarjı uzun gidiyor sadece",batarya,pozitif
"Ses çok az geliyor sevmedim kulağa tam oturmuyor iç kulak olmasına rağmen , şarjı uzun gidiyor sadece",ses_goruntu,pozitif
Ses çok iyi sadece oyun oynarken boğuk bir ses oluyor oyuna gir çık yapınca az biraz düzeliyor onun dışında çok memnunum,genel,pozitif
Ses çok iyi sadece oyun oynarken boğuk bir ses oluyor oyuna gir çık yapınca az biraz düzeliyor onun dışında çok memnunum,ses_goruntu,negatif
Ses çok iyi çok hızlı geldi teşekkürler🤗,kargo,pozitif
Ses çok iyi çok hızlı geldi teşekkürler🤗,ses_goruntu,pozitif
Sesi boyutu ses kalitesi çok güzel ses engelleme özelliğide var çok beşenerek kullanıyorum hayatımı kolaylaştırdı,ses_goruntu,pozitif
Sesi güzel önce şüphe ettim orijinalliğinden sonra kızım araştırdı orjinal ürün paketlemeside güzeldi teşekkür ederim 🙏,kalite,pozitif
Sesi güzel önce şüphe ettim orijinalliğinden sonra kızım araştırdı orjinal ürün paketlemeside güzeldi teşekkür ederim 🙏,ses_goruntu,pozitif
Sesi güzel önce şüphe ettim orijinalliğinden sonra kızım araştırdı orjinal ürün paketlemeside güzeldi teşekkür ederim 🙏,ambalaj,pozitif
Sesi kalitesi çok iyi daha önce niye almamışım dedirtti güzel bir konfor.,kalite,pozitif
Sesi kalitesi çok iyi daha önce niye almamışım dedirtti güzel bir konfor.,ses_goruntu,pozitif
"Sesi umduğum gibi değil normal çıkıyor bazen çok kısık geliyor  , şarkı dinlerken de konuşurken de daha yüksek ses kalitesi olacak şekilde yapılabilirdi , aldığ",ses_goruntu,notr
Sesi çok iyi değil en yüksek sesi açmama rağmen kısık ses geliyor.,ses_goruntu,negatif
Severek kullanıyorum ses kalitesi Apple zaten tartışılmaz,ses_goruntu,pozitif
Sevgilim için aldım çok mutlu oldu kendimede alacağım teşekkürler kargo hızlıydı 😻,kargo,pozitif
Sevgilime doğum günü hediye olarak almıştım çok güzel,genel,pozitif
Sevgilime hediye aldim mukemmel begendi sanirim evlenicez,genel,pozitif
Sevgilime hediye almıştım harika,genel,pozitif
Siparis verdikten 2 hafta sonra geldi kargom,kargo,notr
"Slikonlular kulağıma uymuyor, 3. Nesil de kulağımdan düşüyor. Bu modelden çok memnunum",genel,pozitif
"Slikonlular kulağıma uymuyor, 3. Nesil de kulağımdan düşüyor. Bu modelden çok memnunum",kalite,notr
Sol kulaklık çalışmıyor bir de şimdi servisle uğraşacağım,genel,negatif
Sorunsuz elime ulaştı eşime hediye aldım şarjı güzel gidiyor,kargo,pozitif
Sorunsuz elime ulaştı eşime hediye aldım şarjı güzel gidiyor,batarya,pozitif
Sorunsuz geldi beğendim,genel,pozitif
Sorunsuz ulaştı,genel,pozitif
Süper bir ürün kesin tavsiyemdir👍,genel,pozitif
"SİZLERDEN ALMIŞ OLDUĞUM AİRPODS 2. NESİL 30 DK ÖNCE TESLİM EDİLDİ VE ÜRÜN BOZUK. NE ŞARJ OLUYOR, NE DE KULAKLIKLAR ÇALIŞIYOR. İVEDİLİKLE DESTEK OLMANIZI İSTİYOR",genel,negatif
"SİZLERDEN ALMIŞ OLDUĞUM AİRPODS 2. NESİL 30 DK ÖNCE TESLİM EDİLDİ VE ÜRÜN BOZUK. NE ŞARJ OLUYOR, NE DE KULAKLIKLAR ÇALIŞIYOR. İVEDİLİKLE DESTEK OLMANIZI İSTİYOR",kargo,negatif
"SİZLERDEN ALMIŞ OLDUĞUM AİRPODS 2. NESİL 30 DK ÖNCE TESLİM EDİLDİ VE ÜRÜN BOZUK. NE ŞARJ OLUYOR, NE DE KULAKLIKLAR ÇALIŞIYOR. İVEDİLİKLE DESTEK OLMANIZI İSTİYOR",kalite,negatif
"SİZLERDEN ALMIŞ OLDUĞUM AİRPODS 2. NESİL 30 DK ÖNCE TESLİM EDİLDİ VE ÜRÜN BOZUK. NE ŞARJ OLUYOR, NE DE KULAKLIKLAR ÇALIŞIYOR. İVEDİLİKLE DESTEK OLMANIZI İSTİYOR",batarya,negatif
"Tam fiyat performans bir kulaklık. Günlük kullanımda kesinlikle fazlasıyla is görür. Ebatı biraz küçük ama, bilginiz olsun.",fiyat,pozitif
Tam fiyat performans ürünü. şimdiye kadar aldığım en iyi kulaklık. Aslında önceki kulaklığım kaybolunca yenisini alana kadar idare etsin diye almıştım. Şarjı uz,fiyat,pozitif
Tam fiyat performans ürünü. şimdiye kadar aldığım en iyi kulaklık. Aslında önceki kulaklığım kaybolunca yenisini alana kadar idare etsin diye almıştım. Şarjı uz,batarya,pozitif
"Tatmin edici bi ses özelliği yok,normal işinizi görecek bi ürün fazla beklentiniz olmasın.",batarya,negatif
"Tatmin edici bi ses özelliği yok,normal işinizi görecek bi ürün fazla beklentiniz olmasın.",ses_goruntu,negatif
"Tavsiye ederim, ses kalitesi gayet iyi dış sesi çok güzel kesiyor.",genel,pozitif
"Tavsiye ederim, ses kalitesi gayet iyi dış sesi çok güzel kesiyor.",ses_goruntu,pozitif
Tek kelimeyle mükemmel kargo çok hızlı teslimat paketleme süper teşekkürler emeği geçenlere gönül rahatlığıyla spariş verebilirsiniz ben kendime aldı geçen yıl,genel,pozitif
Tek kelimeyle mükemmel kargo çok hızlı teslimat paketleme süper teşekkürler emeği geçenlere gönül rahatlığıyla spariş verebilirsiniz ben kendime aldı geçen yıl,kargo,pozitif
Tek kelimeyle mükemmel kargo çok hızlı teslimat paketleme süper teşekkürler emeği geçenlere gönül rahatlığıyla spariş verebilirsiniz ben kendime aldı geçen yıl,ambalaj,pozitif
Tek pişmanlığım gürültü engelliyici almamak keşke onu sipariş verseydim ama aynı özellikler var zaten kaliteli çok severek kullanıyorum,genel,negatif
Tek pişmanlığım gürültü engelliyici almamak keşke onu sipariş verseydim ama aynı özellikler var zaten kaliteli çok severek kullanıyorum,kalite,pozitif
Tek pişmanlığım gürültü engelliyici almamak keşke onu sipariş verseydim ama aynı özellikler var zaten kaliteli çok severek kullanıyorum,ses_goruntu,negatif
Tek tarafın şarjı daha hızlı bitiyor,batarya,negatif
Tek yıldız verıyorum çünkü içinden şarj kablosu cıkmadı🥲,genel,negatif
Telefon görüşmelerinde sürekli bir kopukluk oluyor ses karşıya tam gitmiyor. Ama birşeyler dinlerken bir dorun yok ses iyi,ses_goruntu,negatif
Telefon görüşmesinde de müzik dinlerkende gayet iyi fiyatını hak ediyor mu bence etmiyor zamlanmadan alayım dedim kutudan hiç bir şey çıkmıyor bilginiz olsun,fiyat,pozitif
Telefon görüşmesinde de müzik dinlerkende gayet iyi fiyatını hak ediyor mu bence etmiyor zamlanmadan alayım dedim kutudan hiç bir şey çıkmıyor bilginiz olsun,ses_goruntu,pozitif
Telefonda konusurken hiç sorun yasamıyorm hızlı bağlanto kuruyor. Beklediğimin üstünde performans tavsiye ederm,genel,pozitif
Telefonla konuşurken karşi taraf sesimin gelmediğini söylüyor onun dışında müzik dinlerken ses kalitesi ve sarji fiyatina göre gayet yerinde,fiyat,notr
Telefonla konuşurken karşi taraf sesimin gelmediğini söylüyor onun dışında müzik dinlerken ses kalitesi ve sarji fiyatina göre gayet yerinde,batarya,notr
Telefonla konuşurken karşi taraf sesimin gelmediğini söylüyor onun dışında müzik dinlerken ses kalitesi ve sarji fiyatina göre gayet yerinde,ses_goruntu,notr
Telefonla konuşurken sesim karşı tarafa gitmiyor sadece dinlemek için alsaydım 300₺’ye çakma olanlarını alırdım ama uğraşmak da istemedim onun dışında aldığımda,ses_goruntu,negatif
Telefonla konuşurken sesin iletilmesi çok iyi dediler diye aldım büyük bi hayal kırıklığıymış erkekler gibi…,ses_goruntu,notr
"Telefonum ve bilgisayarımla uyumlu olsun diye aldım, fakat önceki JBL bluetooth kulaklığımdan kat kat daha pahalı ve ses geçirgenliği de aşırı fazla, apple ürün",fiyat,negatif
"Telefonum ve bilgisayarımla uyumlu olsun diye aldım, fakat önceki JBL bluetooth kulaklığımdan kat kat daha pahalı ve ses geçirgenliği de aşırı fazla, apple ürün",ses_goruntu,negatif
Teslimat hızlı idi çabuk geldi kargolama sağlamdı teşekkür ederim,kargo,pozitif
Teslimat hızlı idi çabuk geldi kargolama sağlamdı teşekkür ederim,kalite,pozitif
Torunuma aldım çok memnun,genel,pozitif
Trendyol alınan pahalı ürünlere kargo ücreti ekleyince alasım gelmiyor ama sırf diğer satıcılara göre daha güvenilir hissettirdiği için beni alıyorum. 2 telefon,genel,negatif
Trendyol alınan pahalı ürünlere kargo ücreti ekleyince alasım gelmiyor ama sırf diğer satıcılara göre daha güvenilir hissettirdiği için beni alıyorum. 2 telefon,kargo,negatif
Trendyol alınan pahalı ürünlere kargo ücreti ekleyince alasım gelmiyor ama sırf diğer satıcılara göre daha güvenilir hissettirdiği için beni alıyorum. 2 telefon,fiyat,negatif
"Trendyol artık eskisi kadar iyi değil, hem ürün satışı kısmında hemde kargolama kısmında. Artık uzun bir süre trendyoldan alışveriş yapmayacam.",kargo,negatif
"Trendyol satıcısından almama rağmen kutusu elime sağlam ulaşmadı, daha önceden açılmaya çalışılmış gibi bir izlenim bıraktı kargoyu açtığımda ürün kapağı fotoğr",kargo,pozitif
"Trendyol satıcısından almama rağmen kutusu elime sağlam ulaşmadı, daha önceden açılmaya çalışılmış gibi bir izlenim bıraktı kargoyu açtığımda ürün kapağı fotoğr",ambalaj,negatif
Umdugum gibi cikmadi urun aracta kullanamiyirum 1 dakika konusulmuyor karsi tarafa ses gitmiyor,ses_goruntu,negatif
Urun 15 nisanda  elime ulasti bu sure zarfinda sarji bitene kadar sarj etmedim bugun sarja taktim kulakliklardan biri hic bir sekilde sarj olmuyor bu konuda yol,batarya,negatif
Uzun zamandır kullanıyorum ses kalitesinden memnunum,genel,pozitif
Uzun zamandır kullanıyorum ses kalitesinden memnunum,ses_goruntu,pozitif
Vatan Bilgisayar kullanılmış ürün göndermiştir. 06.03.2024 tarihinde teslim edilen ürünün garanti bitiş tarihi 17.12.2025. İademi yapın. Bu mağazadan alışveriş,kalite,negatif
Xiaomi kalitesi der susarım gerçekten çok güzel,kalite,pozitif
Xiaomi sipariş etmiştim redmi göndermişsiniz,genel,negatif
Ya bir ara tek kulak gitti (sol) korktum bozuldu diye çünkü yorumlarda gördüm birde önceki günü şarja takmıştım hani şarjı bitmemiştir diye düşündüm yine de 1 -,genel,negatif
Ya bir ara tek kulak gitti (sol) korktum bozuldu diye çünkü yorumlarda gördüm birde önceki günü şarja takmıştım hani şarjı bitmemiştir diye düşündüm yine de 1 -,kalite,negatif
Ya bir ara tek kulak gitti (sol) korktum bozuldu diye çünkü yorumlarda gördüm birde önceki günü şarja takmıştım hani şarjı bitmemiştir diye düşündüm yine de 1 -,batarya,negatif
Yaklaşık 2 aydır kullanıyorum. Çok memnunum. Telefonum samsung a73 bağlantıda problem yaşamadım.,genel,pozitif
Yaklaşık 6 aydır kullanıyorum. Ses kalitesi güzel telefonla konuşurken karşıya giden ses temiz ve güzel iletiliyor genel olarak çok memnunum ama bazı sıkıntılar,genel,pozitif
Yaklaşık 6 aydır kullanıyorum. Ses kalitesi güzel telefonla konuşurken karşıya giden ses temiz ve güzel iletiliyor genel olarak çok memnunum ama bazı sıkıntılar,ses_goruntu,pozitif
Yani bu kadar paraya değiceğini düşünmüyorum fiyatı çok abartı kulağı acıtıyor kullanımı zor ses düzeyi yetersiz şarj kutusundan zor çıkıyor pratik değil daha u,fiyat,notr
Yani bu kadar paraya değiceğini düşünmüyorum fiyatı çok abartı kulağı acıtıyor kullanımı zor ses düzeyi yetersiz şarj kutusundan zor çıkıyor pratik değil daha u,batarya,notr
Yani bu kadar paraya değiceğini düşünmüyorum fiyatı çok abartı kulağı acıtıyor kullanımı zor ses düzeyi yetersiz şarj kutusundan zor çıkıyor pratik değil daha u,ses_goruntu,notr
Yani bukadar para veriyoruz güzel bi paketleme beklerdim kargo gelince ayakkabı aldım sandım. 3 krşluk ürünü çok güzel sarıyorlar siz sadece koli içine koyup gö,kargo,pozitif
Yani bukadar para veriyoruz güzel bi paketleme beklerdim kargo gelince ayakkabı aldım sandım. 3 krşluk ürünü çok güzel sarıyorlar siz sadece koli içine koyup gö,fiyat,pozitif
Yani bukadar para veriyoruz güzel bi paketleme beklerdim kargo gelince ayakkabı aldım sandım. 3 krşluk ürünü çok güzel sarıyorlar siz sadece koli içine koyup gö,ambalaj,pozitif
Yani kutulama şekliniz bu mu herhangi bir balonlu naylona koyamıyor musunuz ayrıca hediye paketi olarak istedim dümdüz kartona koyup getirmişsiniz.,ambalaj,notr
"Yani yorumlara güvenerek aldım, çok merak ediyorum sesi bu kadar az olan bir kulaklık nasıl bu kadar beğeniliyor? Resmen sesi yok. Yanımda eşim kulaklık takılıy",ses_goruntu,negatif
Yanlış bilgi ve yönlendirme yapıldı ve iadesini kabul etmiyorlar.,genel,negatif
Yavaş teslimat,kargo,negatif
Yeni kullanmaya başladım şuanlık bir sıkıntısı yok sorun yaşamadım kullandıkça güncelliycem,genel,negatif
Yorumla inanıp aldım ama gürüldü engeleme özelliği yok dışarda konuşmak mümkün değil ses kalitesi kötü.,ses_goruntu,negatif
Yorumlarda herkes olumlu yazmış fakat ses kalitesi çok kötü sesi yok gibi ekran dügmeside çalışmıyor baglantı kesiliyor sürekli,ses_goruntu,negatif
Yorumumu güncelliyorum Sesi kaliteli olabilir ama kesinlikle kulağı küçük bayağı küçük insanların alması gereken bir kulaklık hareket etmezsem kulağımdan düşmüy,genel,negatif
Yorumumu güncelliyorum Sesi kaliteli olabilir ama kesinlikle kulağı küçük bayağı küçük insanların alması gereken bir kulaklık hareket etmezsem kulağımdan düşmüy,kalite,pozitif
Yorumumu güncelliyorum Sesi kaliteli olabilir ama kesinlikle kulağı küçük bayağı küçük insanların alması gereken bir kulaklık hareket etmezsem kulağımdan düşmüy,ses_goruntu,notr
Zaten bitane almıştım 2. Aldım güzel teşekkürler,genel,pozitif
abime aldım bu rengini de çok begendi,genel,pozitif
airpods kalitesi. cok güzel bir kulaklık ama benim siparisimden kılıf cikmadi.,kalite,pozitif
almayın arkadaşlar satıcı ile ilgili bir problem yok sorun kulaklıkta dışarıya çok ses veriyor,genel,negatif
almayın arkadaşlar satıcı ile ilgili bir problem yok sorun kulaklıkta dışarıya çok ses veriyor,ses_goruntu,negatif
annene hefiye aldım beğendi güzel,genel,pozitif
apple kalitesi tartışılmaz. ürün orijinal ve özenli paketlenmişti. hızlı şekilde elime ulaştı. gönül rahatlığı ile alabilirsiniz.,genel,pozitif
apple kalitesi tartışılmaz. ürün orijinal ve özenli paketlenmişti. hızlı şekilde elime ulaştı. gönül rahatlığı ile alabilirsiniz.,kargo,pozitif
apple kalitesi tartışılmaz. ürün orijinal ve özenli paketlenmişti. hızlı şekilde elime ulaştı. gönül rahatlığı ile alabilirsiniz.,kalite,pozitif
apple kalitesi tartışılmaz. ürün orijinal ve özenli paketlenmişti. hızlı şekilde elime ulaştı. gönül rahatlığı ile alabilirsiniz.,ambalaj,pozitif
arkadaşlar kulaklıktan çok az ses geliyor dışardaki tüm sesi duyuyorsun sesi en yükseğe de verdim dışardaki ses kulakliktaki sesten daha iyi duyuluyor ben iade,ses_goruntu,pozitif
arkadaşımın kızına aldık bayıldı çok beyendi..,genel,pozitif
arızalı urun geldı ne yazık tek kulaklık calısıuo ıade ediyorum,kalite,negatif
audiophile değilseniz alın F/P ürün. Kapağını açınca direkt bağlanması kolaylığını sevdim iş görür. Çok gürültülü bir yerde değilseniz telefonla konuşmada da ye,ses_goruntu,notr
aynı kulaklığı bir kaç ay önce de almıştım çok sağlamdı sonra bir gün şarj etmeyi bıraktı bozulmuştu şimdi aynı kulaklığı yine aldım ancak bu sefer çok kısa bir,kalite,negatif
aynı kulaklığı bir kaç ay önce de almıştım çok sağlamdı sonra bir gün şarj etmeyi bıraktı bozulmuştu şimdi aynı kulaklığı yine aldım ancak bu sefer çok kısa bir,batarya,pozitif
ayyy cok sevdimmm,genel,pozitif
"bass ayarı falan yapıldığında biraz daha iyi. Aslında genel olarak fiyat performans açısından çok iyi, ama şarkıya kapılmak istiyorsanız sizlik değil bende daha",fiyat,pozitif
"bass ayarı falan yapıldığında biraz daha iyi. Aslında genel olarak fiyat performans açısından çok iyi, ama şarkıya kapılmak istiyorsanız sizlik değil bende daha",ses_goruntu,pozitif
bataryası çabuk bitiyor,batarya,negatif
bazen sesi ortada takı kalıyo  ve telefonda da acilmiyo,ses_goruntu,notr
bağlantı kopmaları yaşıyorum sürekli ama fiyatına göre çok iyi 1 ay oldu alalı hiç şarjı bitmedi,fiyat,pozitif
bağlantı kopmaları yaşıyorum sürekli ama fiyatına göre çok iyi 1 ay oldu alalı hiç şarjı bitmedi,batarya,negatif
bağlantı noktasında mı sorun var emin değilim ama 2. günden sonra şarj almamaya başladı kulaklık ile kutu arasında temas sorunu var galiba maalesef iade ya,batarya,negatif
beklediğim den iyi çıktı ses kalitesi olsun ürün kalitesi olsun muhteşem almanizi tavsiye ederim,genel,pozitif
beklediğim den iyi çıktı ses kalitesi olsun ürün kalitesi olsun muhteşem almanizi tavsiye ederim,kalite,pozitif
beklediğim den iyi çıktı ses kalitesi olsun ürün kalitesi olsun muhteşem almanizi tavsiye ederim,ses_goruntu,pozitif
belli bir süre guzel kullanimi vardi sonra baglanti sorunlari cikmaya basladi oyunlarda ses aktarimi geriden geliyordu ve 3 aylik kullanilmama sonrasi bir daha,ses_goruntu,notr
ben 2.nesil kullanıyordum bozuldu diye aldım ama bence onun ses kalitesi çok daha iyiydi ya da bunun ayarları yapamadım bilemiyorum,genel,negatif
ben 2.nesil kullanıyordum bozuldu diye aldım ama bence onun ses kalitesi çok daha iyiydi ya da bunun ayarları yapamadım bilemiyorum,kalite,negatif
ben 2.nesil kullanıyordum bozuldu diye aldım ama bence onun ses kalitesi çok daha iyiydi ya da bunun ayarları yapamadım bilemiyorum,ses_goruntu,pozitif
ben aldıktan sonra fiyatı düştü,fiyat,negatif
beğenerek aldim ses çok güzel cikiyo tavsiye ederim,genel,pozitif
beğenerek aldim ses çok güzel cikiyo tavsiye ederim,ses_goruntu,pozitif
beğenmedim ses kalitesi düşük ve çenemi oynarsam duruyo müzik,ses_goruntu,negatif
beğenmedim. birini ariyorsun 3 kere çaldı diyelim kapatmak istiyorsun istediğin kadar dokun kapatmıyor. görüşme esnasında kapatıyor. beğenmedim başkasına hayrın,ses_goruntu,notr
bir süre kullandıktan sonra bir tarafı gitti ve diğer tarafında bir cızırtı var,ses_goruntu,negatif
birkaç ay kullandım sol çalışmıyor (garantiye göndereceğim) yolda yürürken ses kesik kesik geliyor,ses_goruntu,negatif
bravo size işini çok iyi yapıyorsunuz bize bin TL ye kayın ücret odettitip içine kablo bile koymaya tenezzül bile etmiyorsunuz ben nereden bulucam buna kabloyu,fiyat,pozitif
bravo size işini çok iyi yapıyorsunuz bize bin TL ye kayın ücret odettitip içine kablo bile koymaya tenezzül bile etmiyorsunuz ben nereden bulucam buna kabloyu,batarya,pozitif
bu fiyata alınacak en iyi kulaklıkdır,fiyat,pozitif
bu üründen 3 tane aldım tam olarak 3 tane ilk gelen kutusndsn açtığım gibi sağ taraftan ses gelmiyordu iade ettim 2. si ı nasıl olduysa bir anda kulaklığın iki,genel,negatif
bu üründen 3 tane aldım tam olarak 3 tane ilk gelen kutusndsn açtığım gibi sağ taraftan ses gelmiyordu iade ettim 2. si ı nasıl olduysa bir anda kulaklığın iki,ses_goruntu,negatif
bu üründen 3 tane aldım tam olarak 3 tane ilk gelen kutusndsn açtığım gibi sağ taraftan ses gelmiyordu iade ettim 2. si ı nasıl olduysa bir anda kulaklığın iki,ambalaj,negatif
bu üründen daha önce pembe almıştım halen kullanıyorum iyi çıkınca eşim de siyah istedi ona da bundan sipariş verdim ama kısa sürede bir teki çalışmamaya başlad,genel,pozitif
bu ürünü kimse almasın Bluetoothta görmüyor telefon haberiniz olsun.,genel,negatif
buds 4 lite vardı 10 numaraydı bunu beyenemedim,genel,notr
bugun elime ulastı gerçekten bu kadarını beklemiyordum ses kalitesi fln harika bukadar ucuz olupta çok pahalı kulaklıkta değer bence sadece daha arama yapamadım,genel,pozitif
bugun elime ulastı gerçekten bu kadarını beklemiyordum ses kalitesi fln harika bukadar ucuz olupta çok pahalı kulaklıkta değer bence sadece daha arama yapamadım,fiyat,negatif
bugun elime ulastı gerçekten bu kadarını beklemiyordum ses kalitesi fln harika bukadar ucuz olupta çok pahalı kulaklıkta değer bence sadece daha arama yapamadım,ses_goruntu,pozitif
cihaz arızalı sol kulaklik yüzde 90 dan fazla şarj almıyor 5 dk sonra bitiyor temsilcilerin yanlış yonlendirmesiyle bosa geçen 1 aylik bir iade talep süreci olu,kalite,negatif
cihaz arızalı sol kulaklik yüzde 90 dan fazla şarj almıyor 5 dk sonra bitiyor temsilcilerin yanlış yonlendirmesiyle bosa geçen 1 aylik bir iade talep süreci olu,batarya,negatif
cop gibi boş yere para vermeyin,fiyat,negatif
daha 1 yıl oldu ses kalitesi düştü garanti bitti ürün orijinal diye aldım ama anlamadom,ses_goruntu,notr
"dikkat edin ürün sahte,almayın",genel,negatif
"dikkat edin ürün sahte,almayın",kalite,negatif
dinleme için gayet iyi ama telefon görüşmesi için kötü bi kulaklık. kulaklıkla telefon görüşmesi yapanlar için hiiiçççç tavsiye etmiyorum gidin başka kaliteli k,genel,negatif
dinleme için gayet iyi ama telefon görüşmesi için kötü bi kulaklık. kulaklıkla telefon görüşmesi yapanlar için hiiiçççç tavsiye etmiyorum gidin başka kaliteli k,kalite,pozitif
dinleme için gayet iyi ama telefon görüşmesi için kötü bi kulaklık. kulaklıkla telefon görüşmesi yapanlar için hiiiçççç tavsiye etmiyorum gidin başka kaliteli k,ses_goruntu,negatif
diğer tip kulaklıklara göre düşük bir ses kalitesi var ve kulaklıktan gelen müzik sesi çok dışarı çıkıyor,ses_goruntu,negatif
dış ortam ses olayında yetersiz. onun dışında Gayet başarılı,ses_goruntu,pozitif
dışarı baya ses veriyor ses kalitesi orta,ses_goruntu,negatif
dışarı çok ses veriyor,ses_goruntu,negatif
"en uygun burdaydı, çok hızlı gönderildi baya iyi paketlenmişti. Herhangi bir sorun yaşamadım aylardır kullanıyorum. Şarjı da beklediğimden iyi gidiyor",fiyat,pozitif
"en uygun burdaydı, çok hızlı gönderildi baya iyi paketlenmişti. Herhangi bir sorun yaşamadım aylardır kullanıyorum. Şarjı da beklediğimden iyi gidiyor",batarya,pozitif
"en uygun burdaydı, çok hızlı gönderildi baya iyi paketlenmişti. Herhangi bir sorun yaşamadım aylardır kullanıyorum. Şarjı da beklediğimden iyi gidiyor",ambalaj,pozitif
esıme hediye aldım. ses kalitesi çok güzel hem müzik dınleme hem telde konuşma hiç sorun yok  tavsıys ederim hıc  pişman olmadım,genel,negatif
esıme hediye aldım. ses kalitesi çok güzel hem müzik dınleme hem telde konuşma hiç sorun yok  tavsıys ederim hıc  pişman olmadım,ses_goruntu,pozitif
"evimin sessizliğinden ayrıldığım anda doğru düzgün bir şey duyamıyorum, ses seviyesi aşırı yetersiz. kendim duyamıyorum diye sesi fulleyip etrafımdakilere müzik",ses_goruntu,notr
eşime aldım gayet iyi ve kullanışlı,genel,pozitif
fazlasıyla beğendim günümü kolaylaştırıyor,genel,pozitif
fena değil,genel,pozitif
fiyat performans olarak ürün Gayet iyi çok şey beklemeyeceksiniz konuşabilirsiniz İyi de duyarsınız tavsiye ederim,genel,pozitif
fiyat performans olarak ürün Gayet iyi çok şey beklemeyeceksiniz konuşabilirsiniz İyi de duyarsınız tavsiye ederim,fiyat,pozitif
fiyat performans ses kalitesi gayet yeterli şarjıda iyi dayanıyor bu fiyata düşünmeden alınıcak ürün (ıphone telefonlarsa ses daha yüksek çıkıyor),fiyat,pozitif
fiyat performans ses kalitesi gayet yeterli şarjıda iyi dayanıyor bu fiyata düşünmeden alınıcak ürün (ıphone telefonlarsa ses daha yüksek çıkıyor),batarya,pozitif
fiyat performans ses kalitesi gayet yeterli şarjıda iyi dayanıyor bu fiyata düşünmeden alınıcak ürün (ıphone telefonlarsa ses daha yüksek çıkıyor),ses_goruntu,pozitif
fiyat performansı,fiyat,pozitif
fiyata göre pek iyi değil sesi net değil garantili olması hicaz rahatlatıcı en azından bişey olursa yaptirabiliriz diye düşünüyorum,fiyat,negatif
fiyata göre pek iyi değil sesi net değil garantili olması hicaz rahatlatıcı en azından bişey olursa yaptirabiliriz diye düşünüyorum,ses_goruntu,negatif
fiyatina gore mukemmel ses kalitesi herkesi tatmin etmeyebilir ama gayet iş görür,genel,pozitif
fiyatina gore mukemmel ses kalitesi herkesi tatmin etmeyebilir ama gayet iş görür,fiyat,pozitif
fiyatina gore mukemmel ses kalitesi herkesi tatmin etmeyebilir ama gayet iş görür,ses_goruntu,pozitif
fp ürünü kullanışlı,genel,notr
garanti süresi 2 yıl yazıyor ama 6 aydan az kalmıştı. İade etmek istedigimde trendyol benden ücret kesintisi yapacagını belirtti. Hem satıcıdan hem trendyoldan,fiyat,negatif
garantisi çok erken başlatılmış neredeyse bir yıl kadar yetkili servisle görüştüm servise gönderdim 21 iş günü beklemem gerektiğini söylediler bu paraya bu hizm,fiyat,pozitif
geldiğin gün ilk kullanımda sesi tek kulaklığı takmama rağmen gayet yüksekti son seste dinleyemiyordum ama sonraki kullanımda sesi birden düştü ikisini takmış o,ses_goruntu,negatif
genel olarak fena değil ama bas kısmı kötü biraz,ses_goruntu,negatif
geri arama yapmadığı için iade ettim.,genel,negatif
geri plandan sürekli bir cızırtı sesi var belki de bana gelen cihaz sorunludur. Fiyatı uygun olduğu için iadeyle uğraşmak istemedim.,fiyat,notr
geri plandan sürekli bir cızırtı sesi var belki de bana gelen cihaz sorunludur. Fiyatı uygun olduğu için iadeyle uğraşmak istemedim.,ses_goruntu,negatif
gerçekten cok guzel kutulu eksiksiz bi şekilde elime ulaştı,kargo,pozitif
gerçekten cok guzel kutulu eksiksiz bi şekilde elime ulaştı,ambalaj,pozitif
gerçekten çok iyi hem direk kapağı açar açmaz bağlanıyor hemde telefonla konuşurken sesin net gidiyor anlaşılıyor 1 puanı sadece şarjı olmadığından kırdım ama o,batarya,pozitif
gerçekten çok iyi hem direk kapağı açar açmaz bağlanıyor hemde telefonla konuşurken sesin net gidiyor anlaşılıyor 1 puanı sadece şarjı olmadığından kırdım ama o,ses_goruntu,pozitif
guzel ındırımdeydı,fiyat,notr
görüntüsü güzel. sesi orta düzey. kibar,ses_goruntu,pozitif
güzel aldığımdan beri kere tek şarja taktım 1 aydır aldım ürünü gürültü de önlüyor kulakdan da düşmüyor kolay kolay.,batarya,pozitif
güzel aldığımdan beri kere tek şarja taktım 1 aydır aldım ürünü gürültü de önlüyor kulakdan da düşmüyor kolay kolay.,ses_goruntu,pozitif
güzel ama aşırı bir kalite beklemeyin,kalite,notr
güzel begendim kullandıkça gorucez,genel,pozitif
güzel beklediğimden iyi geldi gayet sağlam hic birinde sorun yok şuanlık biraz kullanayım herhangi bir sorun cikarsa yorumumu guncellerim ama bence gayet iyi,kalite,pozitif
güzel bi kulaklık sorunsuz geldi teşekkürler,genel,pozitif
güzel mükemmel değil ama ortanın bir tık üstü seviyede,genel,pozitif
güzel ses yüksek iyi,ses_goruntu,pozitif
güzel tabii klasik apple musluğa düşürdüm tık demedi pratik kulakta tutuşu güzel,genel,pozitif
güzel ürün kaliteli lakin bir jarj kablosu yok koymamışlar,kalite,pozitif
hafif cızırtı var gibi umarım bozuk değildir onun dışında kargo hızlı geldi,genel,negatif
hafif cızırtı var gibi umarım bozuk değildir onun dışında kargo hızlı geldi,kargo,pozitif
hafif cızırtı var gibi umarım bozuk değildir onun dışında kargo hızlı geldi,kalite,negatif
hafif cızırtı var gibi umarım bozuk değildir onun dışında kargo hızlı geldi,ses_goruntu,negatif
harika ürün telefonunuz xiomi ise kesinlikle tavsiye ederim,genel,pozitif
"hasarsiz geldi, seri numarasini sorgulattim orijinal. sadece paketlemesi hic hos degildi👎🏻 en azindan patpata sarilabilirdi direkt kutunun icinde geldi allaht",kalite,pozitif
"hasarsiz geldi, seri numarasini sorgulattim orijinal. sadece paketlemesi hic hos degildi👎🏻 en azindan patpata sarilabilirdi direkt kutunun icinde geldi allaht",ambalaj,notr
henüz bir süredir kullanıyorum şu anlık iyi,genel,pozitif
hiç memnun değilim karşı tarafa ses gitmiyor,genel,negatif
hiç memnun değilim karşı tarafa ses gitmiyor,ses_goruntu,negatif
hocam bunun sesi çok az geliyor bi yanlışlık olmasın,ses_goruntu,negatif
hızlı geldi harika...oyun için almistim ses çok sonradan geliyor...fakat muzik dinlemek için ideal...iade edeceğim.,genel,negatif
hızlı geldi harika...oyun için almistim ses çok sonradan geliyor...fakat muzik dinlemek için ideal...iade edeceğim.,kargo,pozitif
hızlı geldi harika...oyun için almistim ses çok sonradan geliyor...fakat muzik dinlemek için ideal...iade edeceğim.,ses_goruntu,pozitif
hızlı sağlam teslimat ses kalitesi güzel teşekkürler,kargo,pozitif
hızlı sağlam teslimat ses kalitesi güzel teşekkürler,ses_goruntu,pozitif
iadem hala onaylanmıyor. 2 Haftadır bekliyorum,genel,negatif
idare eder.,genel,notr
ilk yıl dolmadan gayet iyi şarjı güzel gidiyor ama 11 ay sonra çöp,batarya,negatif
ipone 11 e uyum sağlamıyor almak isteyenler kimse beni uyarmadı mağdur oldum siz almayın sakın,genel,negatif
ipone 11 e uyum sağlamıyor almak isteyenler kimse beni uyarmadı mağdur oldum siz almayın sakın,kalite,pozitif
iyi hos guzel ama 2 kulakligida ayni anda calistiramadim. sifirlama yaptim tekrar eslestirdim ama olmadi baska bir yolu varmi yoksa,genel,pozitif
iyi ki almışım dedim,genel,pozitif
iyi normal,genel,pozitif
iyi ses kalitesi,ses_goruntu,pozitif
içinde şarj kablosu çıkmadı çıkıyor olması lazımdı,genel,negatif
içinde şarja atit bişey yoktu,batarya,notr
kablo gelmedi,batarya,notr
kaliteli kulaklık kullanan birisi için alt sınıf ürünü olabilir kulaklık bass zayıf tiz zayıf uzun süre taktığın zaman rahatsız da ediyor. fiyatına göre idare e,kalite,pozitif
kaliteli kulaklık kullanan birisi için alt sınıf ürünü olabilir kulaklık bass zayıf tiz zayıf uzun süre taktığın zaman rahatsız da ediyor. fiyatına göre idare e,fiyat,pozitif
kaliteli kulaklık kullanan birisi için alt sınıf ürünü olabilir kulaklık bass zayıf tiz zayıf uzun süre taktığın zaman rahatsız da ediyor. fiyatına göre idare e,ses_goruntu,pozitif
kaliteli ve güzel,kalite,pozitif
kapağı sorunlu geldi aldıktan hemen sonra 1000 lira indirime girdi.,kalite,notr
kapağı sorunlu geldi aldıktan hemen sonra 1000 lira indirime girdi.,fiyat,negatif
kararsiz bi urun bi gun cok guzel calisiyo bi gun sesi biraz iisik oluyo bi gun kulakliklarin birine hic ses gelmiyo iutuya koyup beklediginizde duzeliuo duzgun,ses_goruntu,pozitif
kardeşime hediye aldım çok mutlu oldu,genel,pozitif
"kaç defa aldım,pişmanlık. 2 ay ancak götürüyor boşa para",genel,negatif
"kaç defa aldım,pişmanlık. 2 ay ancak götürüyor boşa para",fiyat,negatif
"kesinlikle almayın Android cihazımda düzgün çalışmadı. Hata verdi ilk bağlantıyı yaparken.  Kulağa tam oturmuyor, spor koşu yürüyüş vs yaparken çok rahat düşüyo",genel,negatif
kesinlikle çok kötü 1 yıl içinde bozuldu almayın,genel,negatif
kesinlikle çok kötü 1 yıl içinde bozuldu almayın,kalite,negatif
konuşurken dışardaki sesler karşıya gidiyor pek anlasamiyoruz onun harici müzik dinlerken iyi,genel,pozitif
kualklikta şarz kablosu çıkmadı,genel,negatif
kulaklik geldi fakat sol kulaklik calismiyor hic ses yok iade  talebi olusturdum sonucu bekliyorum,ses_goruntu,negatif
kulaklık güzel ama sesi biraz az yani oyun için pubg için jbl öneririm,ses_goruntu,notr
kulaklıkta ses gecikmesi problemi var beklediğim kalitede değil,kalite,negatif
kulaklıkta ses gecikmesi problemi var beklediğim kalitede değil,ses_goruntu,negatif
kulaklığı telefona bağlayıp kurmak çok kolay. uygulamasından da sesinin ayarlandığı zaman  ses kalitesi çok iyi oluyor. kulaklığın ucununda tıkaç gibi olmasında,ses_goruntu,pozitif
kulakta düzgün durmuyor,genel,negatif
kullandıktan kısa süre sonra sol kulaklıktan ses gelmemeye başladı.Ürünün arkasında durmuyorlar elimde kaldı.tavsiye etmiyorum,genel,negatif
kullandıktan kısa süre sonra sol kulaklıktan ses gelmemeye başladı.Ürünün arkasında durmuyorlar elimde kaldı.tavsiye etmiyorum,ses_goruntu,negatif
kullanışlı ürün uygun fiyata aldım beğenerek kullanıyorum,fiyat,pozitif
kutum açık geldi bu nasıl rezillik böyle,ambalaj,negatif
kutunun içinden şarz cihazı çıkmadı,genel,negatif
kutusu hasarlı geldi iade etmeme rağmen iade talebim reddildi tavsiye etmiyorum,genel,negatif
kutusu hasarlı geldi iade etmeme rağmen iade talebim reddildi tavsiye etmiyorum,ambalaj,negatif
kızım için aldım,genel,notr
kızıma hediye aldım çok beğendi,genel,pozitif
"mediamarkt bana bozuk urun gonderdi, kulakligin dokunmatigi calismiyor ve butun sesi disariya veriyor. mediamarkta gittim ve bir ton ugrastiktan sonra gonderdik",genel,negatif
"mediamarkt bana bozuk urun gonderdi, kulakligin dokunmatigi calismiyor ve butun sesi disariya veriyor. mediamarkta gittim ve bir ton ugrastiktan sonra gonderdik",kalite,negatif
"mediamarkt bana bozuk urun gonderdi, kulakligin dokunmatigi calismiyor ve butun sesi disariya veriyor. mediamarkta gittim ve bir ton ugrastiktan sonra gonderdik",ses_goruntu,negatif
merhaba ürün elime bugün ulaştı ama garanti süresi 20 haziran 2025 te bitecek görünüyor yardımcı olur musunuz,genel,negatif
müzik dinlemek için almıştım ama ses boğuk geliyor ugyulamayi indirip duzletmeye calistim ama uygulama da çöp bir işe yaramiyor bu yuzden iadeee bununla mi ugra,ses_goruntu,negatif
müzik dinlemek için gayet iyi şarj süresi çok iyi ancak konuşma konuşunda karşı tarafa ses iletimi çok kötü çevre sesi iletiyor konuşan kişinin sesi bozuk şekil,genel,negatif
müzik dinlemek için gayet iyi şarj süresi çok iyi ancak konuşma konuşunda karşı tarafa ses iletimi çok kötü çevre sesi iletiyor konuşan kişinin sesi bozuk şekil,kalite,negatif
müzik dinlemek için gayet iyi şarj süresi çok iyi ancak konuşma konuşunda karşı tarafa ses iletimi çok kötü çevre sesi iletiyor konuşan kişinin sesi bozuk şekil,batarya,pozitif
müzik dinlemek için gayet iyi şarj süresi çok iyi ancak konuşma konuşunda karşı tarafa ses iletimi çok kötü çevre sesi iletiyor konuşan kişinin sesi bozuk şekil,ses_goruntu,negatif
müzik dinlerken normal ama konuşmada beş kuruş etmez karşı tarafın sesini hiç duymuyorum,genel,negatif
müzik dinlerken normal ama konuşmada beş kuruş etmez karşı tarafın sesini hiç duymuyorum,ses_goruntu,negatif
"ofiste bu kulağımdayken telefondaki arkadaşım beni duymadığını söyledi , dizi izlerken ekranı kapatınca bazen ses kapanıyor video devam ediyor, fiyat olarak asl",fiyat,notr
"ofiste bu kulağımdayken telefondaki arkadaşım beni duymadığını söyledi , dizi izlerken ekranı kapatınca bazen ses kapanıyor video devam ediyor, fiyat olarak asl",ses_goruntu,notr
orijinal ürün ses kalitesi iyi,ses_goruntu,pozitif
oğluma aldım beğendi.,genel,pozitif
oğlumun sürekli kullandığı marka beğeniyor,genel,pozitif
paketleme kötüydü bu konuda hiç beğenmedim deneyip çalışıp çalışmadığınada bakacağım,ambalaj,negatif
paketleme ve kargo hızı mükemmel sesi az çıkıyordu fakat ayarlardan hareket kısmınd herhangi bir şey atayın ses artırmaya sesi çok iyi oluyor bilginize,genel,pozitif
paketleme ve kargo hızı mükemmel sesi az çıkıyordu fakat ayarlardan hareket kısmınd herhangi bir şey atayın ses artırmaya sesi çok iyi oluyor bilginize,kargo,negatif
paketleme ve kargo hızı mükemmel sesi az çıkıyordu fakat ayarlardan hareket kısmınd herhangi bir şey atayın ses artırmaya sesi çok iyi oluyor bilginize,ses_goruntu,negatif
paketleme ve kargo hızı mükemmel sesi az çıkıyordu fakat ayarlardan hareket kısmınd herhangi bir şey atayın ses artırmaya sesi çok iyi oluyor bilginize,ambalaj,negatif
performans i çok iyi fiyatına göre,fiyat,pozitif
rahat konuşamıyorum. karşı taraf sesin çok az ve kötü geldiğini söylüyor. iade etmediğim için pişmanım.,genel,negatif
rahat konuşamıyorum. karşı taraf sesin çok az ve kötü geldiğini söylüyor. iade etmediğim için pişmanım.,ses_goruntu,negatif
redminini active buds 6 ve play kulaklıklarını kullandım ikisindede bir problem var kulakta sabit kalmıyorlarlar yapışmıyorlar kulağa 10 dk sonra yolda yürürken,genel,negatif
satılan ürün çakma arkadaşlar bilginiz olsun seri no yok Xiaomi garantiye ürünü kabul etmiyor bunu bilerek alın,genel,negatif
ses kalitesi asırı iyi duruşu da güzel bence ben çok sevdim paketlemesi de güzeldi sıfır ürün🎀💗,ses_goruntu,pozitif
ses kalitesi asırı iyi duruşu da güzel bence ben çok sevdim paketlemesi de güzeldi sıfır ürün🎀💗,ambalaj,pozitif
ses kalitesi baya kötü en yüksek ayarda ses seviyesi oldukça az müzik sesi falan az geliyor millet neye göre 5 yıldız falan vermiş  anlamaidm yorumlara bakarak,ses_goruntu,negatif
"ses kalitesi biraz düşük, çabuk arıza verebiliyor.",ses_goruntu,notr
ses kalitesi dışarıya yansıyan ses kalitesi güzel iyi fakat telefonla konuşma sırasında karşı tarafa ses iyi gitmiyor anlaşılmıyor giden ses,ses_goruntu,negatif
ses kalitesi falan mükemmel herkese tavsiye ederim ben severek kullanıyorum,genel,pozitif
ses kalitesi falan mükemmel herkese tavsiye ederim ben severek kullanıyorum,ses_goruntu,pozitif
ses kalitesi gayet iyi şarjı rahat 1 2 hafta götürüyor en son ne zaman şarja taktığımı unutuyorum bazen,batarya,pozitif
ses kalitesi gayet iyi şarjı rahat 1 2 hafta götürüyor en son ne zaman şarja taktığımı unutuyorum bazen,ses_goruntu,pozitif
ses kalitesi güzel konuşurkende güzel komut verebilme özelliğini seviyorum,ses_goruntu,pozitif
"ses kalitesi iyi, dışarıdayken telefonla görüşürken ses iyi gitmiyor ama etrafta ses yoksa iyi iletiyor sesi. fiyat performans kısaca gayet iyi",fiyat,pozitif
"ses kalitesi iyi, dışarıdayken telefonla görüşürken ses iyi gitmiyor ama etrafta ses yoksa iyi iletiyor sesi. fiyat performans kısaca gayet iyi",ses_goruntu,negatif
"ses kalitesi sık sık boğuklaşıyor, bağlantıyı kesip bekleyip tekrar bağlanınca düzeliyor gibi. idare eder abartmaya hiç gerek olmayan bi kulaklık",ses_goruntu,negatif
"ses kalitesi çok iyi , Xiaomi 15 ultra ile sorunsuz çalışıyor.",ses_goruntu,pozitif
ses kalitesi çok iyi değil kulağa biraz zor oturuyor parasına alınırmı bilmiyorum onun dışında iyi aşırı pişman değilim.,genel,negatif
ses kalitesi çok iyi değil kulağa biraz zor oturuyor parasına alınırmı bilmiyorum onun dışında iyi aşırı pişman değilim.,fiyat,negatif
ses kalitesi çok iyi değil kulağa biraz zor oturuyor parasına alınırmı bilmiyorum onun dışında iyi aşırı pişman değilim.,ses_goruntu,negatif
ses kalitesini beğenmedim,ses_goruntu,notr
ses muhendısıyım ses kalitesi tizler ve mid tizler yuksek basslar cok şiddetli degil ama bu fiyata alınabılır apple bir cihazınız varsa,fiyat,notr
ses muhendısıyım ses kalitesi tizler ve mid tizler yuksek basslar cok şiddetli degil ama bu fiyata alınabılır apple bir cihazınız varsa,ses_goruntu,notr
ses seviyesi yetersiz,ses_goruntu,negatif
ses çok kısık geliyor. bu açıdan kötü. şarjı uzun süre gidiyor ama dur ya dünyadan soyutlanmak için müzik dinleyeyim kulaklığı değil,batarya,notr
ses çok kısık geliyor. bu açıdan kötü. şarjı uzun süre gidiyor ama dur ya dünyadan soyutlanmak için müzik dinleyeyim kulaklığı değil,ses_goruntu,negatif
sesi az fiyatina gore iyi degil,fiyat,negatif
sesi az fiyatina gore iyi degil,ses_goruntu,negatif
sesi az geliyor,ses_goruntu,negatif
sesi bas i kaliteli ama ses çok zayıf zor duyuyom.Luften anlayan ysrdimci olsun yoksa kuramadım mi,kalite,pozitif
sesi bas i kaliteli ama ses çok zayıf zor duyuyom.Luften anlayan ysrdimci olsun yoksa kuramadım mi,ses_goruntu,pozitif
sesi cok az,ses_goruntu,negatif
sesi harika görünüsü zaten süper iyki almısım tereddütte olanlar düsünmeden alabilir,genel,pozitif
sesi harika görünüsü zaten süper iyki almısım tereddütte olanlar düsünmeden alabilir,ses_goruntu,pozitif
sesi çok az,ses_goruntu,negatif
sesi çok kötü birde iadeyi kabul etmediler,genel,negatif
sesi çok kötü birde iadeyi kabul etmediler,ses_goruntu,negatif
sesi çok yüksek gelmedi sadece bunun dışında beğendim,genel,pozitif
sesi çok yüksek gelmedi sadece bunun dışında beğendim,ses_goruntu,pozitif
severek kullanıyorum sarjı iyi gidiyor,batarya,pozitif
"sevgilime aldim cok sevdi canim sevgilim gule gule kullan , paketlemesi de guzeldi saglam geldi",kalite,pozitif
"sevgilime aldim cok sevdi canim sevgilim gule gule kullan , paketlemesi de guzeldi saglam geldi",ambalaj,pozitif
sevgilime aldim guzel ses duzeyi,ses_goruntu,pozitif
sevgilimin kulaklığı bozulmuştu ona aldım çok memnun paketlemesi falan da cok guzeldi,genel,pozitif
sevgilimin kulaklığı bozulmuştu ona aldım çok memnun paketlemesi falan da cok guzeldi,kalite,negatif
sevgilimin kulaklığı bozulmuştu ona aldım çok memnun paketlemesi falan da cok guzeldi,ambalaj,pozitif
sol kulaklık bir süre sonra ses kopmaları oldu,ses_goruntu,notr
"sol kulaklık çalışmadı, şarj almadı, aldığında da 10 dakika içinde bitti kısaca arızalı geldi gurgenclere götürdük yenisini verdiler eşime hediye almıştım doğum",kalite,negatif
"sol kulaklık çalışmadı, şarj almadı, aldığında da 10 dakika içinde bitti kısaca arızalı geldi gurgenclere götürdük yenisini verdiler eşime hediye almıştım doğum",batarya,negatif
sol kulaklığı kullanmadığım için denemelisin bugün maç seyrederken denedim çalışmıyor,genel,negatif
sordum ve ancli olduğu söylendi özelliklerde de anc olduğu yazıyor ama bana gelen ancsiz olandı.,ses_goruntu,notr
sorunsuz elime ulaştı,kargo,pozitif
süper hızlı gönderi kaliteli tavsiye ederim,genel,pozitif
süper hızlı gönderi kaliteli tavsiye ederim,kalite,pozitif
süpppper alın aldırın özellikler çok iyi,genel,pozitif
tam fotoğraftaki gibi geldi bana çok iyi tavsiye ediyorum,genel,pozitif
telefonu cebime atınca bağlantı kesik kesik geliyor,genel,negatif
urune bir lafim yok ancak trendyol ozensiz paketlemesi vardi urun sans eseri saglam geldi ayrica urunun garantisi 3 ay once baslamis ilettim bakalim yanit ne ol,kalite,pozitif
urune bir lafim yok ancak trendyol ozensiz paketlemesi vardi urun sans eseri saglam geldi ayrica urunun garantisi 3 ay once baslamis ilettim bakalim yanit ne ol,ambalaj,negatif
yani 6000 TL verdiğim kulaklık kulağımda durmuyor düşüyor saçma sapan bir tasarım ama işte aldık,genel,negatif
yani 6000 TL verdiğim kulaklık kulağımda durmuyor düşüyor saçma sapan bir tasarım ama işte aldık,fiyat,notr
yillardir bu kulakligi kullaniyorum sarji cok uzun sure gidiyor ve cok hizli sarj oluyor %100 memnuniyet garantili,genel,pozitif
yillardir bu kulakligi kullaniyorum sarji cok uzun sure gidiyor ve cok hizli sarj oluyor %100 memnuniyet garantili,batarya,pozitif
yorumlara bakarak aldım . ses kalitesi okadar iyi degil,ses_goruntu,negatif
yüksek ses bekleyen almasın boşuna. ayrıca kula içine tam yerleşmiyor.,ses_goruntu,negatif
ÇOK MEMNUN KALDIM,genel,pozitif
Çok beğendim Apple kalitesi,genel,pozitif
Çok beğendim Apple kalitesi,kalite,pozitif
Çok beğendim ses kalitesi de güzel,genel,pozitif
Çok beğendim ses kalitesi de güzel,ses_goruntu,pozitif
Çok beğendim ve hızlı da geldi :) ses kalitesi de çok güzel,genel,pozitif
Çok beğendim ve hızlı da geldi :) ses kalitesi de çok güzel,ses_goruntu,pozitif
Çok beğenerek kullanıyorum ses akisi Cok guzel👍,ses_goruntu,pozitif
Çok boğuk geliyor ses konuşurken karşıdaki asla duymuyor. Önermiyorum pişman oldum,genel,negatif
Çok boğuk geliyor ses konuşurken karşıdaki asla duymuyor. Önermiyorum pişman oldum,ses_goruntu,negatif
Çok güzel,genel,pozitif
Çok güzel bir kulaklık uzun süre de şarjı gidiyor çok beğendim,genel,pozitif
Çok güzel bir kulaklık uzun süre de şarjı gidiyor çok beğendim,batarya,pozitif
Çok güzel bir ürün ve kullanışlı,genel,pozitif
Çok güzel geldi paketleme çok güzel hızlı bir şekilde elime ulaştı sorunsuz ve orijinal tavsiye ediyorum,genel,pozitif
Çok güzel geldi paketleme çok güzel hızlı bir şekilde elime ulaştı sorunsuz ve orijinal tavsiye ediyorum,kargo,pozitif
Çok güzel geldi paketleme çok güzel hızlı bir şekilde elime ulaştı sorunsuz ve orijinal tavsiye ediyorum,kalite,pozitif
Çok güzel geldi paketleme çok güzel hızlı bir şekilde elime ulaştı sorunsuz ve orijinal tavsiye ediyorum,ambalaj,pozitif
Çok güzel gerçekten ses kalitesi harika. Sorunsuz bir şekilde geldi ben MediaMarkt satıcısından aldım indirimli olarak gerçekten muhteşem.,genel,pozitif
Çok güzel gerçekten ses kalitesi harika. Sorunsuz bir şekilde geldi ben MediaMarkt satıcısından aldım indirimli olarak gerçekten muhteşem.,fiyat,pozitif
Çok güzel gerçekten ses kalitesi harika. Sorunsuz bir şekilde geldi ben MediaMarkt satıcısından aldım indirimli olarak gerçekten muhteşem.,ses_goruntu,pozitif
Çok güzel iPhone kalitesiyle,kalite,pozitif
Çok güzel mesaj okuyor aramaları komutla açabiliyorsun  karşı tarafında şeninde sesin çok temiz ve güzel gidiyor,ses_goruntu,pozitif
Çok güzel paketlemesi de gayet güzel di,ambalaj,pozitif
Çok güzel ses kalitesi süper yalnızca dışarıya Aşırı derecede ses veriyor.,ses_goruntu,pozitif
Çok güzel sesi her şeyi çok teşekkür ederim bayıldım🩷iyiki almışım iyiki🌸🧁,genel,pozitif
Çok güzel sesi her şeyi çok teşekkür ederim bayıldım🩷iyiki almışım iyiki🌸🧁,ses_goruntu,pozitif
Çok güzel çok beğendim özenli kargo  güncelleme şarjı çabuk bitiyor,genel,pozitif
Çok güzel çok beğendim özenli kargo  güncelleme şarjı çabuk bitiyor,kargo,pozitif
Çok güzel çok beğendim özenli kargo  güncelleme şarjı çabuk bitiyor,batarya,negatif
Çok güzel çok memnunum alacaklara tavsiyem gürültü engelleyici özelliği olan kulaklık seçin,genel,pozitif
Çok güzel çok memnunum alacaklara tavsiyem gürültü engelleyici özelliği olan kulaklık seçin,ses_goruntu,pozitif
Çok güzeldi kullanımı çok iyi,genel,pozitif
Çok güzeldi tam istediğim gibi geldi,genel,pozitif
Çok hızlı bi şekilde gayet güzel paketlenmiş şekilde geldi süper tek sorun slikonsuz olması ben sonradan fark ettim ama alışıyosun,ambalaj,pozitif
Çok hızlı bir şekilde kargoya verildi. 2 günde elime ulaştı. Çok güzel sorunsuz bir şekilde geldi ✨🌸,kargo,pozitif
Çok hızlı geldi ve orijinalliğinden emin olabilirsiniz.,kargo,pozitif
Çok hızlı geldi ve orijinalliğinden emin olabilirsiniz.,kalite,pozitif
Çok iyi 3-4 gün gidiyor sarjı,batarya,pozitif
Çok iyi eşime hediye aldım sorınsuz çalıyor,genel,pozitif
Çok iyi fiyat,fiyat,pozitif
Çok iyi kardeşime hediye aldım. Aldıktan sonra indirime girdi 😑,fiyat,negatif
Çok iyi orijinal rahatlıkla alabilirsiniz ben kılıf da aldım,genel,pozitif
Çok iyi orijinal rahatlıkla alabilirsiniz ben kılıf da aldım,kalite,pozitif
Çok iyi paketleme kargolama her şey,kargo,pozitif
Çok iyi paketleme kargolama her şey,ambalaj,pozitif
Çok iyi sanki müzik kafamın içinde çalıyor mediamarkt satıcıdan aldım güzel paketlenmiş orijinal garanti vs sorun yoktu,kalite,pozitif
Çok iyi sanki müzik kafamın içinde çalıyor mediamarkt satıcıdan aldım güzel paketlenmiş orijinal garanti vs sorun yoktu,ambalaj,pozitif
Çok iyi ve nazik bir satıcı ilgisinden dolayı kendisine teşekkür ederiz komutanım,genel,pozitif
Çok iyi çok beğendim kocama teşekkür ederim,genel,pozitif
Çok iyi çok rahat sorunsuz ve hızlı kargo ..,kargo,pozitif
Çok iyi. Ses kalitesi ve basından oldukça memnunum.,genel,pozitif
Çok iyi. Ses kalitesi ve basından oldukça memnunum.,ses_goruntu,pozitif
Çok kullanmadım  şimdilik iyi gibi kargo özenliydi,kargo,pozitif
Çok kötü bir ürün sesi dışarı veriyor iade ettim hala değerlendirmede kaç gün geçti almayın aldırmayın,genel,negatif
Çok kötü bir ürün sesi dışarı veriyor iade ettim hala değerlendirmede kaç gün geçti almayın aldırmayın,ses_goruntu,negatif
Çok memnun kaldım harika kulaklık,genel,pozitif
Çok memnunum,genel,pozitif
Çok minimal küçük sesi mükemmel veriyor anc mi bu mu diye düşündüm ben ancsiz aldım ve memnun kaldım güzel gerçekten tek sıkıntısı özensiz paketleme teknolojik,genel,pozitif
Çok minimal küçük sesi mükemmel veriyor anc mi bu mu diye düşündüm ben ancsiz aldım ve memnun kaldım güzel gerçekten tek sıkıntısı özensiz paketleme teknolojik,ses_goruntu,negatif
Çok minimal küçük sesi mükemmel veriyor anc mi bu mu diye düşündüm ben ancsiz aldım ve memnun kaldım güzel gerçekten tek sıkıntısı özensiz paketleme teknolojik,ambalaj,negatif
"Çok severek aldığım bu kulaklığı ilk başta aldığımda farketmemiştim , eşimle konuşurken eşim bana sürekli sesin ilk başlarda cızırtılı geliyor demişti aldırış e",ses_goruntu,negatif
Çok uygun fiyata yakaladım çok teşekkürler hızlı bir şekilde geldi. Apple kalitesi gayet güzel memnunum.,genel,pozitif
Çok uygun fiyata yakaladım çok teşekkürler hızlı bir şekilde geldi. Apple kalitesi gayet güzel memnunum.,kalite,pozitif
Çok uygun fiyata yakaladım çok teşekkürler hızlı bir şekilde geldi. Apple kalitesi gayet güzel memnunum.,fiyat,pozitif
Çok üst düzey bir sesi yok normal derecede iyi,ses_goruntu,notr
Öncelikle original olarak satılan ürünü 22 kasımda satın aldım garanti süresi 06.2024 de doluyor olarak görünüyor garanti süresini bir kenara bıraktım şarj ediy,batarya,notr
Öncelikle ürün orijinal. Daha önce farklı kulaklıklar kullandım. Yaklaşık 1 ay önce satın aldım. Yorum ve değerlendirmeleri de incelemiştim. Ya yorumu yapanlar,kalite,pozitif
Ürunu begendim fakat bazen sesimin karsi tarafa boguk gittigini soylediler umarim urun disi bir durumdan kaynaklidir onun disinda bence gayet yeterli ve iyi,genel,pozitif
Ürunu begendim fakat bazen sesimin karsi tarafa boguk gittigini soylediler umarim urun disi bir durumdan kaynaklidir onun disinda bence gayet yeterli ve iyi,ses_goruntu,negatif
Ürün 2 günde elime ulaştı. Orijinal kapalı kutusunda geldi. Ses kalitesi mükemmel yalnız müzik dinlerken kısa süreli ses gidip geliyor. Elektronik arızası var .,genel,pozitif
Ürün 2 günde elime ulaştı. Orijinal kapalı kutusunda geldi. Ses kalitesi mükemmel yalnız müzik dinlerken kısa süreli ses gidip geliyor. Elektronik arızası var .,kargo,pozitif
Ürün 2 günde elime ulaştı. Orijinal kapalı kutusunda geldi. Ses kalitesi mükemmel yalnız müzik dinlerken kısa süreli ses gidip geliyor. Elektronik arızası var .,ses_goruntu,pozitif
Ürün 2 günde elime ulaştı. Orijinal kapalı kutusunda geldi. Ses kalitesi mükemmel yalnız müzik dinlerken kısa süreli ses gidip geliyor. Elektronik arızası var .,ambalaj,pozitif
Ürün Orjinal Pakatleme özenle yapılmış Sağ salim elime ılaştı Ayrıca Sipariş Ettim 20 dk sonra Kargodan mesaj geldi hiç bu kadar hızlı kargolayan firma görmedim,kargo,pozitif
Ürün Orjinal Pakatleme özenle yapılmış Sağ salim elime ılaştı Ayrıca Sipariş Ettim 20 dk sonra Kargodan mesaj geldi hiç bu kadar hızlı kargolayan firma görmedim,kalite,pozitif
"Ürün ambalajsız geldi, üstelik fatura tarihim 12.05 garanti bitiş tarihim 03.05.",ambalaj,notr
Ürün arızalı geldi değişime gönderdin servise gönderdiler servis kutudan çıkan garanti tarihi ile Apple‘daki garanti tarihi aynı olmadığı için onarım yapmıyor g,kalite,negatif
"Ürün arızalı çıktı yetkili servis raporu istendi aldım ama Trendyol hala destek olmuyor, bir daha asla buradan sipariş vermem yasal haklarımı arayacağım",kalite,negatif
Ürün beğendim orjinalliğini kontrol ettim yorumuma ekleme yapıyorum kullanmaya başladım ses kalitesini beğenmedim müzik dinlerlen boğuk boğuk geliyor ayrıca tel,genel,pozitif
Ürün beğendim orjinalliğini kontrol ettim yorumuma ekleme yapıyorum kullanmaya başladım ses kalitesini beğenmedim müzik dinlerlen boğuk boğuk geliyor ayrıca tel,ses_goruntu,negatif
Ürün bozuk aramaları  cevaplamıyor aslan Telekom ürünün arkasında durmuyor,genel,negatif
Ürün bozuk aramaları  cevaplamıyor aslan Telekom ürünün arkasında durmuyor,kalite,negatif
Ürün bozuk yollandı apple müşteri hizmetletinden defalarca yardım almama rağmen bluetoothu görmüyor,genel,negatif
Ürün bozuk yollandı apple müşteri hizmetletinden defalarca yardım almama rağmen bluetoothu görmüyor,kalite,negatif
Ürün bozuldu servis benim hatam olduğunu söylüyor kullanmadım bile kesinlikle almayın!!,genel,negatif
Ürün bozuldu servis benim hatam olduğunu söylüyor kullanmadım bile kesinlikle almayın!!,kalite,negatif
Ürün dün elime ulaştı kargolama güzeldi hızlı teslimat oldu uygun fiyatlı şimdiye kadar kullandığım en iyi kulaklık diyebilirim bas sistemi çok güzel sesi çok n,kargo,pozitif
Ürün dün elime ulaştı kargolama güzeldi hızlı teslimat oldu uygun fiyatlı şimdiye kadar kullandığım en iyi kulaklık diyebilirim bas sistemi çok güzel sesi çok n,fiyat,pozitif
Ürün dün elime ulaştı kargolama güzeldi hızlı teslimat oldu uygun fiyatlı şimdiye kadar kullandığım en iyi kulaklık diyebilirim bas sistemi çok güzel sesi çok n,ses_goruntu,pozitif
Ürün elime geçtikten sonra garanti süresini sorguladım. 6 ay önce başladığını gördüm. Konu ile ilgili net bir dönüş sağlanmadı. Onun dışında herhangi bir sıkınt,genel,negatif
Ürün elime hızlı ulaştı orjinal ürün ben gareti olsun diye trendyol satıcısından aldım gayet güzel bir kulaklık sesi olsun rahatlığı olsun alabilirsinix,kalite,pozitif
Ürün elime hızlı ulaştı orjinal ürün ben gareti olsun diye trendyol satıcısından aldım gayet güzel bir kulaklık sesi olsun rahatlığı olsun alabilirsinix,ses_goruntu,pozitif
Ürün elime hızlı ulaştı satıcıya teşekkürler,genel,pozitif
Ürün elime ulaştı. Gayet kullanışlı bir cihaz. Kargo paketlemesi iyiydi ama daha korunaklı olabilir. Onun dışında cihaz orjinal .,kargo,pozitif
Ürün elime ulaştı. Gayet kullanışlı bir cihaz. Kargo paketlemesi iyiydi ama daha korunaklı olabilir. Onun dışında cihaz orjinal .,kalite,pozitif
Ürün elime ulaştı. Gayet kullanışlı bir cihaz. Kargo paketlemesi iyiydi ama daha korunaklı olabilir. Onun dışında cihaz orjinal .,ambalaj,pozitif
Ürün elime çok hızlıca ulaştı ayrıca çok kaliteli ve sesi çok güzel istediğiniz kadar yükseklikte kaliteli ürün çok teşekkür ederim kolay gelsin hayırlı güzel s,kalite,pozitif
Ürün elime çok hızlıca ulaştı ayrıca çok kaliteli ve sesi çok güzel istediğiniz kadar yükseklikte kaliteli ürün çok teşekkür ederim kolay gelsin hayırlı güzel s,ses_goruntu,pozitif
Ürün elimize ulaştı fakat sağ teki arızalı. İade işlemlerini başlattık. Umarım değişimi kolay şekilde gerçekleşir. Ürünümün yenisi ile değişmesi halinde yorumu,kalite,negatif
Ürün gayet güzel ve hızlı  geldi baya memnun kaldım,genel,pozitif
Ürün gayet güzel ve hızlı  geldi baya memnun kaldım,kargo,pozitif
Ürün gayet kaliteli ve şık küçük olması ayrı bir avantaj,kalite,pozitif
Ürün geldi bağlantı sorunu yaşıyorum ve kulaklıkla müzik dinlerken kulaklığın içinden ses geliyor bunu söylediğim halde servise gönderin diyorlar ben sıfır ürün,ses_goruntu,negatif
Ürün geldi kaliteli duruyor anneme hediye olarak aldım umarım oda beğenir. Bir yıldızi kulaklığın birinden az ses geliyor onun için kırdım,kalite,pozitif
Ürün geldi kaliteli duruyor anneme hediye olarak aldım umarım oda beğenir. Bir yıldızi kulaklığın birinden az ses geliyor onun için kırdım,ses_goruntu,pozitif
Ürün gerek ses düzeyi gerekse mikrofon olarak geçerli not aldı ama ebat olarak küçük olduğu için düşme riski olabilir diye düşünüyorum bunun dışında kaliteli bi,kalite,pozitif
Ürün gerek ses düzeyi gerekse mikrofon olarak geçerli not aldı ama ebat olarak küçük olduğu için düşme riski olabilir diye düşünüyorum bunun dışında kaliteli bi,ses_goruntu,pozitif
Ürün gerçekten f/p ürünü.Bağlantısı da kolay oldu uygulaması sayesinde ses kalitesini de beğendik şarjı 4 gündür henüz bitmedi kutusu da küçük ve zarif anneme a,batarya,negatif
Ürün gerçekten f/p ürünü.Bağlantısı da kolay oldu uygulaması sayesinde ses kalitesini de beğendik şarjı 4 gündür henüz bitmedi kutusu da küçük ve zarif anneme a,ses_goruntu,pozitif
Ürün gerçekten harika bu fiyata bu performans süper şarjı hiç bitmiyor,genel,pozitif
Ürün gerçekten harika bu fiyata bu performans süper şarjı hiç bitmiyor,fiyat,pozitif
Ürün gerçekten harika bu fiyata bu performans süper şarjı hiç bitmiyor,batarya,negatif
Ürün gerçekten çok güzel ses kalitesi inanılmaz güzel fakat bir olaya çok üzüldüm insan şarj kablosu göndermez mi ya hadi elektrik priz fişi kimse göndermiyor k,ses_goruntu,pozitif
Ürün guzel ama bir parçası eksik gönderilmiş. şarj kablosu kutunun içinde yoktu.,genel,pozitif
Ürün görseldeki gibi geldi yalnız sorduğum sorulara cvpları hala beklemekteyim ürünün ses kalitesi ve kullanımı kolay kargo biraz zaman alıyor müşteri hizmetler,kargo,notr
Ürün görseldeki gibi geldi yalnız sorduğum sorulara cvpları hala beklemekteyim ürünün ses kalitesi ve kullanımı kolay kargo biraz zaman alıyor müşteri hizmetler,ses_goruntu,notr
Ürün görseldeki ile aynı şekilde geldi. QR kodunu okutuğumda orjinal ürün olduğunu ilk kez kullanıma açıldığını belirtildi.,kalite,pozitif
Ürün güzel ancak sınırlı garanti 6 aylık vardı ona göre alın :),genel,pozitif
Ürün güzel fakat aynı şehire 4 günde geldi kargo çok geç,genel,pozitif
Ürün güzel fakat aynı şehire 4 günde geldi kargo çok geç,kargo,negatif
Ürün güzel fakat fatura ulaşmadı bana,genel,pozitif
Ürün güzel kaliteli ama bazı olumsuz yanlarından bahsetmek istiyorum. Ben jbl den geçtim ses kalitesi olarak aynılar nerdeyse fakat airpods sesi biraz açtığınız,genel,pozitif
Ürün güzel kaliteli ama bazı olumsuz yanlarından bahsetmek istiyorum. Ben jbl den geçtim ses kalitesi olarak aynılar nerdeyse fakat airpods sesi biraz açtığınız,ses_goruntu,pozitif
Ürün güzel paketi de güzel geldi,genel,pozitif
Ürün güzel paketlenmiş sağlam bir şekilde geldi kaliteli bir marka sesi kalitesi oldukça güzel,genel,pozitif
Ürün güzel paketlenmiş sağlam bir şekilde geldi kaliteli bir marka sesi kalitesi oldukça güzel,kalite,pozitif
Ürün güzel paketlenmiş sağlam bir şekilde geldi kaliteli bir marka sesi kalitesi oldukça güzel,ses_goruntu,pozitif
Ürün güzel paketlenmiş sağlam bir şekilde geldi kaliteli bir marka sesi kalitesi oldukça güzel,ambalaj,pozitif
Ürün güzel ses kalitesi iyi ama 1 sene sonra şarjı 10 dakika dayanmıyor pil ömrü bitiyor,genel,pozitif
Ürün güzel ses kalitesi iyi ama 1 sene sonra şarjı 10 dakika dayanmıyor pil ömrü bitiyor,batarya,negatif
Ürün güzel ses kalitesi iyi ama 1 sene sonra şarjı 10 dakika dayanmıyor pil ömrü bitiyor,ses_goruntu,pozitif
Ürün güzel şarjı çok tutuyor. Hızlı şarj oluyor. Ama kulaktan düşüyor çok değil ama yinede düşündürür.,genel,pozitif
Ürün güzel şarjı çok tutuyor. Hızlı şarj oluyor. Ama kulaktan düşüyor çok değil ama yinede düşündürür.,batarya,pozitif
Ürün hızlı ulaştı elime fakat kapağında trim sıkıntısı var. Ayrıca dokunmatik olarak çalışması gereken (tap’leme) özelliği aktif değil. Kulaklığın her yerine do,kalite,notr
Ürün hızlı ve sağlam geldi. Kullanımı çok rahat.,kalite,pozitif
Ürün iyi bir sorun yok şarjı biraz bitiyor ama en büyük sorun garantisi ben almadan önce başlamış Apple yardım destekle düzelttik alan herkesin mutlaka kontrol,genel,pozitif
Ürün iyi bir sorun yok şarjı biraz bitiyor ama en büyük sorun garantisi ben almadan önce başlamış Apple yardım destekle düzelttik alan herkesin mutlaka kontrol,batarya,negatif
Ürün konusunda bir sıkıntım yok kaliteli ürün ve hizmet sundular fakat trendyol kargo sürecinde beni çok üzdü. Başka bir dağıtım şubesine gönderdiler sonrasında,kargo,notr
Ürün konusunda bir sıkıntım yok kaliteli ürün ve hizmet sundular fakat trendyol kargo sürecinde beni çok üzdü. Başka bir dağıtım şubesine gönderdiler sonrasında,kalite,pozitif
Ürün kulakta durmuyor arkadaşlar kaç kişiye denettim hiç konforlu degıl Malesef,genel,negatif
Ürün kulakta rahat duruyor. Ben kapalı ortamda müzik dinledim ve ses tonu çok iyi geliyordu. Telefon görüşmesi henüz yapmadım. Sadece kargo biraz geç geldi 😖,kargo,negatif
Ürün kulakta rahat duruyor. Ben kapalı ortamda müzik dinledim ve ses tonu çok iyi geliyordu. Telefon görüşmesi henüz yapmadım. Sadece kargo biraz geç geldi 😖,ses_goruntu,pozitif
Ürün kulaktan kayıp düşüyor,genel,negatif
Ürün kulağımdan sürekli düşüyor. Hiç tavsiye etmiyorum,genel,negatif
Ürün kullanışlı ses kalitesi çok iyi,ses_goruntu,pozitif
Ürün kusurlu şekilde geldi apple çok iyi marka ama bu şekilde olması üzücü yardımcı olmuyolarr,kalite,negatif
Ürün kutusu boş geldi,ambalaj,negatif
Ürün kutusu daha önce açılmış  ürün geldi kutu açarken hava sıkışması oluyor bunda olmadı  ve kulaklık dokunmatikleri çalışmıyor iade edicem ürünü,kalite,negatif
Ürün kutusu daha önce açılmış  ürün geldi kutu açarken hava sıkışması oluyor bunda olmadı  ve kulaklık dokunmatikleri çalışmıyor iade edicem ürünü,ambalaj,negatif
Ürün kutusunun şarjı çok çabuk bitiyor ilk fark ettiğimde hijyen sebebiyle alınmadı teknosa 👎🏻,batarya,negatif
Ürün olması gerektiği gibi gayet güzel,genel,pozitif
Ürün on numara kulakta rahatız etme yok bazen takılı oldugunu unutuyosun ve sesi cok iyi tavsiye ederim,genel,pozitif
Ürün on numara kulakta rahatız etme yok bazen takılı oldugunu unutuyosun ve sesi cok iyi tavsiye ederim,ses_goruntu,pozitif
Ürün orijinal ancak sağ kulaklığı bozuk geldi. Apple mağazasına giderek değiştirdim.,genel,negatif
Ürün orijinal ancak sağ kulaklığı bozuk geldi. Apple mağazasına giderek değiştirdim.,kalite,negatif
Ürün orijinal değil çakma ürün gerekli birimlere başvurup şikayet edeceğim,kalite,negatif
Ürün orijinaldir . Kendim için aldım çok güzel çok beğendim. Kargom da hızlı ve güzel paketlenmişti  teşekkürler 🙏🏻,genel,pozitif
Ürün orijinaldir . Kendim için aldım çok güzel çok beğendim. Kargom da hızlı ve güzel paketlenmişti  teşekkürler 🙏🏻,kargo,pozitif
Ürün orijinaldir . Kendim için aldım çok güzel çok beğendim. Kargom da hızlı ve güzel paketlenmişti  teşekkürler 🙏🏻,kalite,pozitif
Ürün orijinaldir . Kendim için aldım çok güzel çok beğendim. Kargom da hızlı ve güzel paketlenmişti  teşekkürler 🙏🏻,ambalaj,pozitif
Ürün orijinaldir eşime hediye aldım çok beğendi,kalite,pozitif
Ürün orjinal fakat kulaklığın sağ teki bozuldu,genel,negatif
Ürün orjinal fakat kulaklığın sağ teki bozuldu,kalite,negatif
Ürün orjinal paketlemesi de güzeldi hızlı bir şekilde elime ulaştı,kargo,pozitif
Ürün orjinal paketlemesi de güzeldi hızlı bir şekilde elime ulaştı,kalite,pozitif
Ürün orjinal paketlemesi de güzeldi hızlı bir şekilde elime ulaştı,ambalaj,pozitif
Ürün orjınal 2. Nesil kutuda gelmedı,kalite,pozitif
Ürün orjınal 2. Nesil kutuda gelmedı,ambalaj,notr
"Ürün sağlam bir şekilde teslim alındı teşekkür ederim maalesef kutu içeriği şarz kablosu çıkmadı, bundan gerisi güzel çok teşekkür ederim ki beğendim çok iyi iş",genel,pozitif
"Ürün sağlam bir şekilde teslim alındı teşekkür ederim maalesef kutu içeriği şarz kablosu çıkmadı, bundan gerisi güzel çok teşekkür ederim ki beğendim çok iyi iş",kargo,pozitif
"Ürün sağlam bir şekilde teslim alındı teşekkür ederim maalesef kutu içeriği şarz kablosu çıkmadı, bundan gerisi güzel çok teşekkür ederim ki beğendim çok iyi iş",kalite,pozitif
Ürün sağlam geldi. Çalışıyor fakat içinde şarj kablosu yoktu. Yani iadeyle uğraşmayacağım ama hoş değil. Dikkatli olmak gerekiyor,kalite,pozitif
Ürün ses olarak kalite olarak güzel ama garantisi çok erken başlamış 3 ay kaldı gözüküyodu apple destekle hallettim,kalite,pozitif
Ürün ses olarak kalite olarak güzel ama garantisi çok erken başlamış 3 ay kaldı gözüküyodu apple destekle hallettim,ses_goruntu,pozitif
Ürün tabiki orjinal sesi bası fevkalade mikrofon konusunda da çok başarılı bazıları linçlemişti mikrofonu iyi değil diye ama öyle bir sorun yaşamadım düşünmeden,kalite,negatif
Ürün tabiki orjinal sesi bası fevkalade mikrofon konusunda da çok başarılı bazıları linçlemişti mikrofonu iyi değil diye ama öyle bir sorun yaşamadım düşünmeden,ses_goruntu,negatif
Ürün ulaştı çalışıyor sıkıntı yok. Fakat ürünü cihazla eşleştirdiğim vakit gördüm ki garantisi 11 ay 14 gün kalmış yani 9 Kasım 2024 tarihinde kapsam dışı kalac,genel,negatif
Ürün çok ama çok güzel orijinal ürün,kalite,pozitif
Ürün çok güzel Apple kalitesi Media Markt satıcısından aldım ürünüm gelince Apple destek e yazıp orijinalliğine emin oldum  ve garanti süresi bir sene gibi bir,kalite,pozitif
Ürün çok güzel bir şekilde elime ulaştı fakat telefonuma bağladığımda 4 ay sonra garantisinin bittiğini gördüm garanti süresini önceden başlatmak nedir neyseki,kargo,pozitif
Ürün çok hızlı geldi bunun için teşekkürler. Ürünü 5 ekimde aldım kullanamadım hala. Sağ tarafta sorun var bu gün apple desteğe gittim yeni verdiler kulaklığımı,kargo,pozitif
Ürün çok iyi orijinal 2 yıl garantisi var herkese öneririm,kalite,pozitif
Ürün çok kaliteli çok  teşekkür ederim.,kalite,pozitif
Ürün çok kullanışlı sesi falan süper jarjı uzun gidiyor diğer türlüsü vardı kulağımda durmuyordu bu tam kulağıma uyuyor,ses_goruntu,pozitif
"Ürün çok kısa sürede, sapasağlam elime ulaştı teslimat hızı mükemmel.Kulaklığın ses kalitesi ve malzeme yapısı fiyatının çok üzerinde, gerçekten kaliteli hisset",genel,pozitif
"Ürün çok kısa sürede, sapasağlam elime ulaştı teslimat hızı mükemmel.Kulaklığın ses kalitesi ve malzeme yapısı fiyatının çok üzerinde, gerçekten kaliteli hisset",kargo,pozitif
"Ürün çok kısa sürede, sapasağlam elime ulaştı teslimat hızı mükemmel.Kulaklığın ses kalitesi ve malzeme yapısı fiyatının çok üzerinde, gerçekten kaliteli hisset",kalite,pozitif
"Ürün çok kısa sürede, sapasağlam elime ulaştı teslimat hızı mükemmel.Kulaklığın ses kalitesi ve malzeme yapısı fiyatının çok üzerinde, gerçekten kaliteli hisset",fiyat,pozitif
"Ürün çok kısa sürede, sapasağlam elime ulaştı teslimat hızı mükemmel.Kulaklığın ses kalitesi ve malzeme yapısı fiyatının çok üzerinde, gerçekten kaliteli hisset",ses_goruntu,pozitif
Üründe arıza var,genel,negatif
Üründen gerçekten çok memnun kaldım bu fiyata göre böyle bir performans beklemiyordum alın aldırın mutlaka,genel,pozitif
Üründen gerçekten çok memnun kaldım bu fiyata göre böyle bir performans beklemiyordum alın aldırın mutlaka,fiyat,pozitif
Ürünler cok geç kargoya veriliyor ilgisiz vatan bilgisayar yani alırken iki kez düşünün,kargo,negatif
Ürünü 19 mayısta aldım garantisi ocak ayında başlatılmış apple da böyle hatalar yapılmazdı satıcıdan bi halt olmaz,genel,negatif
Ürünü 20 kasımda teslim aldım fakat ürünün garanti süresi 11 ay sonra sona eriyor. Fatura talebinde bulunmama rağmen 4 gündür faturamı göndermediler. Şiddetle b,kargo,notr
Ürünü alalı 2 ay oldu ama kulaklığın teki çalışmıyor satıcının ilgilenmesini istiyorum güncelleme kesinlikle almayın 2 ay içinde bozuldu çok dikkatli kullanmama,genel,negatif
Ürünü alalı 2 ay oldu ama kulaklığın teki çalışmıyor satıcının ilgilenmesini istiyorum güncelleme kesinlikle almayın 2 ay içinde bozuldu çok dikkatli kullanmama,kalite,negatif
Ürünü alalı 3 ay oldu telefona bağlanmıyor bluetoothla garantiye nasıl gönderebilirim lütfen bilgi verin,genel,negatif
Ürünü alalı henüz 2 ay bile olmadı ama sağ kulaklık bozuldu.! Sol taraftan çok güzel ses geliyor fakat sağ kulaklık şarjı olduğu halde ses gelmiyor. İki ay da n,genel,negatif
Ürünü alalı henüz 2 ay bile olmadı ama sağ kulaklık bozuldu.! Sol taraftan çok güzel ses geliyor fakat sağ kulaklık şarjı olduğu halde ses gelmiyor. İki ay da n,kalite,negatif
Ürünü alalı henüz 2 ay bile olmadı ama sağ kulaklık bozuldu.! Sol taraftan çok güzel ses geliyor fakat sağ kulaklık şarjı olduğu halde ses gelmiyor. İki ay da n,batarya,negatif
Ürünü alalı henüz 2 ay bile olmadı ama sağ kulaklık bozuldu.! Sol taraftan çok güzel ses geliyor fakat sağ kulaklık şarjı olduğu halde ses gelmiyor. İki ay da n,ses_goruntu,negatif
Ürünü alalı neredeyse bir sene olacak şarj sıkıntısı dışında hiçbir sıkıntısı yok,batarya,negatif
Ürünü alırken 2 yıl garantisi var diye aldım 1 yıl garantisi olduğunu öğrendim,genel,negatif
"Ürünü açtım ve garantisinin dolduğunu gördüm, sıfır açılmamış bir ürünün garantisi nasıl dolmuş olabiliyor ? yazdım cevap alamadım iade ettim umarım gereği yapı",genel,negatif
Ürünü açıp eşleştirmeden  garanti süresini bilmediğiniz için açtım .eşleştidim ..8 ay garanti kaldığını dördüm .trendyol ile iletişime geçtim bana garantimiz al,genel,negatif
"Ürünü daha 19.11.2023 tarihinde satın alıp 21.11.2023 tarihinde kullanmaya başlamama rağmen,garanti süresi 08.06.2023 olarak gözüküyor.Apple ile görüştüm eğer ç",genel,negatif
Ürünü mayıs ayında aldım garantisi Ocak ayında başlatılmış ancak konu ile ilgili muhatap bulamıyorum.,genel,negatif
Ürünü nişanlıma aldım çok begendim orjinal kesinlikle tavsiye ederim,genel,pozitif
Ürünü nişanlıma aldım çok begendim orjinal kesinlikle tavsiye ederim,kalite,pozitif
Ürünü orijinal diye aldım ve bozuldu şarj olmuyor Trendyol‘un derhal satıcı ile iletişim kurup bana geri dönmelerini istiyorum aksi halde hukuki yollara başvura,genel,negatif
Ürünü orijinal diye aldım ve bozuldu şarj olmuyor Trendyol‘un derhal satıcı ile iletişim kurup bana geri dönmelerini istiyorum aksi halde hukuki yollara başvura,kalite,negatif
Ürünü orijinal diye aldım ve bozuldu şarj olmuyor Trendyol‘un derhal satıcı ile iletişim kurup bana geri dönmelerini istiyorum aksi halde hukuki yollara başvura,batarya,negatif
Ürünü orjinal diyerek aldım ama orjinal değil. Garanti süresi 1 yıl iade edeceğim. Çok güzel çalışıyorsunuz harikasınız,genel,negatif
Ürünü orjinal diyerek aldım ama orjinal değil. Garanti süresi 1 yıl iade edeceğim. Çok güzel çalışıyorsunuz harikasınız,kalite,negatif
Ürünü sevdim yalnız kulağıma olmuyor. Çok büyükler eğer kulak delikleriniz küçükse kesinlikle almayın pro versiyonunu tercih edin. Hareket edince düşecek gibi o,genel,negatif
Ürünü sorgulattım orjinallik garantisi var ses kalitesi 1-2 ye göre inanılmaz farkediyor tam bir performans ürünü fiyat olarak da güzel teşekkürler satıcıya kor,fiyat,pozitif
Ürünü sorgulattım orjinallik garantisi var ses kalitesi 1-2 ye göre inanılmaz farkediyor tam bir performans ürünü fiyat olarak da güzel teşekkürler satıcıya kor,ses_goruntu,pozitif
Ürünü teknosa mağazasından aldım kargo sırasında kayboldu ve ben arayana kadar hiç bir şeyden haberleri yoktu daha sonrasında 2-3 gün gecikmeli kaybolan ürünü b,kargo,notr
Ürünü yeni aldım fakat %100 kullanmadığım halde %70lere kadar kullanıp tekrar kutusuna koymam gerekiyor aksi takdirde dışarıda durduğunda şarjı 3-5 saate bitiyo,batarya,negatif
"Ürünü yeni almama rağmen garantisi başlatılmış görünüyor. Onun dışında herhangi bir sıkıntısı yok, ses kalitesi çok iyi",ses_goruntu,negatif
"Ürünün açıklamasında aktif gürültü engelleme var olarak yazıyor ancak Apple ın kendi sitesinden de sonradan ulaştığım bilgi, bu kulaklıkta o özelliğin olmadığı",ses_goruntu,notr
Ürünün faturası gelmedi ayrı yollamışsınız kargo bedelini bize yansıtmışsınız 189₺ çok saçma ürünü teslim alıyorsunuz faturası sonradan tarafınıza ücretli geliy,kargo,negatif
Ürünün faturası gelmedi ayrı yollamışsınız kargo bedelini bize yansıtmışsınız 189₺ çok saçma ürünü teslim alıyorsunuz faturası sonradan tarafınıza ücretli geliy,fiyat,negatif
Ürünün garanti süresi 2 ay dolmuş görünüyor nasıl iş anlamamıyorum cidden,genel,negatif
Ürünün içinden şarj kablosu çıkmadı !,genel,negatif
Ürünün sağ kulaklığı bozuk geldi hemen satıcıya yazdım iade veya değişim sağlanamayacağını söylediler sıfır alınan ürünün suan yetkili servise giderek onarım ya,genel,negatif
Ürünün sağ kulaklığı bozuk geldi hemen satıcıya yazdım iade veya değişim sağlanamayacağını söylediler sıfır alınan ürünün suan yetkili servise giderek onarım ya,kalite,negatif
"Ürünün seri numarasını kontrol ettirdiğimde orijinal çıktı. Hızlı teslimat, güzel paketleme emeğinize sağlık",kargo,pozitif
"Ürünün seri numarasını kontrol ettirdiğimde orijinal çıktı. Hızlı teslimat, güzel paketleme emeğinize sağlık",kalite,pozitif
"Ürünün seri numarasını kontrol ettirdiğimde orijinal çıktı. Hızlı teslimat, güzel paketleme emeğinize sağlık",ambalaj,pozitif
Ürünün sesi az çıkıyor,ses_goruntu,negatif
çok beğendik kızım için aldım hediye,genel,pozitif
çok beğendim 3 aydır kullanıyorum çok memnunun kaldım,genel,pozitif
çok beğendim çok memnunumçok beğendim çok memnunumçok beğendim çok memnunum,genel,pozitif
çok bir beklentiniz olmasın. Fiyat performans ürünü,fiyat,pozitif
çok guzelllll şarjı günlerce bitmiyor inanılmaz kullanışlı fiyat zaten şahane. Hızlı kargo kaliteli ürün,kargo,pozitif
çok guzelllll şarjı günlerce bitmiyor inanılmaz kullanışlı fiyat zaten şahane. Hızlı kargo kaliteli ürün,kalite,pozitif
çok guzelllll şarjı günlerce bitmiyor inanılmaz kullanışlı fiyat zaten şahane. Hızlı kargo kaliteli ürün,fiyat,pozitif
çok guzelllll şarjı günlerce bitmiyor inanılmaz kullanışlı fiyat zaten şahane. Hızlı kargo kaliteli ürün,batarya,negatif
çok güzel  oğluma aldm begendi,genel,pozitif
çok güzel bir ürün denedim kullandım herkese tavsiye ederim,genel,pozitif
çok güzel olmuş ellerine sağlık ocağı ve sağlık ocağı hastaneler için randevu alma sistemi,genel,pozitif
çok güzel paketleme çok iyiydi.,ambalaj,pozitif
çok güzel ses kalitesi,ses_goruntu,pozitif
çok güzel şarjı 1 hafta gidiyor nerdeyse ama biraz cızırtılı ses veriyor,batarya,pozitif
çok güzel şarjı 1 hafta gidiyor nerdeyse ama biraz cızırtılı ses veriyor,ses_goruntu,negatif
çok harika hakkı vermişsiniz ben çok beğendim teşekkürler,genel,pozitif
çok iyi bir ürün şarjı çok uzun dayanıyor. tavsiye ederim.,genel,pozitif
çok iyi bir ürün şarjı çok uzun dayanıyor. tavsiye ederim.,batarya,pozitif
çok memnunum orijinal ürün ses kalitesi vs muhteşem,genel,pozitif
çok memnunum orijinal ürün ses kalitesi vs muhteşem,ses_goruntu,pozitif
çok severek kullanıyorum,genel,pozitif
çok çok iyifir,genel,pozitif
çokkk memnunummmm,genel,pozitif
ürunde sol kulaklıkda cızırtı vardı iade ettim reddedildi ve biraz uğraştım servisde 2.kez gidişimde degisebildim şuan normal,ses_goruntu,negatif
ürün 1 ayı geçmeden bozuldu sol tarafı iade oluşturamıyorum kardeşim almıştı mavisini hiç sorun yaşamadı benimki neden böyle oldu anlamadım birden sol taraf çal,genel,negatif
ürün 1 ayı geçmeden bozuldu sol tarafı iade oluşturamıyorum kardeşim almıştı mavisini hiç sorun yaşamadı benimki neden böyle oldu anlamadım birden sol taraf çal,kalite,negatif
ürün bir günde geldi ve bu fiyata alınabilecek en güzel apple kulaklık öneririm satıcıya da teşekkür ederim,fiyat,pozitif
ürün cok iyi ses kalitesi iyi ama gönderilen kargocuya saygı çerçevesinde konustugum için laf etmeyecem kargo evime gelmedi aradık dediler arama yok ertesi gün,kargo,negatif
ürün cok iyi ses kalitesi iyi ama gönderilen kargocuya saygı çerçevesinde konustugum için laf etmeyecem kargo evime gelmedi aradık dediler arama yok ertesi gün,ses_goruntu,pozitif
ürün elime bozuk geldi sol taraf çalışmıyor ayrıca ses kalitesi fiyatina göre bile düşük,genel,negatif
ürün elime bozuk geldi sol taraf çalışmıyor ayrıca ses kalitesi fiyatina göre bile düşük,kalite,negatif
ürün elime bozuk geldi sol taraf çalışmıyor ayrıca ses kalitesi fiyatina göre bile düşük,fiyat,negatif
ürün elime bozuk geldi sol taraf çalışmıyor ayrıca ses kalitesi fiyatina göre bile düşük,ses_goruntu,negatif
ürün elime ulaştı fakat şarj aleti yok,kargo,notr
ürün elime ulaştı fakat şarj aleti yok,batarya,negatif
ürün gayat güzel   kargo çok hızlı ilandaki gibi bir günde elime ulaştı paketleme gayet düzgün ve sağlamdı  tavsiye ederim,genel,pozitif
ürün gayat güzel   kargo çok hızlı ilandaki gibi bir günde elime ulaştı paketleme gayet düzgün ve sağlamdı  tavsiye ederim,kargo,pozitif
ürün gayat güzel   kargo çok hızlı ilandaki gibi bir günde elime ulaştı paketleme gayet düzgün ve sağlamdı  tavsiye ederim,kalite,pozitif
ürün gayat güzel   kargo çok hızlı ilandaki gibi bir günde elime ulaştı paketleme gayet düzgün ve sağlamdı  tavsiye ederim,ambalaj,pozitif
ürün gayet çok iyi sesi net ama bir sıkıntı var kulaklığı kulağıma taktığımda telefona bağlanım geri çıkıyor eğer böyle sıkıntısı olmasaydı 5 yıldızı hak ediyor,ses_goruntu,notr
ürün geç geldi ama sorunsuz güzel,kargo,negatif
ürün güvenilir güzel severek kullanıyorum,genel,pozitif
ürün güzel gayet klasik apple kalitesi ama paketleme ozensiz patpata bile sarılmamıs kargocu abi ulasamayınca balkona atmis sagolsun sans eseri calisiyor resmen,genel,negatif
ürün güzel gayet klasik apple kalitesi ama paketleme ozensiz patpata bile sarılmamıs kargocu abi ulasamayınca balkona atmis sagolsun sans eseri calisiyor resmen,kargo,negatif
ürün güzel gayet klasik apple kalitesi ama paketleme ozensiz patpata bile sarılmamıs kargocu abi ulasamayınca balkona atmis sagolsun sans eseri calisiyor resmen,ambalaj,negatif
ürün güzel sadece kulaktan çabuk çıkıyor dikkatli olmanız gerekiyor çıkmasın diye sert takınca da kulak yarası oluştu,genel,pozitif
ürün ilk geldi ses kalitesi felan çok güzeldi ikinci gün oldu bı baktım sesi gitti çok az ses gelmeye başladı verdiğim paraya çok üzüldüm gerçekten,fiyat,pozitif
ürün ilk geldi ses kalitesi felan çok güzeldi ikinci gün oldu bı baktım sesi gitti çok az ses gelmeye başladı verdiğim paraya çok üzüldüm gerçekten,ses_goruntu,pozitif
ürün kusurlu geldi ses kalitesi çok kötü. iade etmek istiyorum fakat ambalajı açıldığı için iadesi olmuyormuş. ikinci el durumuna düşüyormuş. açmadan ses kalite,kalite,negatif
ürün kusurlu geldi ses kalitesi çok kötü. iade etmek istiyorum fakat ambalajı açıldığı için iadesi olmuyormuş. ikinci el durumuna düşüyormuş. açmadan ses kalite,ses_goruntu,negatif
ürün kusurlu geldi ses kalitesi çok kötü. iade etmek istiyorum fakat ambalajı açıldığı için iadesi olmuyormuş. ikinci el durumuna düşüyormuş. açmadan ses kalite,ambalaj,negatif
ürün kutulaması güzel  ve kargo süresi kısaydı.,kargo,pozitif
ürün kutulaması güzel  ve kargo süresi kısaydı.,ambalaj,pozitif
ürün orijinal erkek arkadaşıma hediye aldım gayet güzel,kalite,pozitif
ürün orijinal. herhangi bir sıkıntı yok gayet güzel fakat dışarı ses veriyor alırken göz önünde bulundurun,kalite,pozitif
ürün orijinal. herhangi bir sıkıntı yok gayet güzel fakat dışarı ses veriyor alırken göz önünde bulundurun,ses_goruntu,negatif
ürün orjinal degil asla buna inanmayin orjinal olsa koskoca apple kutusundan pazardan alinan cakma sarj kablosu cikma olasiligini size birakiyorum tavsiye etmiy,genel,negatif
ürün orjinal degil asla buna inanmayin orjinal olsa koskoca apple kutusundan pazardan alinan cakma sarj kablosu cikma olasiligini size birakiyorum tavsiye etmiy,kalite,negatif
ürün orjinal degil asla buna inanmayin orjinal olsa koskoca apple kutusundan pazardan alinan cakma sarj kablosu cikma olasiligini size birakiyorum tavsiye etmiy,batarya,pozitif
ürün yeni geldi sorunsuz çalışıyor ama şarj için içinden kablo çıkmadı. elimde şarj etmek için kablo olduğu için benlik sorunluk ama söyleyeyim,genel,pozitif
ürün çok güzel ama içinden şarj cihazı çıkmadı,batarya,negatif
ürün çok güzel ama kargo zamanı çok yanlış yarın gelecek dedi ondan sonraki gün gelidi ondan dahil ürün çok güzel bence alın,kargo,pozitif
ürün çok güzel kaliteli harika bişey çok tşk ederim paketleme ve ürün içinde,genel,pozitif
ürün çok güzel kaliteli harika bişey çok tşk ederim paketleme ve ürün içinde,kalite,pozitif
ürün çok güzel kaliteli harika bişey çok tşk ederim paketleme ve ürün içinde,ambalaj,pozitif
ürün çok güzel sadece sesi dışarıya veriyor çok,ses_goruntu,pozitif
ürün çok iyi,genel,pozitif
ürün çok iyi ve saglma kaliteli uygulamadan ayar yapabiliyorsun bas tiz ayarı ve müzik dinlerken ses çok güzel sadece telefon görüşmesinde biraz ses az ama güze,kalite,pozitif
ürün çok iyi ve saglma kaliteli uygulamadan ayar yapabiliyorsun bas tiz ayarı ve müzik dinlerken ses çok güzel sadece telefon görüşmesinde biraz ses az ama güze,ses_goruntu,negatif
üründe sorun var sesi boğuk derinden geliyor üstüne birde kulaklıklarda cızırtı var ben yalın temiz bir ses beklerken derinden geliyor sanki uzaktan geliyor hem,ses_goruntu,negatif
"üründen hiç memnun kalmadım.alali 1 ay oldu,konuşurken karşıdan gelen ses iyi,fakat benim sesimi çok az geliyor diyorlar.magduriyetimin giderilmesini istoyorum",genel,negatif
"üründen hiç memnun kalmadım.alali 1 ay oldu,konuşurken karşıdan gelen ses iyi,fakat benim sesimi çok az geliyor diyorlar.magduriyetimin giderilmesini istoyorum",ses_goruntu,pozitif
ürünü 3 martta aldım ama sol kulaklık şarj almıyor ve çalışmıyor.,batarya,negatif
ürünü beğendim tavsiye ederim ama şarj kablosu yok bunu bilgilendirme yapmanız gerekirdi.,genel,pozitif
"ürünü çok beğendim,ses kalitesi güzel ,kargo ve paketlenmesi iyi,gönül rahatlığıyla alabilirsiniz.",genel,pozitif
"ürünü çok beğendim,ses kalitesi güzel ,kargo ve paketlenmesi iyi,gönül rahatlığıyla alabilirsiniz.",kargo,pozitif
"ürünü çok beğendim,ses kalitesi güzel ,kargo ve paketlenmesi iyi,gönül rahatlığıyla alabilirsiniz.",ses_goruntu,pozitif
"ürünü çok beğendim,ses kalitesi güzel ,kargo ve paketlenmesi iyi,gönül rahatlığıyla alabilirsiniz.",ambalaj,pozitif
ürünün içinden şarj etmek için herhangi bir aparat çıkmadı.,batarya,negatif
ürünün içinden şarj kablosu çıkmadı,genel,negatif
ürünün sarjı yokmu,batarya,negatif
ürünün ses kalitesi çok güzel gerçekten dışarıyla bağlantını kesiyor çok memnundum şarjı da çook uzun gidiyor ama alalı daha 3 ay olmadan sol kulaklık hiçbir se,genel,pozitif
ürünün ses kalitesi çok güzel gerçekten dışarıyla bağlantını kesiyor çok memnundum şarjı da çook uzun gidiyor ama alalı daha 3 ay olmadan sol kulaklık hiçbir se,batarya,pozitif
ürünün ses kalitesi çok güzel gerçekten dışarıyla bağlantını kesiyor çok memnundum şarjı da çook uzun gidiyor ama alalı daha 3 ay olmadan sol kulaklık hiçbir se,ses_goruntu,pozitif
üç aydır kullanıyorum çok memnun kaldım sesi de gayet iyi veriyor,genel,pozitif
üç aydır kullanıyorum çok memnun kaldım sesi de gayet iyi veriyor,ses_goruntu,pozitif
İdare eder,genel,notr
İki günde elime ulaştı. Paketleme iyiydi. Ama içinden kablosu çıkmadı. Benim şarjımın kablosu buna uyumlu değil. Eskiden kablo koyuyorlardı ama şimdi kaldırmışl,kargo,notr
İlk aldığımı kaybettiğim için ikincisini aldım aynı satıcıdan 100% orijinal çok da hızlı gönderdiler çok teşekkür ederim,kalite,pozitif
İlk açtığımda  çok beğendim ama  ne yazık ki şarj kablosunu  koymamışlar,genel,pozitif
İlk defa bır üründen pişman oldum bozuk ürünü satıp 3 defa ıyade gonderdım her defasında retedildi  bu fırmadan uzak durun bence,genel,negatif
İlk defa bır üründen pişman oldum bozuk ürünü satıp 3 defa ıyade gonderdım her defasında retedildi  bu fırmadan uzak durun bence,kalite,negatif
İnanılmaz iyi bir kalite dışarının sesini çok net kesiyor yalnızca son seslerde dışarıdan hafif duyuluyor müzik sesi onun dışından 10/10,kalite,pozitif
İnanılmaz iyi bir kalite dışarının sesini çok net kesiyor yalnızca son seslerde dışarıdan hafif duyuluyor müzik sesi onun dışından 10/10,ses_goruntu,pozitif
İndirimlerle iyi bir fiyata yakalım.çok memnunum,genel,pozitif
İndirimlerle iyi bir fiyata yakalım.çok memnunum,fiyat,pozitif
"İyi gibi , şarjı hızlı bitiyor sanki …",batarya,negatif
İyiki almışım,genel,pozitif
İyiki almışım ses kalitesi gerçekten harika,genel,pozitif
İyiki almışım ses kalitesi gerçekten harika,ses_goruntu,pozitif
İyiki almışım çok büyük kolaylık oldu benim için,genel,pozitif
İyiki almışım. Mikrofon benim için en değerli şey. Çok iyi mikrofonu. Çok hafif. Ses çok iyi.,ses_goruntu,pozitif
İçeriğinde şarz aleti var yazıyor ve kutusunda yeri de var açıklamada da yazıyor ayrıca resmi satıcı satıyor ama koyulmamış onun harici f/p,ambalaj,notr
İçinde şarj aleti yok,batarya,negatif
Şahane bayıldum uygun fiyat,fiyat,pozitif
Şarj kablosu çıkmaması üzücü. Az para değil gerçekten. Ama kaliteli ve kutu kapalı ve sağlam geldi.,kalite,pozitif
Şarj kablosu çıkmaması üzücü. Az para değil gerçekten. Ama kaliteli ve kutu kapalı ve sağlam geldi.,fiyat,pozitif
Şarj konusunda sıkıntıları var. Uğraşmadım ama değiştirmeye falan,batarya,negatif
Şarjı çok çabuk bitiyor.,batarya,negatif
Şarjı çok çabuk bitiyor. Keşke almasaydım,batarya,negatif
Şarjımın bitmemesie rağmen bağlanmıyor yardımcı olur musunuz,genel,negatif
Şarjımın bitmemesie rağmen bağlanmıyor yardımcı olur musunuz,batarya,negatif
Şimdilik iyi ses kalitesi normal,ses_goruntu,pozitif
Şimdilik kulanıslı güzel,genel,pozitif
Şu kulaklığın başına gelmeyen şey kalmadı,genel,negatif
şarj aleti yanında gelmiyor onun haricinde ses kalitesi çok iyi tasarım olarak da çok kibar duruyor çok beğendim,genel,negatif
şarj aleti yanında gelmiyor onun haricinde ses kalitesi çok iyi tasarım olarak da çok kibar duruyor çok beğendim,batarya,pozitif
şarj aleti yanında gelmiyor onun haricinde ses kalitesi çok iyi tasarım olarak da çok kibar duruyor çok beğendim,ses_goruntu,pozitif
şarj kablosu çıkmadı garanti belgesi doldurulmamış,genel,negatif
şarj kablosu çıkmadı içinden,genel,negatif
şarj kablosu çıkmadı nasıl bir ürün gönderiyorsunuz yetkili satıcı olacaksınız birde😡,genel,negatif
şarj konusunda baya iyi ama telefon görüşmesinde kötü karşıya ses çok gitmiyor,batarya,pozitif
şarj konusunda baya iyi ama telefon görüşmesinde kötü karşıya ses çok gitmiyor,ses_goruntu,negatif
şarjı istediğim gibi gitmiyor. 3 günde bir sarj etmem gerekiyor ama kapta kuçuk tabi neresinden o kadar sarj  olsun.,batarya,negatif
şarjı çok hızlı bitmeye başladı garanti kapsamında değişim/tamir istiyorum ama kimse ilgilenmiyor,batarya,negatif
şarjı çıkmadı,batarya,negatif
