yorum,aspect,sentiment
ASUS ASUS ASUSU,genel,notr
ürün tabiki çok güzel apple sonuçta ama trendyol çok yavaş kargoları maalesef ama sorunsuz geldi teşekkürler,genel,pozitif
ürün tabiki çok güzel apple sonuçta ama trendyol çok yavaş kargoları maalesef ama sorunsuz geldi teşekkürler,kargo,negatif
"Ürün elime bugün 5 kasım 2024 tarihinde ulaştı, kutu üzerinden doğrulamasını yaptıktan sonra kurulum için açtım. Açar açmaz karşılaştığım sorun pil için servis",kargo,notr
"Ürün elime bugün 5 kasım 2024 tarihinde ulaştı, kutu üzerinden doğrulamasını yaptıktan sonra kurulum için açtım. Açar açmaz karşılaştığım sorun pil için servis",batarya,negatif
"Kesinlikle almayın, 19 ekim 2024 tarihinde teslim aldım cihazı, garanti bitimi 26 mart 2025 gösteriyor. Daha önce kullanılmış ürünü gönderiyorlar ve BOZUK!!! Ci",genel,negatif
"Kesinlikle almayın, 19 ekim 2024 tarihinde teslim aldım cihazı, garanti bitimi 26 mart 2025 gösteriyor. Daha önce kullanılmış ürünü gönderiyorlar ve BOZUK!!! Ci",kalite,negatif
ürün hiçbir şekilde şarj olmuyor. servis öneriliyor yazıyor. paketlenmeden gönderilmiş sadece kendi kutusu ve trendyol kutusuna konmuş.,batarya,negatif
ürün hiçbir şekilde şarj olmuyor. servis öneriliyor yazıyor. paketlenmeden gönderilmiş sadece kendi kutusu ve trendyol kutusuna konmuş.,ambalaj,negatif
Ürünü 22 Aralık 2024 tarihinde satıcı trendyol asatıcı olarak sipariş verdim bugün geldi kurulumunu gerçekleştirdim. Garanti süresine bakınca 30 Ocak 2026 olduğunu fark,kargo,notr
Ürünü 22 Aralık 2024 tarihinde satıcı trendyol asatıcı olarak sipariş verdim bugün geldi kurulumunu gerçekleştirdim. Garanti süresine bakınca 30 Ocak 2026 olduğunu fark,genel,notr
Ağustosda aldım ocakta garantisi başlamış,genel,negatif
PC kurulumunu yaptıktan sonra pil seviyesi servis gösteriyordu iade ettim geri yolladılar PC yi sıfırlayıp geri yollamam söylendi sıfırladım ve tekrar yolladım,batarya,negatif
PC kurulumunu yaptıktan sonra pil seviyesi servis gösteriyordu iade ettim geri yolladılar PC yi sıfırlayıp geri yollamam söylendi sıfırladım ve tekrar yolladım,genel,negatif
batarya bozuk geldi üründe sorun yoktu servis uyarısı verdi geri iade talebi oluşturdum.,batarya,negatif
batarya bozuk geldi üründe sorun yoktu servis uyarısı verdi geri iade talebi oluşturdum.,kalite,pozitif
sıfır aldığım ürün pil servis uyarısı verdi iadeyle uğraşmadım servise gönderdim.trendyol satıcısından almıştım siz siz olun bilindik yerlerden alın,batarya,negatif
sıfır aldığım ürün pil servis uyarısı verdi iadeyle uğraşmadım servise gönderdim.trendyol satıcısından almıştım siz siz olun bilindik yerlerden alın,genel,negatif
Çok şaşkınım nasıl böyle ürün gönderirler aklım almıyor sıfır kapalı kutu pil şarj olmuyor  servis öneriliyor diyor iade yaptılar neyseki,batarya,negatif
Çok şaşkınım nasıl böyle ürün gönderirler aklım almıyor sıfır kapalı kutu pil şarj olmuyor  servis öneriliyor diyor iade yaptılar neyseki,ambalaj,notr
Ürün kusurlu gönderildi..açıldığında şarjı %1di birkaç saat durmasına rağmen dolmadı servis öneriliyor uyarısı verdi. Ayrıca daha yeni aldığım ürünün 2 yıl gara,kalite,negatif
Ürün kusurlu gönderildi..açıldığında şarjı %1di birkaç saat durmasına rağmen dolmadı servis öneriliyor uyarısı verdi. Ayrıca daha yeni aldığım ürünün 2 yıl gara,batarya,negatif
Tavsiye etmiyorum. Sıfır ürün arızalı çıktı. Şarj dolmuyor. %1 şarjla geldi. Aynı şarjla iade ettik. Paramızı aldık çok şükür.,genel,negatif
Tavsiye etmiyorum. Sıfır ürün arızalı çıktı. Şarj dolmuyor. %1 şarjla geldi. Aynı şarjla iade ettik. Paramızı aldık çok şükür.,kalite,negatif
Tavsiye etmiyorum. Sıfır ürün arızalı çıktı. Şarj dolmuyor. %1 şarjla geldi. Aynı şarjla iade ettik. Paramızı aldık çok şükür.,batarya,negatif
Garanti süresine çok az kalmış ve pil servisi uyarısı veriyo şarja takmadan çalışmıyor bilgisayarın alt tarafındada yanık izi var 3 4 bin TL üstüne koyun gidip,batarya,negatif
Garanti süresine çok az kalmış ve pil servisi uyarısı veriyo şarja takmadan çalışmıyor bilgisayarın alt tarafındada yanık izi var 3 4 bin TL üstüne koyun gidip,kalite,negatif
Pil şarj olmuyor servis öneriliyor uyarısı veriyor bu nasıl iş anlamadım acil yardım istiyorum,batarya,negatif
"Kusurlu mal satılıyor, almayın uyarıyorum sizleri. Aynı mağduriyeti yaşamanızı istemem. Bataryası ölmüş, şarja takılmadan çalışmayan bilgisayar satıyorlar. Tren",kalite,negatif
"Kusurlu mal satılıyor, almayın uyarıyorum sizleri. Aynı mağduriyeti yaşamanızı istemem. Bataryası ölmüş, şarja takılmadan çalışmayan bilgisayar satıyorlar. Tren",batarya,negatif
Pili bitmiş 3 yıl önce garantisi bitmiş ürünü bana gönderip bu durumu belgelediğim halde 15 günlük süre geçtiğin için almayan satıcı. İsterseniz siz de alın.,batarya,negatif
Pili bitmiş 3 yıl önce garantisi bitmiş ürünü bana gönderip bu durumu belgelediğim halde 15 günlük süre geçtiğin için almayan satıcı. İsterseniz siz de alın.,genel,negatif
0 ürün nasıl bozuk çıkabiliyor aklım almıyor. Pil bozuk çıktı. Pil şarj olmuyor uyarısı veriyor. Güç kablosunu çektiğim anda kapanıyor. 2-3 hafta servisle uğraş,batarya,negatif
Bana pili bozuk ürün gonderdi TRENDYOL saticisi ve degisim/iade talebimi reddedip teknik serviste kendi basimim caresine bakmam soylendi.,batarya,negatif
Bana pili bozuk ürün gonderdi TRENDYOL saticisi ve degisim/iade talebimi reddedip teknik serviste kendi basimim caresine bakmam soylendi.,genel,negatif
"Maalesef urun elime gectiginde pil servis uyarisi veriyordu, sarj olmuyordu yani hatali urun gonderildi ve iade etmek zorunda kaldim. Almanizi onermem.",batarya,negatif
"Maalesef urun elime gectiginde pil servis uyarisi veriyordu, sarj olmuyordu yani hatali urun gonderildi ve iade etmek zorunda kaldim. Almanizi onermem.",genel,negatif
Trendyol satıcısından birşey alırken artık bir değil bin kere düşünerek alışveriş yapacağım belki hiç yapmayacağım buradaki yorumlara güvenerek alışveriş yaptım,genel,negatif
Sıfır kutusunda çıkarıyorsun o da ne üründe çizikler var. Muhtemelen iade edilen ürünleri paketleyip satıyorlar. Trandyoldan alışveriş yapmayacağım bu son. Mevz,kalite,negatif
Sıfır kutusunda çıkarıyorsun o da ne üründe çizikler var. Muhtemelen iade edilen ürünleri paketleyip satıyorlar. Trandyoldan alışveriş yapmayacağım bu son. Mevz,genel,negatif
Sürekli fiyatıyla oynuyorlar,fiyat,negatif
Cihaz kusurlu çıktı. Bataryasında sıkıntı var kutuyu açtıktan sonra bilgisayarı açtığımda ilk olarak Apple logosu çıkmadı daha sonra şarja taktığımda açıldı. Şa,kalite,negatif
Cihaz kusurlu çıktı. Bataryasında sıkıntı var kutuyu açtıktan sonra bilgisayarı açtığımda ilk olarak Apple logosu çıkmadı daha sonra şarja taktığımda açıldı. Şa,batarya,negatif
Ürünü aldım pil sorunu verdi.şu an servise verdim laptopu.ilk defabilgisayar aldım trendyoldan çok üzüldüm ilk günden servise gitmesine bilgisayarımın.yetkili s,batarya,negatif
"Ürünü değişim için iade ettim. Şarjı %1 de kalıyordu sürekli, ürünün garantisini sorgulattım 50 gün kaldığını öğrendim. Yani ürün sorunluydu ben de değişime gön",batarya,negatif
"Ürünü değişim için iade ettim. Şarjı %1 de kalıyordu sürekli, ürünün garantisini sorgulattım 50 gün kaldığını öğrendim. Yani ürün sorunluydu ben de değişime gön",genel,negatif
Kargom bugün geldi fakat pil servis öneriliyor olarak gözüküyor ve şarj olmuyor,kargo,notr
Kargom bugün geldi fakat pil servis öneriliyor olarak gözüküyor ve şarj olmuyor,batarya,negatif
Ürün bozuk geldi iade aldılar ama pili vs bozuk geldi görmeden almayın buradan 2020 çıkışlı alıp stoğa koymuşlar garantisi de bitmek üzere  geldi,kalite,negatif
Ürün bozuk geldi iade aldılar ama pili vs bozuk geldi görmeden almayın buradan 2020 çıkışlı alıp stoğa koymuşlar garantisi de bitmek üzere  geldi,batarya,negatif
Ürün bataryası arızalı çıktı. Bilgisayar şarj olmuyor. Depoda yıllardır durmaktan sanırım batarya ölmüş. Firmaya gönderdim değişim için. Fakat firma bana açılmı,batarya,negatif
Ürün hiçbir şekilde şarj olmuyor kusurlu ürün gönderildi,batarya,negatif
Ürün hiçbir şekilde şarj olmuyor kusurlu ürün gönderildi,kalite,negatif
08.08.2023 tarihinde aldığım cihaz 02.02.2023 tarihibde garanti süresi başlamıştır.,genel,negatif
şimdilik ofis kullanımı için aldık ve sorunsuz gidiyor.,genel,pozitif
Oyun oynamak ve iş yapmak istiyorsanız ikisini bir arada yapabileceğiniz bir makine kesinlikle değil,genel,notr
paketleme güzel değildi. üzerinde kırılır ibaresi bile yoktu.,ambalaj,negatif
Güzel ürün zaten apple,genel,pozitif
macbook güzel geldi tenk yu,genel,pozitif
macbook güzel geldi tenk yu,kargo,pozitif
orjinalliğinden şüphe etmiştim ama trendyol orjinal olduğunu söyledi teşekkürler,genel,pozitif
Eh işte iyi buna şükür,genel,pozitif
İşletim sisteminden dolayı birçok uygulama yüklenmiyor. Bunu göz önünde bulundurun…,genel,negatif
ürün geldi. Şarja takınca sadece pil % 1 gösteriyor,batarya,negatif
ürün sarz olmuyor sadece fiste iken çalışıyor,batarya,negatif
uzay grisi sipariş ettim ancak pembe tarzında bir renk geldi ne alakaysa,genel,negatif
ürün elime ulasti fakat şarj olmuyor %1 geçmiyor,batarya,negatif
ürün hafif çizik geldi indirim ve kuponla çok uygun fiyata aldığım icin iade etmedim,kalite,negatif
ürün hafif çizik geldi indirim ve kuponla çok uygun fiyata aldığım icin iade etmedim,fiyat,pozitif
batarya bozuk geldi servise gönderdim,batarya,negatif
sıkıntı yok sadece kutuyu açtıktan sonra garanti suresini kontrol edin,genel,notr
ürün yamuk geldi,kalite,negatif
kızım için aldım üç günde elimize ulaştı,kargo,pozitif
Gayet kullanışlı. Üni öğrencisiyim,genel,pozitif
Yaklaşık 20 yıldır telefonumdan bilgisayara Apple kullanıyorum. Asla vazgeçmem,genel,pozitif
tamda istediğimiz gibi geldi teşekkür ediyorum,genel,pozitif
tamda istediğimiz gibi geldi teşekkür ediyorum,kargo,pozitif
ürünü kızıma aldım beğendi,genel,pozitif
Kardeşime aldım beğendi,genel,pozitif
çok memnunum iyi ki almışım,genel,pozitif
Yeni elime geldi çok güzel paketleme saglam ve özenli teşekkür ler trendyol,ambalaj,pozitif
Yeni elime geldi çok güzel paketleme saglam ve özenli teşekkür ler trendyol,kargo,pozitif
ürün güzel sevdim şarjı uzun süreli,genel,pozitif
ürün güzel sevdim şarjı uzun süreli,batarya,pozitif
Ürün güzeldi paketleme sağlam ve güvenilir geldi,genel,pozitif
Ürün güzeldi paketleme sağlam ve güvenilir geldi,ambalaj,pozitif
Gayet güzel oğluma aldım,genel,pozitif
Ürün elime ulaştı hemen kurulumunu yaptım. Baya beğendim. Batarya konusunda herkes servis istiyor demişti ben öyle bir sorun yaşamadım,genel,pozitif
Ürün elime ulaştı hemen kurulumunu yaptım. Baya beğendim. Batarya konusunda herkes servis istiyor demişti ben öyle bir sorun yaşamadım,batarya,pozitif
Güzel ama çok küçük oyuncak gibi paketlenmesi falan güzeldi sorunsuz geldi,genel,pozitif
Güzel ama çok küçük oyuncak gibi paketlenmesi falan güzeldi sorunsuz geldi,ambalaj,pozitif
Güzel ama çok küçük oyuncak gibi paketlenmesi falan güzeldi sorunsuz geldi,kargo,pozitif
Seviyorum merkez. Her zamanki apple rahatlığı ❤️,genel,pozitif
ürün güzel zaten Apple kalitesi güzel,genel,pozitif
ürün güzel zaten Apple kalitesi güzel,kalite,pozitif
Çok iyi bu fiyata,genel,pozitif
Çok iyi bu fiyata,fiyat,pozitif
Hızlı geldi severek kullanıyorum,kargo,pozitif
Hızlı geldi severek kullanıyorum,genel,pozitif
kaliteli ve güzel geldi.,kalite,pozitif
kaliteli ve güzel geldi.,kargo,pozitif
16 GB Ram Windows tan 8 GB RAM mac e geçiş yaptım. Oyun için almadım. Cihaz beni çok tatmin etmedi.,genel,negatif
"Ürün harika, paketlemesi çok iyi , satıcı çok ilgili , sadece kargo çok geç geldi onun için 4 yıldız veriyorum",genel,pozitif
"Ürün harika, paketlemesi çok iyi , satıcı çok ilgili , sadece kargo çok geç geldi onun için 4 yıldız veriyorum",ambalaj,pozitif
"Ürün harika, paketlemesi çok iyi , satıcı çok ilgili , sadece kargo çok geç geldi onun için 4 yıldız veriyorum",kargo,negatif
"hizlı ve özenli geldi , tesekkürler",kargo,pozitif
"hizlı ve özenli geldi , tesekkürler",ambalaj,pozitif
İstediğim bilgisayardı iyi garantisine bakıp,genel,pozitif
Bana geldiğinde hiç sarjı yoktu ürün önce açılmadı,batarya,negatif
Bana geldiğinde hiç sarjı yoktu ürün önce açılmadı,kargo,pozitif
Sıkıntısız geldi orjinal ürün,kargo,pozitif
Sıkıntısız geldi orjinal ürün,genel,pozitif
apple kalitesi,kalite,pozitif
Mümkünse daha fazla RAM i olan bir modelini tercih edin,genel,notr
Mümkünse daha fazla RAM i olan bir modelini tercih edin,batarya,notr
Çok hafif inanılmaz. Teşekkürler Trendyol,genel,pozitif
Şimdilik bir sorun yok çok şükür,genel,pozitif
"tek sıkıntı garanti süremi erkenden başlatmışlar, onun dışında sağlam geldi",genel,negatif
"tek sıkıntı garanti süremi erkenden başlatmışlar, onun dışında sağlam geldi",kargo,pozitif
Mükemmel  çok iyi,genel,pozitif
çok hafif ve zarif,genel,pozitif
Güzel iyi paketleme.,genel,pozitif
Güzel iyi paketleme.,ambalaj,pozitif
"Üründe batarya sorunu vardı, ilgili satıcı ile iletişime geçtim ve iade aldılar. Teşekkür ederim",batarya,negatif
"Üründe batarya sorunu vardı, ilgili satıcı ile iletişime geçtim ve iade aldılar. Teşekkür ederim",genel,pozitif
Sağlam paketleme güvenilir,ambalaj,pozitif
Bilgisayar güzel kargoyla ilgili sıkıntı yaşamıştık şikayetimize dönüş yaptılar,genel,pozitif
Bilgisayar güzel kargoyla ilgili sıkıntı yaşamıştık şikayetimize dönüş yaptılar,kargo,negatif
Bilgisayar güzel kargoyla ilgili sıkıntı yaşamıştık şikayetimize dönüş yaptılar,kargo,pozitif
3 günde geldi gayet iyi apple kalitesi 1 puanı faturasını yollamadıkları için kırdım,kargo,pozitif
3 günde geldi gayet iyi apple kalitesi 1 puanı faturasını yollamadıkları için kırdım,kalite,pozitif
3 günde geldi gayet iyi apple kalitesi 1 puanı faturasını yollamadıkları için kırdım,genel,negatif
Ürün çok iyi.. sorunsuz ve hızlı ulaştı, teşekkürler.. ancak bu meblağaki bir ürün için fiyata kargo ücreti eklemenizi yadırgadım..,genel,pozitif
Ürün çok iyi.. sorunsuz ve hızlı ulaştı, teşekkürler.. ancak bu meblağaki bir ürün için fiyata kargo ücreti eklemenizi yadırgadım..,kargo,pozitif
Ürün çok iyi.. sorunsuz ve hızlı ulaştı, teşekkürler.. ancak bu meblağaki bir ürün için fiyata kargo ücreti eklemenizi yadırgadım..,fiyat,negatif
Biraz geç ulaştı elimize ama güzel,kargo,negatif
Biraz geç ulaştı elimize ama güzel,genel,pozitif
bilgisayar güzel ama teslim edilme süresi biraz uzun ama ürün kaliteli,genel,pozitif
bilgisayar güzel ama teslim edilme süresi biraz uzun ama ürün kaliteli,kargo,negatif
bilgisayar güzel ama teslim edilme süresi biraz uzun ama ürün kaliteli,kalite,pozitif
ben 32kye aldım, ben aldıktan sonra fiyatının düşmesi gerçekten cok sacma...,fiyat,negatif
ben 32kye aldım, ben aldıktan sonra fiyatının düşmesi gerçekten cok sacma...,kargo,negatif
şimdilik güzel görünüyor teşekkürler,genel,pozitif
Hızlı Kargo,kargo,pozitif
Ürün sağlam. Geç geldi,kalite,pozitif
Ürün sağlam. Geç geldi,kargo,negatif
ÜRÜNÜ ALACAKLAR DİKKAT: Ürünü aldığımda garanti süresi bitimine 24 değil 16 ay kalmıştı...,genel,negatif
Bir sıkıntı olmdı,genel,pozitif
Harika ürün, kargo beklediğimden 1-2 gün geç geldi,genel,pozitif
Harika ürün, kargo beklediğimden 1-2 gün geç geldi,kargo,negatif
Olması gerekenden sadece 1 gün geç geldi. Onun dışında güzel bir ürün paketleme kargo sağlam şekilde elime ulaştı.,kargo,notr
Olması gerekenden sadece 1 gün geç geldi. Onun dışında güzel bir ürün paketleme kargo sağlam şekilde elime ulaştı.,genel,pozitif
Olması gerekenden sadece 1 gün geç geldi. Onun dışında güzel bir ürün paketleme kargo sağlam şekilde elime ulaştı.,ambalaj,pozitif
Ürünü aldıktan kısa süre sonra ciddi bir indirime girdi ve taksit sayısı arttırıldı. Keşke o kampanyaya denk gelseydik.,fiyat,negatif
Fena değil,genel,notr
Çok kısa sürede geldi. Garantisi de onaylı. Ancak cihaz sarjdayken kasada elinizi gezdirdiginizde karıncalanma şeklinde elektrik kaçağı yapıyor.,kargo,pozitif
Çok kısa sürede geldi. Garantisi de onaylı. Ancak cihaz sarjdayken kasada elinizi gezdirdiginizde karıncalanma şeklinde elektrik kaçağı yapıyor.,kalite,negatif
Bu ürünü bir yıl kullandıktan sonra söyleyebilirim ki, ürün gerçekten çok iyi ve satın aldığıma asla pişman olmadım,genel,pozitif
çok güzel bi ürün şiddetle tavsiye ederim.paketlemesi de süperdi..,genel,pozitif
çok güzel bi ürün şiddetle tavsiye ederim.paketlemesi de süperdi..,ambalaj,pozitif
Çok çok güzel torunum için aldım harika spriz oldu çok beğenildi teşekkürler,genel,pozitif
Bayıldımm çok rahat ve çok kullanışlı,genel,pozitif
Apple kaliteli tabiki tartışılmaz severek kullanıyorum:),kalite,pozitif
Apple kaliteli tabiki tartışılmaz severek kullanıyorum:),genel,pozitif
BİLGİSİYARA GÜZLİLK DEFA İNTERNETEN CESARET EDİP ALDIM MEMNUNUM,genel,pozitif
Çok iyi ben telefonumla kolay eşleşmesi için aldım mükemmel benim işimi görüyor,genel,pozitif
İnanılmaz memnunum iyi ki almışım dediğim şeylerden biri oldu. Paketleme çok güzeldi ve çok hızlı geldi. Teşekkürler Trendyol.,genel,pozitif
İnanılmaz memnunum iyi ki almışım dediğim şeylerden biri oldu. Paketleme çok güzeldi ve çok hızlı geldi. Teşekkürler Trendyol.,ambalaj,pozitif
İnanılmaz memnunum iyi ki almışım dediğim şeylerden biri oldu. Paketleme çok güzeldi ve çok hızlı geldi. Teşekkürler Trendyol.,kargo,pozitif
çok beğendim o kdr hafif ve güzel ki klavyesi de muhteşem,genel,pozitif
Çok güzel bir bilgisayar çok beğendim. İstediğiniz yere çok rahat taşıyabilirsiniz,genel,pozitif
Çok güzel paketlenmiş şekilde geldi çok teşekkür ederim çok beğendim kargo süresi de harikaydı,ambalaj,pozitif
Çok güzel paketlenmiş şekilde geldi çok teşekkür ederim çok beğendim kargo süresi de harikaydı,genel,pozitif
Çok güzel paketlenmiş şekilde geldi çok teşekkür ederim çok beğendim kargo süresi de harikaydı,kargo,pozitif
Çok beğendik ihtiyacı olanı tavsifeye ederim 😊,genel,pozitif
Çok çok iyi sorunsuz ulaştı elime mükemmellll,genel,pozitif
Çok çok iyi sorunsuz ulaştı elime mükemmellll,kargo,pozitif
Mükemmel bilgisayar her işimi hallediyor çok hafif . Şarjıda çok uzun gidiyor . Apple kalitesi,genel,pozitif
Mükemmel bilgisayar her işimi hallediyor çok hafif . Şarjıda çok uzun gidiyor . Apple kalitesi,batarya,pozitif
Mükemmel bilgisayar her işimi hallediyor çok hafif . Şarjıda çok uzun gidiyor . Apple kalitesi,kalite,pozitif
Ürün gayet güzel şarj süresi de çok iyi paketlenmesi de çok özenliydi bayıldım tek kelimeyle 💕,genel,pozitif
Ürün gayet güzel şarj süresi de çok iyi paketlenmesi de çok özenliydi bayıldım tek kelimeyle 💕,batarya,pozitif
Ürün gayet güzel şarj süresi de çok iyi paketlenmesi de çok özenliydi bayıldım tek kelimeyle 💕,ambalaj,pozitif
Çok çok güzel çok beğenerek almıştım zaten boyutu diğer bilgisayarlara göre biraz küçük olsa da ben kendime göre yeterli buluyorum çok pratik ve çok güzel,genel,pozitif
herşey çok sorunsuz elime ulaştı paketlemesi çok iyiydi herhangi bir sorun yoktu satıcıya teşekkür ederiz,kargo,pozitif
herşey çok sorunsuz elime ulaştı paketlemesi çok iyiydi herhangi bir sorun yoktu satıcıya teşekkür ederiz,ambalaj,pozitif
Sorunsuz bir şekilde elime ulaştı.Çok güzel ve kullanışlı bir bilgisayar .Ders için aldığımdan şarjı bir hafta gidiyor .Almanızı tavsiye ederim,kargo,pozitif
Sorunsuz bir şekilde elime ulaştı.Çok güzel ve kullanışlı bir bilgisayar .Ders için aldığımdan şarjı bir hafta gidiyor .Almanızı tavsiye ederim,genel,pozitif
Sorunsuz bir şekilde elime ulaştı.Çok güzel ve kullanışlı bir bilgisayar .Ders için aldığımdan şarjı bir hafta gidiyor .Almanızı tavsiye ederim,batarya,pozitif
Eşim işleri için aldı çok güzel memnun,genel,pozitif
Arkadaşlar cidden çok güzel, rengi konusunda silver ile arasında kalmıştım ama iyi ki bu rengi seçmişim,genel,pozitif
güzel ve sorunsuz. Tavsiye ederim.,genel,pozitif
Uzun süre Pro kullandım çok memnundum MacBook ömürlük bilgisayar ve sorunsuz teslim aldım,genel,pozitif
Uzun süre Pro kullandım çok memnundum MacBook ömürlük bilgisayar ve sorunsuz teslim aldım,kargo,pozitif
Üründen aşırı derecede memnunum şarjı çok uzun süre gidiyor ayrıca çok konforlu taşıması çok kolay,genel,pozitif
Üründen aşırı derecede memnunum şarjı çok uzun süre gidiyor ayrıca çok konforlu taşıması çok kolay,batarya,pozitif
Kardeşime almıştım . Yüksek lisans öğrencisi . Beğendi . Sorun çıkmadı . Teşekkürler . Ekonomik durumu kısıtlı olanlar hala bu modeli düşünebilir . Bence çok gü,genel,pozitif
Mükemmel bir şey okul için kullanacağım,genel,pozitif
Mükemmel görselin aynısı paket leme çok iyi,genel,pozitif
Mükemmel görselin aynısı paket leme çok iyi,ambalaj,pozitif
cok güzel kardeşime hediye aldım çok mutlu oldu,genel,pozitif
Çok kibar çok güzel ürün. Yazılım öğrencisi olarak almak istedim...,genel,pozitif
Tam istediğim gibi geldi herkese tavsiye ediyorum,genel,pozitif
Kızıma aldım çok beğendi kalite her zaman farkettiriyor,genel,pozitif
Kızıma aldım çok beğendi kalite her zaman farkettiriyor,kalite,pozitif
çok beğendim, kesinlikle tavsiye ederim. şimdilik bir sorun yok gibi geldi çok teşekkür ederim :),genel,pozitif
Ürün elime sorunsuz ulaştı satıcı trendyol olarak aldım hiç bir sorun yoktu 4 aydır kullanıyorum memnunum,kargo,pozitif
Ürün elime sorunsuz ulaştı satıcı trendyol olarak aldım hiç bir sorun yoktu 4 aydır kullanıyorum memnunum,genel,pozitif
Paketlemesi çok güzeldi. Hiçbir zarar görmemiş. Okul için aldım. Çok güzel.,ambalaj,pozitif
Paketlemesi çok güzeldi. Hiçbir zarar görmemiş. Okul için aldım. Çok güzel.,genel,pozitif
Fiyat performansı memnunum şarjı harika,fiyat,pozitif
Fiyat performansı memnunum şarjı harika,batarya,pozitif
Çok beğendik ve memnun kaldık inceliği, rengi çok iyi,genel,pozitif
Çok hızlı ve sorunsuz bir şekilde elime ulaştı teşekkür ederim,kargo,pozitif
Çok güzel okul işi için aldım,genel,pozitif
aylardır kullanıyorum şarjı hızlı dolup yavaş bitiyor bilişimci kadar bilemem özelliklerini ama öğrenciler için birebirr,batarya,pozitif
aylardır kullanıyorum şarjı hızlı dolup yavaş bitiyor bilişimci kadar bilemem özelliklerini ama öğrenciler için birebirr,genel,pozitif
Çok kullanışlı ve benim için yeterli bi bilgisayar okul için ideal ama iş için bilemiyorum,genel,pozitif
ürün gayet güzel ve kullanışlı severek kullanıyorum,genel,pozitif
Bu kadar para vererek iyi mi yaptım bilmiyorum ama zaten ihtiyacım vardı...,genel,pozitif
Sapasağlam sorunsuz hızlı ve güvenli şekilde elime ulaştı çok teşekkürler,kargo,pozitif
kızım için aldım. Çok memnun,genel,pozitif
Çok memnunuz sorunsuz,genel,pozitif
çok hızlı bir şekilde elime ulaştı çok memnunum,kargo,pozitif
çok hızlı bir şekilde elime ulaştı çok memnunum,genel,pozitif
Araştırarak aldım.Kullanış açısından telefonumla uyumu açısından kolaylık sağlayacağını düşündüğüm için tercih ettim.,genel,notr
Bu gün siparişim elime ulaştı. çok memnun kaldım. teşekkür ediyorum.,kargo,pozitif
Bu gün siparişim elime ulaştı. çok memnun kaldım. teşekkür ediyorum.,genel,pozitif
Gerçekten çok kullanışlı tasarımına falan bayıldım,genel,pozitif
çok hziki geldi çok güzel herkese tavsiye ederim,kargo,pozitif
çok hziki geldi çok güzel herkese tavsiye ederim,genel,pozitif
Mükemmel ürün efsane hızlı bir kargo 10 saat icinde elimdeydi,genel,pozitif
Mükemmel ürün efsane hızlı bir kargo 10 saat icinde elimdeydi,kargo,pozitif
Çok teşekkürler çok beğendim çok memnun kaldım,genel,pozitif
Günlük işlerim için dijital marketing için aldım gayet güzel satıcı da iyi,genel,pozitif
Çok hızlı ulaşdı elime, acelem var oldugunu söyledim hemen gönderdiler sagolsun...,kargo,pozitif
Çok hızlı ulaşdı elime, acelem var oldugunu söyledim hemen gönderdiler sagolsun...,genel,pozitif
ürünü sorgulattım orijinal ürün. Sorunsuz ve çok hızlı geldi teşekkürleerr,genel,pozitif
ürünü sorgulattım orijinal ürün. Sorunsuz ve çok hızlı geldi teşekkürleerr,kargo,pozitif
Çok beğendim sorunsuz teslim edildi👍🏻,genel,pozitif
Çok beğendim sorunsuz teslim edildi👍🏻,kargo,pozitif
harika sorunsuz ulaştı,genel,pozitif
harika sorunsuz ulaştı,kargo,pozitif
çok memnun kaldım kargo cok hızlıydı sapasağlam geldi,genel,pozitif
çok memnun kaldım kargo cok hızlıydı sapasağlam geldi,kargo,pozitif
Çok güzel cihaz memnunum normalden uygun fiyata aldım,genel,pozitif
Çok güzel cihaz memnunum normalden uygun fiyata aldım,fiyat,pozitif
Çok hızlı geldi çok memnunum,kargo,pozitif
Çok hızlı geldi çok memnunum,genel,pozitif
her zamanki gibi troy kalitesi çok teşekkür ediyorum,kalite,pozitif
Hafifliği inceliği ve taşınabilir olması sebebiyle MacBook’a geçiş yaptım gayet memnunum,genel,pozitif
Bir günde elime ulaştı işletim sistemi ideal ve çok işlevsel bir kullanım aramayanlara yeterli.,kargo,pozitif
Bir günde elime ulaştı işletim sistemi ideal ve çok işlevsel bir kullanım aramayanlara yeterli.,genel,pozitif
kizim için aldım çok memnun,genel,pozitif
çok güzel iyi ki almışım dediğim şeylerden biri deprem bölgesinde olmama rağmen 24 saat geçmeden elime ulaştı teşekkürlerr🫶🏻,genel,pozitif
çok güzel iyi ki almışım dediğim şeylerden biri deprem bölgesinde olmama rağmen 24 saat geçmeden elime ulaştı teşekkürlerr🫶🏻,kargo,pozitif
Çok seviyorum ürünü çok memnunum,genel,pozitif
Ürünü 1 aydır kullanıyorum, genel olarak Apple kalitesi belli oluyor. Ekran çözünürlüğü çok kaliteli...,kalite,pozitif
Ürünü 1 aydır kullanıyorum, genel olarak Apple kalitesi belli oluyor. Ekran çözünürlüğü çok kaliteli...,ses_goruntu,pozitif
oğlum için aldım çok memnun,genel,pozitif
Çok memnunum. Çok teşekkür ediyorum. 💻🙏🏻,genel,pozitif
çok beğendim. apple bilgisayar için son derece ekonomik ve kullanışlı bir bilgisayar...,genel,pozitif
çok beğendim. apple bilgisayar için son derece ekonomik ve kullanışlı bir bilgisayar...,fiyat,pozitif
Mükemmel, renk güzel,kargo hızlıydı teşekkürler,genel,pozitif
Mükemmel, renk güzel,kargo hızlıydı teşekkürler,kargo,pozitif
gayet güzel bir şekilde elimize geçti.ambalj paketi güzel di,kargo,pozitif
gayet güzel bir şekilde elimize geçti.ambalj paketi güzel di,ambalaj,pozitif
MacBook kalitesi harika,kalite,pozitif
Sorunsuz bir şekilde elimize ulaştı teşekkürler trendyol,kargo,pozitif
Mükemmel düşünmeden alın çok güzel bir ürün kendime aldım her şeyi yapabilirsiniz bu macbookta harika,genel,pozitif
Hızlı ve ambalajı sağlam sıkıntısız bir şekilde geldi ve memnunum,kargo,pozitif
Hızlı ve ambalajı sağlam sıkıntısız bir şekilde geldi ve memnunum,ambalaj,pozitif
Hızlı ve ambalajı sağlam sıkıntısız bir şekilde geldi ve memnunum,genel,pozitif
yaptığım ilk şey sims yüklemek oldu çok hızlı fan sesi çıkaran 30 kilo eski bilgisayarımdan sonra çok iyi geldi,genel,pozitif
Ürünü zaten anlatmaya gerek yok satıcıya da çok teşekkürler paketleme kargo çok iyiydi,genel,pozitif
Ürünü zaten anlatmaya gerek yok satıcıya da çok teşekkürler paketleme kargo çok iyiydi,ambalaj,pozitif
Ürünü zaten anlatmaya gerek yok satıcıya da çok teşekkürler paketleme kargo çok iyiydi,kargo,pozitif
Ürün paketlemesi çok güzel ve problemsiz geldi 👍,ambalaj,pozitif
Ürün paketlemesi çok güzel ve problemsiz geldi 👍,kargo,pozitif
çok incecik ve çok kullanışlı zamanında teslimat teşekurler,genel,pozitif
çok incecik ve çok kullanışlı zamanında teslimat teşekurler,kargo,pozitif
Alalı 2 hafta oldu.Şimdilik memnunum.Kullanımı kolay.Korunaklı bir şekilde geldi.Şarjı fulltime kullanmıyorsanız epey uzun süre gidiyor.Isınmıyor ve ses yapmıyo,genel,pozitif
Alalı 2 hafta oldu.Şimdilik memnunum.Kullanımı kolay.Korunaklı bir şekilde geldi.Şarjı fulltime kullanmıyorsanız epey uzun süre gidiyor.Isınmıyor ve ses yapmıyo,kargo,pozitif
Alalı 2 hafta oldu.Şimdilik memnunum.Kullanımı kolay.Korunaklı bir şekilde geldi.Şarjı fulltime kullanmıyorsanız epey uzun süre gidiyor.Isınmıyor ve ses yapmıyo,batarya,pozitif
Alalı 2 hafta oldu.Şimdilik memnunum.Kullanımı kolay.Korunaklı bir şekilde geldi.Şarjı fulltime kullanmıyorsanız epey uzun süre gidiyor.Isınmıyor ve ses yapmıyo,ses_goruntu,pozitif
uzun araştırmalar sonucunda bu bilgisayarı almaya karar verdim.çok memnunum...,genel,pozitif
Kızım ses vs görüntü kalitesinin çok iyi olduğunu söyledi tavsiye ediyoruz 👏😍,ses_goruntu,pozitif
Gayet güvenilir ve uygun fiyatlı aldım 10 aydır kullanıyorum teşekkürler,fiyat,pozitif
Gayet güvenilir ve uygun fiyatlı aldım 10 aydır kullanıyorum teşekkürler,genel,pozitif
Sorunsuz geldii çok hoşş 🥰,kargo,pozitif
Sorunsuz geldii çok hoşş 🥰,genel,pozitif
Paketlemesi çok iyiydi garanti sorgulamasını direkt apple müşteri hizmetleriyle yaptım teşekkürler,ambalaj,pozitif
Paketlemesi çok iyiydi garanti sorgulamasını direkt apple müşteri hizmetleriyle yaptım teşekkürler,genel,pozitif
Elime sorunsuz ulaştı kargo hızlı teşekkürler Trendyol,kargo,pozitif
Paketlemesini çok iyiydi sorunsuz elime ulaştı çok tereddütt etmiştim...,ambalaj,pozitif
Paketlemesini çok iyiydi sorunsuz elime ulaştı çok tereddütt etmiştim...,kargo,pozitif
paketleme çok iyiydi. verdiği tarihten de önce geldi. çok memnun kaldım tavsiye ederim,ambalaj,pozitif
paketleme çok iyiydi. verdiği tarihten de önce geldi. çok memnun kaldım tavsiye ederim,kargo,pozitif
paketleme çok iyiydi. verdiği tarihten de önce geldi. çok memnun kaldım tavsiye ederim,genel,pozitif
aşırı güzel apple kalitesini hicbir seye değişmem ben bi sıkıntı yasamadım garanti konusunda vs sadece dizi ve video izlemek icin kullanıyorum,genel,pozitif
aşırı güzel apple kalitesini hicbir seye değişmem ben bi sıkıntı yasamadım garanti konusunda vs sadece dizi ve video izlemek icin kullanıyorum,kalite,pozitif
kısa sürede elime ulaştı çok memnunum,kargo,pozitif
kısa sürede elime ulaştı çok memnunum,genel,pozitif
çok güzel paketlenmişti 2 günde elimde oldu satıcıya teşekkürler,ambalaj,pozitif
çok güzel paketlenmişti 2 günde elimde oldu satıcıya teşekkürler,kargo,pozitif
Hızlı ve eksiksiz ulaştı teşekkürler,kargo,pozitif
çok kararsizdim ama yorumlara bakarak aldım uzay grisi rengi tam istediğim gibi geldi,genel,pozitif
apple kalitesi mükemmel şarj kullanım süresi de harika,kalite,pozitif
apple kalitesi mükemmel şarj kullanım süresi de harika,batarya,pozitif
Gayet güzel bir paketleme ile geldi tercih edebilirsiniz,ambalaj,pozitif
Çok begendim ince kullanışlı kesinlikle alın kaliteli,genel,pozitif
Çok begendim ince kullanışlı kesinlikle alın kaliteli,kalite,pozitif
Ürün çok iyi paketlenmiş ve kaliteli bir ürün. Zamanında teslimi sağlandı...,ambalaj,pozitif
Ürün çok iyi paketlenmiş ve kaliteli bir ürün. Zamanında teslimi sağlandı...,kalite,pozitif
Ürün çok iyi paketlenmiş ve kaliteli bir ürün. Zamanında teslimi sağlandı...,kargo,pozitif
"ben ofis ve okul için aldım, özellikle şarjı çok iyi gidiyor",batarya,pozitif
Apple kalitesi zaten bildiğimiz bir şey pil saati çok iyi benim gibi ders çalışanlar için sürekli prizde kullanmayıp her yere götürebilmek çok avantaj,kalite,pozitif
Apple kalitesi zaten bildiğimiz bir şey pil saati çok iyi benim gibi ders çalışanlar için sürekli prizde kullanmayıp her yere götürebilmek çok avantaj,batarya,pozitif
severek kullanıyorum teşekkürlerr,genel,pozitif
çok kullanışlı kalite çok begendim aşırı iyi,genel,pozitif
çok kullanışlı kalite çok begendim aşırı iyi,kalite,pozitif
Ürün çok başarılı akademi için çok uygun 💕,genel,pozitif
Kutusunda çok güzel geldi ve orjinal çok teşekkürler trendyol💐,ambalaj,pozitif
Kutusunda çok güzel geldi ve orjinal çok teşekkürler trendyol💐,genel,pozitif
Sorunsuz alışveriş. Laptop zaten mükemmel.,genel,pozitif
Ablama doğum günü hediyesi olarak aldım çok mutlu oldu sorunsuz geldi paketleme güzeldi,kargo,pozitif
Ablama doğum günü hediyesi olarak aldım çok mutlu oldu sorunsuz geldi paketleme güzeldi,ambalaj,pozitif
bayıldım çok güzel uzun zamandır istiyordum çok iyi paketlenmişti hiçbir hasar yoktu bütün belgeleri faturaları içindeydi kurulumu da gayet basitti öğrenciyim y,genel,pozitif
bayıldım çok güzel uzun zamandır istiyordum çok iyi paketlenmişti hiçbir hasar yoktu bütün belgeleri faturaları içindeydi kurulumu da gayet basitti öğrenciyim y,ambalaj,pozitif
🍏Severek kullanıyoruz.,genel,pozitif
güzel ürün sorunsuzdu güzel paketlenmisti,genel,pozitif
güzel ürün sorunsuzdu güzel paketlenmisti,ambalaj,pozitif
Elime sorunsuz ulaştı hızlı kargo ve paketlenmesi çok iyiydi,kargo,pozitif
Elime sorunsuz ulaştı hızlı kargo ve paketlenmesi çok iyiydi,ambalaj,pozitif
İlk defa MacBook kullanıyorum. Çok beğendim. Çok hızlı ve Premium hissettiriyor...,genel,pozitif
Elime sorunsuz ulaştı paketlemesi de iyiydi teşekkürler,kargo,pozitif
Elime sorunsuz ulaştı paketlemesi de iyiydi teşekkürler,ambalaj,pozitif
"İlk apple bilgisayarım, piyasada 22k iken 18.5e aldım trendyol satıcısından...",fiyat,pozitif
"İlk apple bilgisayarım, piyasada 22k iken 18.5e aldım trendyol satıcısından...",genel,pozitif
everyone garantisinde sıkıntı yaşamış ama ben hiçbir şekilde sıkıntı yaşamadım...,genel,pozitif
"Babamın özür hediyesiydi, paketleme iyiydi ürüne zaten diyecek bir şey yok çok güzel.",ambalaj,pozitif
"Babamın özür hediyesiydi, paketleme iyiydi ürüne zaten diyecek bir şey yok çok güzel.",genel,pozitif
Beğendim satıcının paketlemesi de iyiydi,genel,pozitif
Beğendim satıcının paketlemesi de iyiydi,ambalaj,pozitif
Çok memnunum şarjı uzun gidiyor ve sağlam. Fazla sekmelerde kasma olmuyor AMA microsofta alışmış biri olarak kullanımda çok zorlanıyorum...,batarya,pozitif
Çok memnunum şarjı uzun gidiyor ve sağlam. Fazla sekmelerde kasma olmuyor AMA microsofta alışmış biri olarak kullanımda çok zorlanıyorum...,kalite,pozitif
Çok memnunum şarjı uzun gidiyor ve sağlam. Fazla sekmelerde kasma olmuyor AMA microsofta alışmış biri olarak kullanımda çok zorlanıyorum...,genel,notr
Hayatımda aldığım en en doğru karar mac almakkk çok memnunummm,genel,pozitif
En uygun buradaydi. Ancak garanti tarihi eylülde almama ragmen...,fiyat,pozitif
En uygun buradaydi. Ancak garanti tarihi eylülde almama ragmen...,genel,negatif
Sorunsuz ve sağlam bir şekilde geldi paketleme gayet güzeldi,kargo,pozitif
Sorunsuz ve sağlam bir şekilde geldi paketleme gayet güzeldi,ambalaj,pozitif
Çok iyi oğluma aldım,genel,pozitif
Hasarsız mükemmel paketleme ile geldi,kargo,pozitif
Hasarsız mükemmel paketleme ile geldi,ambalaj,pozitif
Çok iyi ve kullanışlı bir ürün,genel,pozitif
O kadar güzel kiii çok memnunumm,genel,pozitif
Bayıldımm küçük hafif ses kalitesi görüntü kalitesi harika 💖💖💖 kargo da çok özenli ve hızlıydı,genel,pozitif
Bayıldımm küçük hafif ses kalitesi görüntü kalitesi harika 💖💖💖 kargo da çok özenli ve hızlıydı,ses_goruntu,pozitif
Bayıldımm küçük hafif ses kalitesi görüntü kalitesi harika 💖💖💖 kargo da çok özenli ve hızlıydı,kargo,pozitif
Ürün gayet güzel ses kalitesi ve şarj durumu özellikle uygulamaları da gayet hızlı açıyor,genel,pozitif
Ürün gayet güzel ses kalitesi ve şarj durumu özellikle uygulamaları da gayet hızlı açıyor,ses_goruntu,pozitif
Ürün gayet güzel ses kalitesi ve şarj durumu özellikle uygulamaları da gayet hızlı açıyor,batarya,pozitif
çok memnunum,genel,pozitif
Gayet sağlam ve çabuk ulaştı elime. Çok memnunum,kalite,pozitif
Gayet sağlam ve çabuk ulaştı elime. Çok memnunum,kargo,pozitif
Gayet sağlam ve çabuk ulaştı elime. Çok memnunum,genel,pozitif
Ürün gayet iyi çok güzel geldi :),genel,pozitif
Ürün gayet iyi çok güzel geldi :),kargo,pozitif
Harika bir ürün çok tereddüt ederek almıştım. satıcı çok hızlı ve güzel paketlemişti...,genel,pozitif
Harika bir ürün çok tereddüt ederek almıştım. satıcı çok hızlı ve güzel paketlemişti...,kargo,pozitif
Harika bir ürün çok tereddüt ederek almıştım. satıcı çok hızlı ve güzel paketlemişti...,ambalaj,pozitif
üründen çok memnunum,genel,pozitif
Muazzam bir ürün trendyoldan en uygun fiyata aldım sorgulattım ürün orijinal bir sıkıntısı yok çok beğendim,genel,pozitif
Muazzam bir ürün trendyoldan en uygun fiyata aldım sorgulattım ürün orijinal bir sıkıntısı yok çok beğendim,fiyat,pozitif
Hızlı ve sorunsuz ulaştı,kargo,pozitif
aşığımmm bilgisayarıma inanılmaz rahat,genel,pozitif
"yanlış ürün gönderildi, şarj aleti de orjinal gibi durmuyor emin değilim...",genel,negatif
"yanlış ürün gönderildi, şarj aleti de orjinal gibi durmuyor emin değilim...",batarya,negatif
"yanlış ürün gönderildi, şarj aleti de orjinal gibi durmuyor emin değilim...",ambalaj,pozitif
Sadece internette gezmek için alacaksanız alın. Herhangi bir program yüklenemiyor...,genel,notr
hiç begenmedim çok yavas zaten açıp kurarken anlamalıydım sayı tuşları çalışmıyo...,genel,negatif
hiç begenmedim çok yavas zaten açıp kurarken anlamalıydım sayı tuşları çalışmıyo...,kalite,negatif
berbst kağnı,genel,negatif
arkadaşlar ürün bozuk geri gönderdim gene bana gönderdiler...,kalite,negatif
arkadaşlar ürün bozuk geri gönderdim gene bana gönderdiler...,genel,negatif
ürünü aldım ama işlemci düşük sadece ofis işleri için idare eder.,genel,notr
"google de sekmeler açtığınızda birden cok , hemen kasıyor...",genel,negatif
Kullanılmış bilgisayar gönderdiler bana başkası adına şifreli hemde...,genel,negatif
Hiçbir şekilde güvenli değil bu site indirimde aldığım ürün kargolandı ama iptal ettiler...,genel,negatif
"Açılmiş sonradan paketlenmiş bilgisayar gönderdiler, laptop'un üstünde çizik vardı...",ambalaj,negatif
"Açılmiş sonradan paketlenmiş bilgisayar gönderdiler, laptop'un üstünde çizik vardı...",kalite,negatif
kesinlikle uzak durun almayın aldırmayın aynı anda iki işlemi birden yapamıyorsunuz...,genel,negatif
EKRANDA ARADA BİR  DALGALANMALI PİKSELLEŞME VAR...,ses_goruntu,negatif
EKRANDA ARADA BİR  DALGALANMALI PİKSELLEŞME VAR...,genel,negatif
"Bana daha önce kullanılmış, kurulumu yapılmış ikinci el bilgisayar gönderdiler...",genel,negatif
ürünü satıyorlar ürün arızalandıktan sonra kesinlikle ilgi alaka sıfır...,genel,negatif
Arızalı ve kullanılmış geldi iade ettim...,kalite,negatif
Arızalı ve kullanılmış geldi iade ettim...,genel,negatif
Aldıktan 1 gün sonra 1000tl indirime girmesi canımı sıktı,fiyat,negatif
Windows 11 kurulu şekilde gelmedi ayrıca görüntü kalitesi ciddi anlamda kötü iade edeceğim,genel,negatif
Windows 11 kurulu şekilde gelmedi ayrıca görüntü kalitesi ciddi anlamda kötü iade edeceğim,ses_goruntu,negatif
bilgisayar çok aşırı yavaş. hiç bişey indirmememe  rağmen.,genel,negatif
Sayı tuşları basılı kalıyordu o yüzden iade...,kalite,negatif
Sayı tuşları basılı kalıyordu o yüzden iade...,fiyat,negatif
cihaz garantisi 7 ay önce başlamış,genel,negatif
yavaş çalışıyor nedenn,genel,negatif
Öğrenci indirimiyle aldım faturama 1111 yazmislar...,fiyat,pozitif
Öğrenci indirimiyle aldım faturama 1111 yazmislar...,genel,negatif
Anlayamadım dünden beri şarjda 1 gün kaldı nerdeyse ama şarjı açtığımda 95ti...,batarya,negatif
BÖYLE BİR REZİLLİK YOK 1 haftadır ürünü bekliyorum. kargoya verildi olarak gösterip vermediler...,kargo,negatif
Ekran goryntusu vozuldu,ses_goruntu,negatif
"Bu cihazı tavsiye etmiyorum  çok kötü, ram arttıramıyorsunuz ram ana karta sabit olduğu için büyük sorun...",genel,negatif
Çok yavaş hiç tavsiye etmiyorum bişey yapılmıyor,genel,negatif
Ofis kullanımı için aldık açılması 15 dk sürüyor...,genel,negatif
ürün arızalı çıktı,kalite,negatif
Çok yavaş çalışıyor keşke almasaydim,genel,negatif
"Ekranda kusur vardı, çizgiler vardı",ses_goruntu,negatif
Faturam yok,genel,negatif
Bilgisayar gerçekten cok donuyor iade edicem,genel,negatif
aldığım ürünün klavyesi çalışmıyor ve çok donuyor hiç beğenmedim tavsiye etmiyorum,kalite,negatif
aldığım ürünün klavyesi çalışmıyor ve çok donuyor hiç beğenmedim tavsiye etmiyorum,genel,negatif
128 gb hdd yok pcde sadece ssd takılı aşırı kasıyor...,genel,negatif
sakin almayın sürekli olarak güncelleme geliyor çok pişmanım...,genel,negatif
15 gündür bende ve aşırı kasıyor youtube dan bile video izleneceyecek kadar...,genel,negatif
"öncelikle şunu belirteyim, 5 para etmez .",genel,negatif
çok yavaş kesinlikle tavsiye etmiyorum,genel,negatif
yeni kurdum acayip yavaş ve kasıyor almanızı tavsiye etmem...,genel,negatif
faturam gönderilmedi,genel,negatif
Neden fatura iletmiyorsunuz...,genel,negatif
sıfır diye aldığım bilgisayar kullanılmış çıktı...,genel,negatif
Ürün yanlış geldi. Firma çok ilgisiz. 2 kere iade etmeme rağmen...,genel,negatif
kusurlu geldi,kalite,negatif
çok kötü çok kötü hiç tavsiye etmiyorum paranıza yazık,genel,negatif
çok kötü çok kötü hiç tavsiye etmiyorum paranıza yazık,fiyat,negatif
Çok kötü bi bilgisayar . O kadar yavaş ki youtube a zor giriyorum...,genel,negatif
Aşırı yavaş bir sayfadan başka bir sayfaya asla girmiyorsunuz sakın ama sakın almayın !,genel,negatif
ürün dün elime ulaştı ve kullanılmış murat bulut adına 2024 de dosyalar indirilmiş,genel,negatif
"rezil ettiniz beni bilgisayari iki aydır kullanıyorum. kasıyor, donuyor sürekli...",genel,negatif
Dün aldım Pc Windows 11 yüklü ve kasıyor! Herhangi bir uygulama bastığınızda rahat 10 sn bekliyorsunuz! Güzel şeyleri ise ekranı büyük ve klavyeleri güzel bu ka,genel,negatif
Dün aldım Pc Windows 11 yüklü ve kasıyor! Herhangi bir uygulama bastığınızda rahat 10 sn bekliyorsunuz! Güzel şeyleri ise ekranı büyük ve klavyeleri güzel bu ka,ses_goruntu,pozitif
Dün aldım Pc Windows 11 yüklü ve kasıyor! Herhangi bir uygulama bastığınızda rahat 10 sn bekliyorsunuz! Güzel şeyleri ise ekranı büyük ve klavyeleri güzel bu ka,kalite,pozitif
ders çalışırım diye aldım ama çok yeterli değil tavsiye etmem,genel,negatif
Ürün elime geçti ama iki gündür bilgisayarı açmakla uğraşıyorum. Sistem yüklü gelmedi onu geçtim bilgisayar ekranında sadece Lenovo yazısı var hiçbir şekilde aç,genel,negatif
Bilgisayarı kısa süreli aldım yani 1-1.5 yıl beni götürsün de yenilerim diye... Ama alalı bir hafta olmadı şu,genel,negatif
Yanlış şarj gönderilmiş beğenmedim,batarya,negatif
Yanlış şarj gönderilmiş beğenmedim,genel,negatif
aşırı yavaş ve sesi asiri az cikiyor ayrica sesde arada takılmalarda oluyor.,genel,negatif
aşırı yavaş ve sesi asiri az cikiyor ayrica sesde arada takılmalarda oluyor.,ses_goruntu,negatif
Çok donuyor 3 dkka da bir donma oluyor,genel,negatif
ürünün içine insan bir şarj aleti gonderiri cihaz elime ulaştı ama sarj aletini bulamıyoruz...,batarya,negatif
Bilgisayar güzel ama mause hediye denildi gelmedi,genel,pozitif
Bilgisayar güzel ama mause hediye denildi gelmedi,genel,negatif
sürekli donuyor yavaş çalışıyor.sistemi çok ağır çalışıyor,genel,negatif
çok yavaş çalışıyor açılması bir saat ama film ders dinlemek için güzel...,genel,negatif
çok yavaş çalışıyor açılması bir saat ama film ders dinlemek için güzel...,ses_goruntu,pozitif
çok yavaş tavsiye etmem,genel,negatif
Bi baskasini iadesini mi gonderdiler anlamadim bilgisayar acilmiyo,genel,negatif
çok beğenmedim geri iade edildi,genel,negatif
15 Kasım 2025 tarihinde teslim aldım fakat garanti 24 ay yerine 21 ay diyor... Firma telefonları açmıyor hoparlör cızı,genel,negatif
15 Kasım 2025 tarihinde teslim aldım fakat garanti 24 ay yerine 21 ay diyor... Firma telefonları açmıyor hoparlör cızı,ses_goruntu,negatif
Arkadaşlar hiçbişekilde bilgisayarın dilini Türkçeye çeviremedim,genel,notr
baya yavas.biraz daha verip daha hizli bisey alinirsa uzun yillar kullanilir.cozunurluk vs de kotu,genel,negatif
baya yavas.biraz daha verip daha hizli bisey alinirsa uzun yillar kullanilir.cozunurluk vs de kotu,ses_goruntu,negatif
Ürünü elime ulaştı çok güzel kargolama yapılmış lakin ekran karanlık bilgisayar açılıyor lakin ekran görüntüsü yok maalesef,kargo,pozitif
Ürünü elime ulaştı çok güzel kargolama yapılmış lakin ekran karanlık bilgisayar açılıyor lakin ekran görüntüsü yok maalesef,ses_goruntu,negatif
Ürün de çok donma var ve çok çabuk ısınıyor,genel,negatif
Ekran kalitesi zayıf ama kullanımı güzel . Açıkça fena değil ama istediğim performans yok.,ses_goruntu,negatif
Ekran kalitesi zayıf ama kullanımı güzel . Açıkça fena değil ama istediğim performans yok.,genel,pozitif
Ekran kalitesi zayıf ama kullanımı güzel . Açıkça fena değil ama istediğim performans yok.,genel,negatif
Çok yavaş ve düşündüğünüz gibi asla değil fp ürünü altında,genel,negatif
çok donuyor çok bssit,genel,negatif
Arkadaşlar bu kadar donması sizce normal mi ? İkinci el de benim mi haberim yok çok güzel bilgisayar ama çok donuyor bir saçmalık var,genel,negatif
Arkadaşlar bu kadar donması sizce normal mi ? İkinci el de benim mi haberim yok çok güzel bilgisayar ama çok donuyor bir saçmalık var,genel,pozitif
ürünü iade etmek durumunda kaldım. çoğu kişi iadede sorun yaşamış... ben ürünü beğenmedim asla kullanılabilir gibi değil.,genel,negatif
ki ürünü aldık aynı üründen ve aynı satıcıdan seri numarasına göre ve yetkili servis lenovo'ya göre ürün bozuk iade alındı...,kalite,negatif
ki ürünü aldık aynı üründen ve aynı satıcıdan seri numarasına göre ve yetkili servis lenovo'ya göre ürün bozuk iade alındı...,genel,negatif
Sesi çok az ekranı iyi değil pek beğenmedim maalesef,ses_goruntu,negatif
Sesi çok az ekranı iyi değil pek beğenmedim maalesef,genel,negatif
Sevmedim fiyatı pahalı,genel,negatif
Sevmedim fiyatı pahalı,fiyat,negatif
iyi değil tuhaf ses çıkıyor,genel,negatif
iyi değil tuhaf ses çıkıyor,ses_goruntu,negatif
güzel ürün okul vs işleri için uygundur.,genel,pozitif
Gayet güzel sesi kullanımı her şey çok şükür...,genel,pozitif
Gayet güzel sesi kullanımı her şey çok şükür...,ses_goruntu,pozitif
Hepsi cok iyi çok teşekkür ederim 🙏🏿,genel,pozitif
Ürün güzel sağlam geldi paketlemesi çok iyi kurulumu da kolay oldu sadece arada kasıyor ve biraz yavaş ama iş görür,genel,pozitif
Ürün güzel sağlam geldi paketlemesi çok iyi kurulumu da kolay oldu sadece arada kasıyor ve biraz yavaş ama iş görür,kargo,pozitif
Ürün güzel sağlam geldi paketlemesi çok iyi kurulumu da kolay oldu sadece arada kasıyor ve biraz yavaş ama iş görür,ambalaj,pozitif
Ürün güzel sağlam geldi paketlemesi çok iyi kurulumu da kolay oldu sadece arada kasıyor ve biraz yavaş ama iş görür,genel,negatif
Fiyat performans ürünü,fiyat,notr
fiyatına göre başarılı bir ürün,fiyat,pozitif
Bi öğrenci için uygun fiyat ve performans,fiyat,pozitif
ürün çok beğendim ..,genel,pozitif
bu fiyata cok bi performans beklemeyin tabii ama ders ve dizi icin super,fiyat,notr
bu fiyata cok bi performans beklemeyin tabii ama ders ve dizi icin super,genel,pozitif
Hızlı teslimat özenli kargolama ve ofis işleri için iyi yalnız bilgisayar çok yavaş,kargo,pozitif
Hızlı teslimat özenli kargolama ve ofis işleri için iyi yalnız bilgisayar çok yavaş,ambalaj,pozitif
Hızlı teslimat özenli kargolama ve ofis işleri için iyi yalnız bilgisayar çok yavaş,genel,pozitif
Hızlı teslimat özenli kargolama ve ofis işleri için iyi yalnız bilgisayar çok yavaş,genel,negatif
"4 gb ram idare eder, zaten sistem 3 gb da çalışıyor...",genel,notr
Yani f/p diyebilirim önce herhangi bir şeyi kurmak zorunda kalmıyorsunuz ama kurulumu ağır işledi...,genel,notr
ya bilgisayarım bozuldu acaba nerde tamir ettirebilirim,kalite,negatif
Kara cuma indirimlerinden aldım. Ucuz diye almıştım açıkçası... biraz pişmanım. Nerdeyse sürekli donuyor,fiyat,pozitif
Kara cuma indirimlerinden aldım. Ucuz diye almıştım açıkçası... biraz pişmanım. Nerdeyse sürekli donuyor,genel,negatif
acilen dönüş yaparmisiniz kargomuz geldi ama pin şifre var o ne acill,kargo,notr
acilen dönüş yaparmisiniz kargomuz geldi ama pin şifre var o ne acill,genel,negatif
Biraz yavaş ama idare eder,genel,notr
"şubat ayında aldım ,ilk başta güzeldi ama şu an donmaya başladı bile . çok kulanmıyorum da sadece arada okulla ilgili işlerde falan . :(",genel,negatif
Aldıktan sonra fiyat ucuzladı,fiyat,negatif
Herkese çanta hediye edildi neden bana çanta hediyesi yanında verilmedi...,genel,negatif
Ürün iyi güzel ama sanki biraz yavaş gibi yine de iş görür,genel,pozitif
Ürün iyi güzel ama sanki biraz yavaş gibi yine de iş görür,genel,negatif
işimi görür güzel,genel,pozitif
çok kadıyor bazen,genel,negatif
Biraz yavaş,genel,negatif
görünüşü boyutu falan bayağı iyi ancak hızıni hiç beğenmedim...,genel,pozitif
görünüşü boyutu falan bayağı iyi ancak hızıni hiç beğenmedim...,genel,negatif
Sağlam geldi ama görüntü kalitesini pek beğenemedim,kargo,pozitif
Sağlam geldi ama görüntü kalitesini pek beğenemedim,ses_goruntu,negatif
f/p biraz kasıyodu ama idare eder,genel,notr
Şarjı çabuk bitiyor onun dışında şimdlik güzel,batarya,negatif
Şarjı çabuk bitiyor onun dışında şimdlik güzel,genel,pozitif
şarj adaptörü yok lütfen şarj aletini bana tedarik edilmesini istiyorum,batarya,negatif
Sadece dizi film izleme amacıyla almıştım yavaş olduğunu düşünüyorum beklediğim performans yok,genel,negatif
"ürün çok yavaş, sorun nasil cözülür acaba",genel,negatif
ilk açılırken falan çok kasıyor geç açılıyor ama kullanılabilir,genel,negatif
pil ömrü zayıf ve çogu şey yüklenmiyor eba bile,batarya,negatif
pil ömrü zayıf ve çogu şey yüklenmiyor eba bile,genel,negatif
bir süre sonra çok donma yapıyor onun dışında iyi,genel,negatif
bir süre sonra çok donma yapıyor onun dışında iyi,genel,pozitif
Hoparlörde sıkıntı vardı geldiğinde. Çok kasıyor daha hiçbirşey yüklü olmamasına rağmen...,ses_goruntu,negatif
Hoparlörde sıkıntı vardı geldiğinde. Çok kasıyor daha hiçbirşey yüklü olmamasına rağmen...,genel,negatif
yavaş bir ürün. hızlı bir şey arıyorsanız bu değil.,genel,negatif
motoru çok çabuk ısınıyor soğutucu almanızı tavsiye ederim,genel,negatif
Markası ve uygun fiyat oluşu artısı. İnce bir laptop. Ama performans zayıf...,fiyat,pozitif
Markası ve uygun fiyat oluşu artısı. İnce bir laptop. Ama performans zayıf...,genel,pozitif
Markası ve uygun fiyat oluşu artısı. İnce bir laptop. Ama performans zayıf...,genel,negatif
Yavaş çalışıyor 😔,genel,negatif
bir keptop çantasıyla gönderilebilirdi. şimdilik kullanımı orta okul ödevleri vs küçük işler için yeterli...,genel,notr
Fiyatına göre fena değil gibi şimdilik,fiyat,notr
Youtubedan video izlerken bile kasıyor bazen memnun kalmadım ne beklediğinize bağlı.,genel,negatif
şarzi aşırı hızlı bitiyor ve kasma var yani degmez,batarya,negatif
şarzi aşırı hızlı bitiyor ve kasma var yani degmez,genel,negatif
İçinden şarj çıkmadı,batarya,negatif
Sürekli donup duruyor yorumlara bakarak almıştım ama beğenmedim hatta 2. El mi diye düşündüm,genel,negatif
İndirmek istediğim dosyalar inmiyor bilgisayar desteklemiyor diyor anlamadım yani,genel,negatif
Mouse yollanmamış hediye olarak yazıyor ama kargoda ürün yoktu,genel,negatif
biraz ağır daha şimdiden ve uykuya geçer kapanır dige beklerken sabaha kdr açık kalmış ısınmış,genel,negatif
yaa bilgsayarı sadece bir dil olarak kullana biliyoruz ayrica alala sadece beş gün oldu ve bi anda dondu...,genel,negatif
Fiyat performans ürünü kasıyor donuyor idare eder,genel,notr
donması şaşırtıyor güzel duruyor ama kullanışlı değil,genel,negatif
donması şaşırtıyor güzel duruyor ama kullanışlı değil,genel,pozitif
fiyat performans olarak gayet iyi tam öğrenci bilgisayari,fiyat,pozitif
fiyat performans olarak gayet iyi tam öğrenci bilgisayari,genel,pozitif
Kurulumunda ufak sorun yaşadım ama hallettim paketlemesi çok özenliydi gayet hızlı ben ders çalışmak için aldım...,ambalaj,pozitif
Kurulumunda ufak sorun yaşadım ama hallettim paketlemesi çok özenliydi gayet hızlı ben ders çalışmak için aldım...,genel,pozitif
yeğenim için aldık fiyatına göre süper,fiyat,pozitif
Sorunsuz geldi çok zarif ve çok şık okul ders için kesinlikle öneririm,kargo,pozitif
Sorunsuz geldi çok zarif ve çok şık okul ders için kesinlikle öneririm,genel,pozitif
bilgisayari bir iki aydır kullanıyorum problem yok fp memnunum,genel,pozitif
evliyiz mutluyuz huzurluyuz,genel,notr
Kardeşim için aldık paketlemesi güzeldi fiyat performans,ambalaj,pozitif
Kardeşim için aldık paketlemesi güzeldi fiyat performans,fiyat,notr
kardeşime aldım kullanıyor bence güzel memnun şimdilik,genel,pozitif
iyi bı sorunu yok 2 aydır kullanıyorum,genel,pozitif
Güzel kardeşim için aldık dersleri için,genel,pozitif
memnun kaldik,genel,pozitif
güzel uni için aldım yeterki,genel,pozitif
kurulumunda zorlandım dilini de henüz değiştiremedim ama basit işlevler için gayet yeterli,genel,pozitif
kurulumunda zorlandım dilini de henüz değiştiremedim ama basit işlevler için gayet yeterli,genel,negatif
cok iyi geldi saglam geldi paketlemesi iyiydi,kargo,pozitif
cok iyi geldi saglam geldi paketlemesi iyiydi,ambalaj,pozitif
tam bir fiyat performans ürünü,fiyat,notr
çok memnunum bu fiyata piyasadaki güzel ürünlerden biri.,genel,pozitif
çok memnunum bu fiyata piyasadaki güzel ürünlerden biri.,fiyat,pozitif
ürün çok güzel paketlenmiş çok zarif şık bir ürün kurulumu çok kolay oldu...,ambalaj,pozitif
ürün çok güzel paketlenmiş çok zarif şık bir ürün kurulumu çok kolay oldu...,genel,pozitif
bilgisayarım geldi aşırı özenli paketlenmişti ince ve kibar kurulum vs için halledildi biraz yavaş gibi ama fiyatına göre uygun,ambalaj,pozitif
bilgisayarım geldi aşırı özenli paketlenmişti ince ve kibar kurulum vs için halledildi biraz yavaş gibi ama fiyatına göre uygun,genel,pozitif
bilgisayarım geldi aşırı özenli paketlenmişti ince ve kibar kurulum vs için halledildi biraz yavaş gibi ama fiyatına göre uygun,genel,negatif
bilgisayarım geldi aşırı özenli paketlenmişti ince ve kibar kurulum vs için halledildi biraz yavaş gibi ama fiyatına göre uygun,fiyat,pozitif
İş görür güzel bi bilgisayar,genel,pozitif
Ögrencı kullanımına göre ideal bence,genel,notr
👍ders çalışmak için yeterli,genel,notr
genel olqrak güzel tavsiye ederim,genel,pozitif
sağlam kargo ve güzel paketleme kurulumlu geldi çok begendim sadece bir tık yavaş,kargo,pozitif
sağlam kargo ve güzel paketleme kurulumlu geldi çok begendim sadece bir tık yavaş,ambalaj,pozitif
sağlam kargo ve güzel paketleme kurulumlu geldi çok begendim sadece bir tık yavaş,genel,pozitif
sağlam kargo ve güzel paketleme kurulumlu geldi çok begendim sadece bir tık yavaş,genel,negatif
İş görüyor bişiler izlemek ve ofis işleri için uygun,genel,pozitif
"Kurulumu yeni yapıyorum,gayet güzel ve sağlam gözüküyor",kalite,pozitif
"Kurulumu yeni yapıyorum,gayet güzel ve sağlam gözüküyor",genel,pozitif
güzel cihaz kurlumu kolay oldu ancak biraz kasıyor ama iş görür,genel,pozitif
güzel cihaz kurlumu kolay oldu ancak biraz kasıyor ama iş görür,genel,negatif
fiyatına göre çok iyi,genel,pozitif
fiyatına göre çok iyi,fiyat,pozitif
hızlı ve işimi görüyo,genel,pozitif
Gayet kullanışlı alınabilir,genel,notr
babama aldik fiyat performans ürünü,fiyat,notr
Güzel bir bilgisayar,genel,pozitif
güzel ben 3aydır kullanıyorum sarjı hızlı doluyo film izlemek için kullanıyprum,genel,pozitif
güzel ben 3aydır kullanıyorum sarjı hızlı doluyo film izlemek için kullanıyprum,batarya,pozitif
fiyat performans ürünü,fiyat,notr
tam bir fiyat performans ürünü iş için aldım,fiyat,notr
"Çok ağır.. eski tip bir laptop, ev tipi.. iş görür",genel,notr
Basit işler için ideal. Ekrana bayıldım çerçeveler oldukça ince iş görür.,genel,notr
Basit işler için ideal. Ekrana bayıldım çerçeveler oldukça ince iş görür.,ses_goruntu,pozitif
Zarif bir bilgisayar iş görür,genel,notr
Biraz yavaş ama güzel beğendim,genel,negatif
Biraz yavaş ama güzel beğendim,genel,pozitif
Fiyatına göre kullanışlı bir ürün.,fiyat,notr
Fiyat performans çok bir şey beklemeyin günlük kullanım için ideal,fiyat,notr
cok iyi cok begendim,genel,pozitif
guzel ve kullanisli,genel,notr
oyun için olmasada dersler için yeterli bir bilgisayar,genel,notr
yani taksit ile aldım ama umarım birşey olmadan kullanırım.,genel,notr
Fiyat performans,fiyat,notr
fiyatına göre fena değil.,fiyat,pozitif
Hakkını veriyor.,genel,notr
ben beğendim güzel,genel,pozitif
çok kullanışlı ve hafif ben kpss için aldım işimi görüyor şuanlık...,genel,notr
iyi güzel kullanışlı,genel,pozitif
Tek kelime ile harikaa çok güzeldi çok beğendim almanızı tavsiye ederim,genel,pozitif
cidden mükemmel bir ürün bayıldım tavsiye ediyorum şiddetle,genel,pozitif
Ürün elime ulaştı paketleme gerçekten çok mükemmeldi cihazı kurdum...,kargo,pozitif
Ürün elime ulaştı paketleme gerçekten çok mükemmeldi cihazı kurdum...,ambalaj,pozitif
Bilgisayarım sorunsuz geldi üç gün içerisinde elime ulaştı çok memnun kaldım teşekkür ederimmm,kargo,pozitif
Bilgisayarım sorunsuz geldi üç gün içerisinde elime ulaştı çok memnun kaldım teşekkür ederimmm,genel,pozitif
Ofis için aldım gayet hızlı kurulumu kolay...,genel,pozitif
Kızıma aldım çok beğendi Üniversite için kullanıyor.Çok memnun .Görüntü olarakta hafif ve güzel,genel,pozitif
çok beğendim hızlıca elime ulaştı ben ders için aldım güvenerek isteyebilirsiniz,genel,pozitif
çok beğendim hızlıca elime ulaştı ben ders için aldım güvenerek isteyebilirsiniz,kargo,pozitif
Herşey istediğim gibi Bu sefer kargo sarıtu ürün herşey mükemmel...,kargo,pozitif
Herşey istediğim gibi Bu sefer kargo sarıtu ürün herşey mükemmel...,fiyat,pozitif
sağlam geldi şarz iyi bulutut bağlantı var...,kargo,pozitif
sağlam geldi şarz iyi bulutut bağlantı var...,batarya,pozitif
sağlam geldi şarz iyi bulutut bağlantı var...,kalite,pozitif
Tam istediğim boyutta ve hafiflikte lenovo bence çok iyi bir marka...,genel,pozitif
Ürünü çok beğendim . Sorunsuz bir şekilde elime ulaştı...,genel,pozitif
Ürünü çok beğendim . Sorunsuz bir şekilde elime ulaştı...,kargo,pozitif
Ben erkek arkaşıma hediye aldım Baya sağlam güzel paketlenmiş...,kalite,pozitif
Ben erkek arkaşıma hediye aldım Baya sağlam güzel paketlenmiş...,ambalaj,pozitif
Gerçekten tereddüt ederek aldım iyikide almışım... ses kalitesi görüntü kalitesi mükemmel,genel,pozitif
Gerçekten tereddüt ederek aldım iyikide almışım... ses kalitesi görüntü kalitesi mükemmel,ses_goruntu,pozitif
valla paketleme on numara sağ saglim geldi baya şik ve güzel...,ambalaj,pozitif
valla paketleme on numara sağ saglim geldi baya şik ve güzel...,kargo,pozitif
valla paketleme on numara sağ saglim geldi baya şik ve güzel...,genel,pozitif
simdilik memnunum sorunsuz açıldı kuruluma gerek yok,genel,pozitif
Ben çok beğendim almak isteyip tereddütte kalan arkadaşlarıma kesinlikle tavsiye ediyorum,genel,pozitif
gayet güzel kurulumunu yaptım ince zarif...,genel,pozitif
iyiki almışım gerçekten çok iyi. paketleme normaldi ürün baya güzel iş görür...,genel,pozitif
iyiki almışım gerçekten çok iyi. paketleme normaldi ürün baya güzel iş görür...,ambalaj,notr
çok çok iyi ben ders için aldım asla donma yapmıyor,genel,pozitif
5 sınıf oğlum için aldık. Memnunuz,genel,notr
ürün son derece güzel kurulumu oldukça kolay kendiniz rahatlıkla yapabilirsiniz ses ve görüntü kalitesi de gayet güzel,genel,pozitif
ürün son derece güzel kurulumu oldukça kolay kendiniz rahatlıkla yapabilirsiniz ses ve görüntü kalitesi de gayet güzel,ses_goruntu,pozitif
Ürün u kızıma aldim çok begendi teşekkür ederim,genel,pozitif
Ürün beklediğimden çok daha güzel geldi paketlemesi de çok iyiydi fiyatı da şimdiki bilgisayarlara göre çok uygun...,genel,pozitif
Ürün beklediğimden çok daha güzel geldi paketlemesi de çok iyiydi fiyatı da şimdiki bilgisayarlara göre çok uygun...,ambalaj,pozitif
Ürün beklediğimden çok daha güzel geldi paketlemesi de çok iyiydi fiyatı da şimdiki bilgisayarlara göre çok uygun...,fiyat,pozitif
ürün 10 numara 5 yıldiz efsanee tam benim aradigimm,genel,pozitif
"tereddütlerım vardı akşam, sıparıs, verdım sabahında geldı kızım ıcın...",kargo,pozitif
"tereddütlerım vardı akşam, sıparıs, verdım sabahında geldı kızım ıcın...",genel,pozitif
teşekkür ederim gayet memnunum çok beğendim,genel,pozitif
"oğluma aldık. çok memnun, çok kullanışlı. ev kullanıcısı için harika. hızlı teslimat için teşekkürler.",genel,pozitif
"oğluma aldık. çok memnun, çok kullanışlı. ev kullanıcısı için harika. hızlı teslimat için teşekkürler.",kargo,pozitif
leptop çok güzel hızlı geldi teşekkür ederim,genel,pozitif
leptop çok güzel hızlı geldi teşekkür ederim,kargo,pozitif
Bir aydan az bir süredir kullanıyorum. Üniversite ve ofis işleri almıştım. Şimdilik her şey güzel,genel,pozitif
Güzel ürün ben ders çalışmak için almıştım işimi görüyor,genel,pozitif
kardeşime aldım çok güzel...,genel,pozitif
harika teşekkür ederim herşey için iyiki varsınız,genel,pozitif
ben beğendim sadece YouTube ve PDFlerim için kısacası kpss çalışacaktım...,genel,pozitif
beklediğimden de iyi çıktı satıcı çok ilgi teşekkürler,genel,pozitif
Öğrenci için almıştım çok süper,genel,pozitif
Öncelikle firmaya teşekkür ederim 1 günde Elime ulaştı Alıcak olan arkadaşlara tavsiye ederim...,kargo,pozitif
Öncelikle firmaya teşekkür ederim 1 günde Elime ulaştı Alıcak olan arkadaşlara tavsiye ederim...,genel,pozitif
çok beğendim fiyat olarak da çok uygun,genel,pozitif
çok beğendim fiyat olarak da çok uygun,fiyat,pozitif
Kızım için aldım çok beğendi teşekkürler,genel,pozitif
Ürünü alırken başlarda tereddüt etmiştim alsam mı almasam mı diye kararsız kalmıştım. Laptop kurulumu kendisi yapıyor Şarjı dayanaklı Paketleme kusursuz yapılmı,genel,notr
Ürünü alırken başlarda tereddüt etmiştim alsam mı almasam mı diye kararsız kalmıştım. Laptop kurulumu kendisi yapıyor Şarjı dayanaklı Paketleme kusursuz yapılmı,batarya,pozitif
Ürünü alırken başlarda tereddüt etmiştim alsam mı almasam mı diye kararsız kalmıştım. Laptop kurulumu kendisi yapıyor Şarjı dayanaklı Paketleme kusursuz yapılmı,ambalaj,pozitif
hemşirelik öğrencisiyim ben memnunum kullanışı rahat gayet iyi .,genel,pozitif
kuzenim üniversite için almıştı çok memnun kalınca bana da tavsiye etti...,genel,pozitif
Kuzenim almıştı bende ondan görüp aldım çok hafif ince ve fiyatına göre iyi bir ürün...,genel,pozitif
Kuzenim almıştı bende ondan görüp aldım çok hafif ince ve fiyatına göre iyi bir ürün...,fiyat,pozitif
Ürün elime ulaştı paketleme çok özenliydi tavsiye ederim...,kargo,pozitif
Ürün elime ulaştı paketleme çok özenliydi tavsiye ederim...,ambalaj,pozitif
gerçekten müthiş bir ürün. öğrenciyim ve işimi görüyor şarjı çok uzun süre gidiyor ses kalitesi beklediğimden de iyi bayıldımmm...,genel,pozitif
gerçekten müthiş bir ürün. öğrenciyim ve işimi görüyor şarjı çok uzun süre gidiyor ses kalitesi beklediğimden de iyi bayıldımmm...,batarya,pozitif
gerçekten müthiş bir ürün. öğrenciyim ve işimi görüyor şarjı çok uzun süre gidiyor ses kalitesi beklediğimden de iyi bayıldımmm...,ses_goruntu,pozitif
Beklediğimden daha iyi eski Laptopda benim aynı markaydı bozulunca acil laptop ihtiyacım oldu...,genel,pozitif
çok beğendim gayet güzel ve hızlı geldi,genel,pozitif
çok beğendim gayet güzel ve hızlı geldi,kargo,pozitif
çok güzel bir ürün iyi paketlenmisti hızlı kargo,genel,pozitif
çok güzel bir ürün iyi paketlenmisti hızlı kargo,ambalaj,pozitif
çok güzel bir ürün iyi paketlenmisti hızlı kargo,kargo,pozitif
ben bilgisayarı beğendim tam bir fiyat performans ürünü çok şık ince duruyor ve kolay taşınabiliyor,genel,pozitif
ben bilgisayarı beğendim tam bir fiyat performans ürünü çok şık ince duruyor ve kolay taşınabiliyor,fiyat,notr
Mayis ayında aldim 5380 e memnunum günlük işleri yapıyorum...,fiyat,pozitif
Mayis ayında aldim 5380 e memnunum günlük işleri yapıyorum...,genel,pozitif
ürün guzel bir şekilde paketlenmiş ve sağlam elimize geçti...,ambalaj,pozitif
ürün guzel bir şekilde paketlenmiş ve sağlam elimize geçti...,kargo,pozitif
ürün guzel bir şekilde paketlenmiş ve sağlam elimize geçti...,genel,pozitif
Gerçekten laptop mükemmel paketleme harikaydı,genel,pozitif
Gerçekten laptop mükemmel paketleme harikaydı,ambalaj,pozitif
tavsiye ederim bilgisayar çok güzel çalışıyor maşallah,genel,pozitif
Beklediğim den çok daha güzel geldi hiç bir hasar yoktu bilgisayar asla kasmıyor...,genel,pozitif
kızıma üniversitesi için aldım çok uygun fiyata ve umduğumuz dan daha iyi çıktı...,fiyat,pozitif
kızıma üniversitesi için aldım çok uygun fiyata ve umduğumuz dan daha iyi çıktı...,genel,pozitif
ürün iyi paketleme güzeldi severek kullanıyorum,genel,pozitif
ürün iyi paketleme güzeldi severek kullanıyorum,ambalaj,pozitif
Ürün sapa sağlam geldi bir gün sonra kargo teslim edildi . İş yerim için aldım...,kargo,pozitif
Ürün sapa sağlam geldi bir gün sonra kargo teslim edildi . İş yerim için aldım...,kalite,pozitif
gayet iyi kurulumu basit gayet hızlı sıfır kutusunda geliyor...,genel,pozitif
çok güzel şık ve kullanışlı tavsiye ederim almak isteyen alsin bende okul için aldım tavsiye ederim,genel,pozitif
sorunsuz geldi paketleme sağlam yapılmıştı satıcıya teşekkürler...,kargo,pozitif
sorunsuz geldi paketleme sağlam yapılmıştı satıcıya teşekkürler...,ambalaj,pozitif
Çantamla çok güzel kombin oldu,genel,pozitif
efsane işimi rahatlıkla görür öğrenciler için tavsiye ederim,genel,pozitif
Çok güzel sağlam geldi 11 inde şipariş verdim ayın 12 si geldi...,kargo,pozitif
Çok güzel sağlam geldi 11 inde şipariş verdim ayın 12 si geldi...,kalite,pozitif
Ürün gayet sağlam kurulum kolay paketleme gayet iyiydi...,kalite,pozitif
Ürün gayet sağlam kurulum kolay paketleme gayet iyiydi...,ambalaj,pozitif
Ürün gayet sağlam kurulum kolay paketleme gayet iyiydi...,genel,pozitif
online eğitim için aldım çok kullanışlı şık bı laptop,genel,pozitif
Gerçekten bayıldım özellikle de hemen yorum yapmak istemedim tam bir ay oldu kullanalı...,genel,pozitif
Yaklaşık 3 4 aydır kullanıyorum kesinlikle hiç bir sorun yaşamadım...,genel,pozitif
Kurulumu kendim yaptım çok güzel zarif bir bilgisayar beğendim kargo da sağlam geldi,genel,pozitif
Kurulumu kendim yaptım çok güzel zarif bir bilgisayar beğendim kargo da sağlam geldi,kargo,pozitif
Hasarsız geldi paketleme çok iyiydi teşekkür ederim,kargo,pozitif
Hasarsız geldi paketleme çok iyiydi teşekkür ederim,ambalaj,pozitif
aslında 2 tane sipariş verecektim ama bı sorun yaşamaktan korktum... Ürün çok güzel hızlı kargolama da güzel,genel,pozitif
aslında 2 tane sipariş verecektim ama bı sorun yaşamaktan korktum... Ürün çok güzel hızlı kargolama da güzel,kargo,pozitif
ürün güzel satışı çok güzel paketlemiş göndermişti...,genel,pozitif
ürün güzel satışı çok güzel paketlemiş göndermişti...,ambalaj,pozitif
6 aydır kullanıyorum çok memnunum f/p ürünü,genel,pozitif
6 aydır kullanıyorum çok memnunum f/p ürünü,fiyat,notr
öncelikle satıcı ürünü çok kısa süre içerisinde kargoladı ve elime ulaştı. bilgisayar tam bir öğrenci bilgisayarı alalı birkaç hafta oldu oyun vs indirince yava,kargo,pozitif
öncelikle satıcı ürünü çok kısa süre içerisinde kargoladı ve elime ulaştı. bilgisayar tam bir öğrenci bilgisayarı alalı birkaç hafta oldu oyun vs indirince yava,genel,pozitif
öncelikle satıcı ürünü çok kısa süre içerisinde kargoladı ve elime ulaştı. bilgisayar tam bir öğrenci bilgisayarı alalı birkaç hafta oldu oyun vs indirince yava,genel,negatif
siz ne biçim satıcısınız bozuk ürünü bana kakaladınız 2 günde bozuldu ürün açıldı diye kabul etmiyorsunuz böyle saçmalık mı olur yazıklar olsun,kalite,negatif
siz ne biçim satıcısınız bozuk ürünü bana kakaladınız 2 günde bozuldu ürün açıldı diye kabul etmiyorsunuz böyle saçmalık mı olur yazıklar olsun,genel,negatif
Kesinlikle tavsiye etmiyorum satıcıya sorup almıştım. Fakat daha alalı 1 hafta olmadan güncelleme alırken donup kaldı. Garantiye gönderdim içerisine herhangi bi,genel,negatif
Youtubeye girmek 15 dk sürüyor tavsiye etmiyorum,genel,negatif
"paranızı çöp etmeyin kesinlikle almayın daha alalı bir ay olmadı kendi kendine ses gidiyor geri gelmiyor, film izlerken donuyor ekran, sarji 5 dakikada bitiyor",ses_goruntu,negatif
"paranızı çöp etmeyin kesinlikle almayın daha alalı bir ay olmadı kendi kendine ses gidiyor geri gelmiyor, film izlerken donuyor ekran, sarji 5 dakikada bitiyor",genel,negatif
"paranızı çöp etmeyin kesinlikle almayın daha alalı bir ay olmadı kendi kendine ses gidiyor geri gelmiyor, film izlerken donuyor ekran, sarji 5 dakikada bitiyor",batarya,negatif
hayatımda gördüğüm en kötü bilgisayar olabilir iade etsem şu dakikada iade edebilirdim bilgisayarı açıyorum Bir saat sonra bekliyorum ki açılsın ben hayatta bu,genel,negatif
kargom kayıp 😒,kargo,negatif
çok yavaş maalesef iade,genel,negatif
ürünün birkaç yerinde çizik ses sistemi çok kötü,kalite,negatif
ürünün birkaç yerinde çizik ses sistemi çok kötü,ses_goruntu,negatif
Aşırı derece de yavaş ve donma yapıyor Google dahi giremiyor daha önce hiç böyle bir laptop görmedim. İade ediyorum.,genel,negatif
Ürün kendi kendine kasıp dönüyor açılmıyor bazen tema vs tıkanıyor..,genel,negatif
ben ürünü iade ettim ucretimi talep ediyorum,genel,negatif
Ürün 6 ay içinde kullanılmaz hale geldi servis 16 bin tl istedi garantili olmasıda  bir işe taramıyor bu konuda ne yapabilirsiniz,kalite,negatif
Ürün 6 ay içinde kullanılmaz hale geldi servis 16 bin tl istedi garantili olmasıda  bir işe taramıyor bu konuda ne yapabilirsiniz,genel,negatif
kamerası çalışmıyo internet çok kasıyor ayrıca çok yavaş hiç beğenmedim iade ettim,kalite,negatif
kamerası çalışmıyo internet çok kasıyor ayrıca çok yavaş hiç beğenmedim iade ettim,genel,negatif
abi bu ne ya 5 para etmez bu ürün. Yazık değil mi bize. zaten bir hafta da ancak geldi. çıka çıka tam bir hayal kırıklığı çıktı.  en az 3 saat sürdü yüklenip aç,genel,negatif
abi bu ne ya 5 para etmez bu ürün. Yazık değil mi bize. zaten bir hafta da ancak geldi. çıka çıka tam bir hayal kırıklığı çıktı.  en az 3 saat sürdü yüklenip aç,kargo,negatif
ürün ü iade etmek istiyorum az önce iletişim numarası istedim reddedildi param çöpe gitti tüketici haklarına şikayette bulunacam.,genel,negatif
Hard disk olanı almıştım fakat bana ssd olmayanı gönderilmiş bir türlü kurulum yapamadık iade ettim Casper kalitesi diye düşünmüştüm rezil olduk paramızla,genel,negatif
Hard disk olanı almıştım fakat bana ssd olmayanı gönderilmiş bir türlü kurulum yapamadık iade ettim Casper kalitesi diye düşünmüştüm rezil olduk paramızla,kalite,negatif
Güncellenemedi kaç saattir açılamadı,genel,negatif
Ekran ikinci kullanımda gitti. Resmen depoda durmuş bozuk ürünü satmışsınız. Şikayet edeceğim.,ses_goruntu,negatif
Ekran ikinci kullanımda gitti. Resmen depoda durmuş bozuk ürünü satmışsınız. Şikayet edeceğim.,kalite,negatif
15 kasımda sizden aldım leptop bilgisayar kılavye yazıyı çok geç yazıyor neyden olabilir nasıl yapabilirim acilen dönüş yapsanız,kalite,negatif
15 kasımda sizden aldım leptop bilgisayar kılavye yazıyı çok geç yazıyor neyden olabilir nasıl yapabilirim acilen dönüş yapsanız,genel,negatif
Çok kötü yavaş,genel,negatif
"Çok kötü daha 1 ayı bitmeden kasmaya başladı, bilgisayardan ses gelmiyor ALMAYIN aldırtmayın!!!!!  çok kötü aldığıma çok pişmanım",genel,negatif
"Çok kötü daha 1 ayı bitmeden kasmaya başladı, bilgisayardan ses gelmiyor ALMAYIN aldırtmayın!!!!!  çok kötü aldığıma çok pişmanım",ses_goruntu,negatif
Almayın aldırmayın bir youtubeye girmek için yarım saate açılmasını bekledim aşırı donuyor daha sabah geldi bilgisayar yeni açtım. Fiyatı uygun diyecekseniz dem,genel,negatif
Almayın aldırmayın bir youtubeye girmek için yarım saate açılmasını bekledim aşırı donuyor daha sabah geldi bilgisayar yeni açtım. Fiyatı uygun diyecekseniz dem,fiyat,pozitif
Almayın aldırmayın bir youtubeye girmek için yarım saate açılmasını bekledim aşırı donuyor daha sabah geldi bilgisayar yeni açtım. Fiyatı uygun diyecekseniz dem,kargo,pozitif
aşşırı yavaş. daha yeni olmasına rağmen böyleyse ileride nasıl olur bilemiyorum. basit işler için almama rağmen onları dahi tin tin anca yapıyor. iadeye gönderd,genel,negatif
Güncellenmiyor,genel,notr
keşke almadaydim  ya saçma sapan hiç bir özelliği olmayan ağır çalışan bir bilgisayar tavsiye etmiyorum. ve aşırı hızlı bitiyor şarji dandik bir bilgisayar 👎,genel,negatif
keşke almadaydim  ya saçma sapan hiç bir özelliği olmayan ağır çalışan bir bilgisayar tavsiye etmiyorum. ve aşırı hızlı bitiyor şarji dandik bir bilgisayar 👎,batarya,negatif
Kesinlikle tavsiye etmiyorum bilgisayarı kurarken hafıza doldu şarjdayken olan şarjıda bitti şuan garantiye gitti ürün şarj 5 dkka bile dayanmıyor,genel,negatif
Kesinlikle tavsiye etmiyorum bilgisayarı kurarken hafıza doldu şarjdayken olan şarjıda bitti şuan garantiye gitti ürün şarj 5 dkka bile dayanmıyor,batarya,negatif
beğenmedim maalesef çok yavaş,genel,negatif
Aşırı donuyor iade ettim kabul etmediler. Açılan kullanılan ürün iade alınmıyormuş. Ben bunu kullanmadan yavaş olup olmadığını nereden bileceğim. Tek yaptığım t,genel,negatif
bozuk bilgisayar Gönderdiler.Sıfır bilgisayar açılmıyor 4 saat oldu halâ güncelleştirme devam ediyor diyor.Sıfır bilgisayar bu nasıl olabilir .değişim istedik y,kalite,negatif
bozuk bilgisayar Gönderdiler.Sıfır bilgisayar açılmıyor 4 saat oldu halâ güncelleştirme devam ediyor diyor.Sıfır bilgisayar bu nasıl olabilir .değişim istedik y,genel,negatif
Cok yavas donuyor,genel,negatif
malesef böyle rezil bir şey görmedim 3 saattir ugrasiyoruz bi oturum acmadi bi İnternet bağlantısı yok diyip duruyor yorumlara da baktım malesef kronik sorunu b,genel,negatif
Çöpün çöpü 5 para etmez,genel,negatif
valla sesi gidiyor soyleyim,ses_goruntu,negatif
ya daha bugün aldım ama PlayStore inmiyor hiçbir şey inmiyor ne yapacağımı bilmiyorum yaa iade edilirse iade edeceğim,genel,negatif
daha çok yeni olduğu için performansına dair yorum yapamıyorum. ısınma sorunu yaşamadık paket kargo çok iyiydi hasarsızca geldi. ben Word vb. Office programları,genel,notr
daha çok yeni olduğu için performansına dair yorum yapamıyorum. ısınma sorunu yaşamadık paket kargo çok iyiydi hasarsızca geldi. ben Word vb. Office programları,kargo,pozitif
daha çok yeni olduğu için performansına dair yorum yapamıyorum. ısınma sorunu yaşamadık paket kargo çok iyiydi hasarsızca geldi. ben Word vb. Office programları,ambalaj,pozitif
Dünyanın en kötü bilgisayarı kasma donma ne ararsan var,genel,negatif
Ürün istediğim ses kalitesinde olmadığı için iademi kabul etmediler tredyol beni aradı kendileri de değil alıcak olan kişiler biraz daha para verip kaliteli ola,ses_goruntu,negatif
Ürün istediğim ses kalitesinde olmadığı için iademi kabul etmediler tredyol beni aradı kendileri de değil alıcak olan kişiler biraz daha para verip kaliteli ola,genel,negatif
Çok yavaştı. Memnun kalmadık 1 hafta kullandık servislik oldu. Sonra başkasına satmak zorunda kaldık.,genel,negatif
1 yıldız bile hak etmiyor mecburiyetten onu da verdim hayatım da aldığım en dandik en kötü ürün ürünün kusurlu olmasına rağmen iade veya değişim almadılar yazık,genel,negatif
kızıma aldım çok kötü sürekli serviste ve dihim yapmıyorlar sarzi takılıyken bile kapaniuor,genel,negatif
kızıma aldım çok kötü sürekli serviste ve dihim yapmıyorlar sarzi takılıyken bile kapaniuor,batarya,negatif
bilgisayar hatalı çıktı kamera ve bulutut  hata veriyor sesi çok az ve kurulum yaptıktan sonra sürekli güncelleme yapıyor cihaz çok yavaş iade kodu oluşturdum d,kalite,negatif
bilgisayar hatalı çıktı kamera ve bulutut  hata veriyor sesi çok az ve kurulum yaptıktan sonra sürekli güncelleme yapıyor cihaz çok yavaş iade kodu oluşturdum d,ses_goruntu,negatif
bilgisayar hatalı çıktı kamera ve bulutut  hata veriyor sesi çok az ve kurulum yaptıktan sonra sürekli güncelleme yapıyor cihaz çok yavaş iade kodu oluşturdum d,genel,negatif
Ürünü alalı 1 ay bile olmadan bozuldu ekran kapandı açılmıyo garanti kağıdı kayboldu gönderemedim elimde öyle kaldı ne yapmam gerekiyo garanti servisine faturay,kalite,negatif
Ürünü alalı 1 ay bile olmadan bozuldu ekran kapandı açılmıyo garanti kağıdı kayboldu gönderemedim elimde öyle kaldı ne yapmam gerekiyo garanti servisine faturay,ses_goruntu,negatif
Bir kaç gün önce elime ulaştı bugün kullanmak için açtım çok basit programlar yükledim googlechrome ve capcut bunları bile kaldırmadı o kadar yavaşki laptopu ka,genel,negatif
5 para etmez ürün bugün teslim aldım şarjdan çıkardığın anda laptop batarya boş diyip kapanıyor bulaşmayın,batarya,negatif
5 para etmez ürün bugün teslim aldım şarjdan çıkardığın anda laptop batarya boş diyip kapanıyor bulaşmayın,genel,negatif
Ocak ayında aldım 1 aydır kullanıyordum ki 15 gündür sürekli kapanıyor ve canı istediği zaman açılıyor malesef ki ucuz etin yahnisi yenmiyor !,genel,negatif
ses sıkıntısı var,ses_goruntu,negatif
Ben ilk defa aldım ve çok pişmanım çalıştığım için ilk kullanmadım ve fark etmedim ama çok yavaş çalışıyor ve sürekli bir sayfada takılıp kalıyor kullanışını hi,genel,negatif
bilgisayar sürekli kendi kendine kapanıyor,genel,negatif
sakın yanılıp almayın pişmanlık gidin iyi birşey alın tablet vs alın ama bu asla hem yavaş hem kendi kendine kapanıyor pişman olursunuz elimden cıkarmaya calısı,genel,negatif
ürününüz halen donuyor nasıl gönderebilirim işlem yapılmıyor,genel,negatif
cok kasıyor 5 ay oldu alalı cidden hiç bişeyde yuklu degil,genel,negatif
ürün kargo hızı mükemmel onun dışında aşırı donuyor kurulumu daha yapamadım...,kargo,pozitif
ürün kargo hızı mükemmel onun dışında aşırı donuyor kurulumu daha yapamadım...,genel,negatif
Çok kasıyor Öyle böyle değil yani 65 yaşın üzeri için alacaksanız efsane  ele geçmez,genel,negatif
Nasıl bir bilgisayar anlamadım. Alalı 1 hafta olmadı 3-4 gündür donuyor sistemi yavaş. Bu paraya demekki bu ürün. 9250 aldım indirimle. Keşke başka marka baksay,genel,negatif
uygun diye almıştım ilk açtığımda ekran karıncalandı bekledim defalarca başa sardı asla açmadı. sizi bilmem ama bu tür şeyleri gidip mağazadan almak daha iyi.,fiyat,pozitif
uygun diye almıştım ilk açtığımda ekran karıncalandı bekledim defalarca başa sardı asla açmadı. sizi bilmem ama bu tür şeyleri gidip mağazadan almak daha iyi.,ses_goruntu,negatif
uygun diye almıştım ilk açtığımda ekran karıncalandı bekledim defalarca başa sardı asla açmadı. sizi bilmem ama bu tür şeyleri gidip mağazadan almak daha iyi.,genel,negatif
çok kasıyor kızım için almıştım hiç beğenmedim,genel,negatif
şarjı 3 4 saat falan dayanıyor birazda yavaş doluyor uzun süreçte pek iyi olmaz  2 3 sekme açıkken bile çok kasıyor fiyatında altında bir performans malesef,batarya,negatif
şarjı 3 4 saat falan dayanıyor birazda yavaş doluyor uzun süreçte pek iyi olmaz  2 3 sekme açıkken bile çok kasıyor fiyatında altında bir performans malesef,genel,negatif
Çok yavaş kesinlikle almanızı tavsiye etmiyorum,genel,negatif
Aşırı yavaş ya,genel,negatif
Çok yavaş bazen donuyor,genel,negatif
Bi süredir kullanılıyorum ama donuyor ekranı çok geç açılıyor,genel,negatif
Çok kasıyor youtube falan zor kullanıyorum,genel,negatif
Gerçek güzel ve kullanışlı ben yks ye hazırlandığım için almıştım beğendim teşekkür ederim,genel,pozitif
Normal bir süre sonra kullanamıyor kizim çok donyor yavaş çalişyır,genel,negatif
Aldıktan 3 ay sonra sesi çıkmamaya başladı ara ara kasmaya başladı,ses_goruntu,negatif
Aldıktan 3 ay sonra sesi çıkmamaya başladı ara ara kasmaya başladı,genel,negatif
ürün güzeldi ama benim işimi tam olarak görmediği için iade etmek zorunda kaldım,genel,pozitif
ürün güzeldi ama benim işimi tam olarak görmediği için iade etmek zorunda kaldım,genel,negatif
hızlı geldi fiyat performans ürünü 1 haftadır kullanıyorum ağır iş kaldırcak bir pc değil office uygulamaları için ideal youtube dan video izlerkende can sıkıcı,kargo,pozitif
hızlı geldi fiyat performans ürünü 1 haftadır kullanıyorum ağır iş kaldırcak bir pc değil office uygulamaları için ideal youtube dan video izlerkende can sıkıcı,fiyat,notr
hızlı geldi fiyat performans ürünü 1 haftadır kullanıyorum ağır iş kaldırcak bir pc değil office uygulamaları için ideal youtube dan video izlerkende can sıkıcı,genel,pozitif
hızlı geldi fiyat performans ürünü 1 haftadır kullanıyorum ağır iş kaldırcak bir pc değil office uygulamaları için ideal youtube dan video izlerkende can sıkıcı,genel,negatif
sürekli kasma yapıyor dönüyor yavaş yavaş çalışıyor bunu nasıl düzeltebilirim,genel,negatif
Fiyat performans ürünü sadece ders için aldım biraz yavaş kamera açılmıyor diyenler de olmuş...,fiyat,notr
Fiyat performans ürünü sadece ders için aldım biraz yavaş kamera açılmıyor diyenler de olmuş...,genel,negatif
bilgisayar yavas cok hizli bsy beklemeyin,genel,negatif
Kameram calısmıyor,kalite,negatif
Çok yavaş çalışıyor idare edicm artık,genel,negatif
Ürün Orta Seviye Bir Bilgisayar İş Görür,genel,notr
yavaş çalışıyor ama fp ürünü,genel,negatif
yavaş çalışıyor ama fp ürünü,fiyat,notr
Hala kurulmadı bekliyorum ekran gidiyo en baştan tekrar %0 oluyor anlamadım .,ses_goruntu,negatif
Hala kurulmadı bekliyorum ekran gidiyo en baştan tekrar %0 oluyor anlamadım .,genel,negatif
idare eder dileyelim ram4 olunca kasıyor bazen,genel,notr
fena değil kullanışlı fp ürünü,genel,pozitif
fena değil kullanışlı fp ürünü,fiyat,notr
bu ekranda kaldı ne ileri gidiyor ne geri napicam,genel,negatif
Ürün güzel kargolanmıştı fakat bataryası ölü geldi. Bunları kontrol etmeden gönderiyorsunuz sonra insanlar uğraşıyor sizin emeğinizede alan kişiyede yazık.,ambalaj,pozitif
Ürün güzel kargolanmıştı fakat bataryası ölü geldi. Bunları kontrol etmeden gönderiyorsunuz sonra insanlar uğraşıyor sizin emeğinizede alan kişiyede yazık.,batarya,negatif
aldıktan iki ay sonra daha doğru düzgün kullanmama rağmen şarji hiç dolmuyor prizden çıkardığım an kapanıyor hep 0 gösteriyor,batarya,negatif
malesefki çok ağır,genel,negatif
pın istiyor nasıl yapicam onu,genel,notr
ürünü aldık sık tasarım güzel ama şarj olmuyor dolduramiyor şarjı bataryadanmi şarj aletinde bilmiyorum zaten hiç kullanılmamış oğlum kullanamadı  şarj erken bi,genel,pozitif
ürünü aldık sık tasarım güzel ama şarj olmuyor dolduramiyor şarjı bataryadanmi şarj aletinde bilmiyorum zaten hiç kullanılmamış oğlum kullanamadı  şarj erken bi,batarya,negatif
şimdiden kasıyor ☹️,genel,negatif
çok kasıyor hiç birsey yüklü olmamasına rağmen işlerinde trenyol için kullanılmasına rağmen şarjı yarım gün yetmiyor çok kasıyor çok ağır,genel,negatif
çok kasıyor hiç birsey yüklü olmamasına rağmen işlerinde trenyol için kullanılmasına rağmen şarjı yarım gün yetmiyor çok kasıyor çok ağır,batarya,negatif
günlük kullanım için çok güzel tavsiye edilirr,genel,pozitif
en alt seviye şarkı aralıksız 4 saat gidiyor şimdilik sadece internet ve film izliyorum oyun oynamadım oynamaz sanırım,batarya,notr
en alt seviye şarkı aralıksız 4 saat gidiyor şimdilik sadece internet ve film izliyorum oyun oynamadım oynamaz sanırım,genel,notr
kutu içerisinden şarj kablosu ve adaptör çıkmadı. ürün eksık geldı,batarya,negatif
kutu içerisinden şarj kablosu ve adaptör çıkmadı. ürün eksık geldı,ambalaj,negatif
Ürün geldi fakat kamerası açılmıyor siyah ekran nasıl düzeltebilirim,kalite,negatif
arada kasması dışında sorun yok,genel,notr
ürün gayet iyi kullanılır,genel,pozitif
Ürün günlük kullanım için iyi ama ciddi ısınma problemi var alacak arkadaşlar bunu göze alıp almalı,genel,pozitif
Ürün günlük kullanım için iyi ama ciddi ısınma problemi var alacak arkadaşlar bunu göze alıp almalı,genel,negatif
Ses çok kısık,ses_goruntu,negatif
Ürün sorunsuz teslim edildi fakat kurulum da sorun yaşıyorum cihaz ilk kurulum da Wi-Fi bulmuyor,kargo,pozitif
Ürün sorunsuz teslim edildi fakat kurulum da sorun yaşıyorum cihaz ilk kurulum da Wi-Fi bulmuyor,genel,negatif
Bu fiyatta bu bilgisayar anca ama yani beğenmedim,fiyat,notr
Bu fiyatta bu bilgisayar anca ama yani beğenmedim,genel,negatif
işte idare eder iş görür sınava hazırlanıyorum işimi goruyorum ha dersen Cook iyi değil eh işte F/P ürün,genel,pozitif
öncelikle satıcıya çok tesekkür ederim bizi iade konusunda mağdur etmediği için.  Bilgisayar çok yavaş kurulum yapamadık. tercihimize göre iade ettik başka mode,genel,pozitif
öncelikle satıcıya çok tesekkür ederim bizi iade konusunda mağdur etmediği için.  Bilgisayar çok yavaş kurulum yapamadık. tercihimize göre iade ettik başka mode,genel,negatif
Begenmedım ekran kalıtesını,ses_goruntu,negatif
elime ulaştı sorunsuz bir şekilde yeni kullanmaya başladım  biraz kasıyor gibi,kargo,pozitif
elime ulaştı sorunsuz bir şekilde yeni kullanmaya başladım  biraz kasıyor gibi,genel,negatif
Daha geleli 1 hafta olmadı ses sistemi gitti bı türlüde çözülmedi ne biçim iş bu,ses_goruntu,negatif
Daha geleli 1 hafta olmadı ses sistemi gitti bı türlüde çözülmedi ne biçim iş bu,genel,negatif
ürün çok yavaştı kaplumbağa gibi malesef iade,genel,negatif
Yorumumu tekrar güncelemek zorunda kaldım çünkü laptopun ses seviyesi hiç iyi değil video izliyorsun ses kısık şarkı dinliyorsun ses kısık,ses_goruntu,negatif
güzel  kyllanışlı,genel,pozitif
Altı ay oldu alalı üç ay sonra kendiliğinden kapandı garantiye yolladım bir hafta içinde geldi. şimdi tekrar kendiliğinden kapandı yolladım bir kaç arıza saydıl,genel,negatif
müthiş bu fiyata bu performans harika kendime aldım birde komşuma önerdim ona da aldık,fiyat,pozitif
müthiş bu fiyata bu performans harika kendime aldım birde komşuma önerdim ona da aldık,genel,pozitif
Bugün geldi bi tık yavaş ama gayet güzel saglam bi şekilde ulaştı fare içinde ayrıca teşekkür ederim,kargo,pozitif
Bugün geldi bi tık yavaş ama gayet güzel saglam bi şekilde ulaştı fare içinde ayrıca teşekkür ederim,genel,negatif
Bugün geldi bi tık yavaş ama gayet güzel saglam bi şekilde ulaştı fare içinde ayrıca teşekkür ederim,genel,pozitif
Kargo gayet hızlıydı paketleme de iyiydi.Cok ağır bilgisayar işleriyle uğraşmayacağım için ideal.Satıcıya teşekkür ederim.:),kargo,pozitif
Kargo gayet hızlıydı paketleme de iyiydi.Cok ağır bilgisayar işleriyle uğraşmayacağım için ideal.Satıcıya teşekkür ederim.:),ambalaj,pozitif
Kargo gayet hızlıydı paketleme de iyiydi.Cok ağır bilgisayar işleriyle uğraşmayacağım için ideal.Satıcıya teşekkür ederim.:),genel,pozitif
ürün süper  paketleme harika,genel,pozitif
ürün süper  paketleme harika,ambalaj,pozitif
hızlı teslimat paketlemesi baya İyi güzel görünüyor  fiyatına göre çok iyi alınır,kargo,pozitif
hızlı teslimat paketlemesi baya İyi güzel görünüyor  fiyatına göre çok iyi alınır,ambalaj,pozitif
hızlı teslimat paketlemesi baya İyi güzel görünüyor  fiyatına göre çok iyi alınır,fiyat,pozitif
hızlı teslimat paketlemesi baya İyi güzel görünüyor  fiyatına göre çok iyi alınır,genel,pozitif
güzel beğendim İnşallah bi sorun olmaz,genel,pozitif
güzel ürünl,genel,pozitif
Fiyatına göre iyi ince kolay taşınabilir şarj aleti çok hafif kullanışlı ekran açılım özelliği de çok iyi özellikler olarak bu fiyata çok iyi,fiyat,pozitif
Fiyatına göre iyi ince kolay taşınabilir şarj aleti çok hafif kullanışlı ekran açılım özelliği de çok iyi özellikler olarak bu fiyata çok iyi,genel,pozitif
Fiyatına göre iyi ince kolay taşınabilir şarj aleti çok hafif kullanışlı ekran açılım özelliği de çok iyi özellikler olarak bu fiyata çok iyi,batarya,pozitif
Süper değil ama güzel ben dizi izlemek için aldım işimi görüyor,genel,pozitif
hiç güzel değil,genel,negatif
"yorum yapmadan önce 5 gün kullandım. cihaz çabuk ısınıyor, şarjı iyi gidiyor, daha çoğu şey indirmememe rağmen kasıyor biraz. bu yüzden bir puan kırdım. genel o",genel,negatif
"yorum yapmadan önce 5 gün kullandım. cihaz çabuk ısınıyor, şarjı iyi gidiyor, daha çoğu şey indirmememe rağmen kasıyor biraz. bu yüzden bir puan kırdım. genel o",batarya,pozitif
Öğrenci işi güzel,genel,pozitif
aldım ama hâlâ doğru düzgün kullanmadım sanki yavaş çalışıyor açıkçası keşke mağazasından alsaydım diyorum kurulumunu yanlış yapmışta olabilirim,genel,negatif
fiyatına göre gayet iyi,fiyat,pozitif
fiyatına göre gayet iyi,genel,pozitif
iyi kullanisli,genel,pozitif
Ürün bir günde elime ulaştı paketleme vs gayet iyiydi iki saat falan uğraştım ısınıyor normla mi bilmiyrpum ama .,kargo,pozitif
Ürün bir günde elime ulaştı paketleme vs gayet iyiydi iki saat falan uğraştım ısınıyor normla mi bilmiyrpum ama .,ambalaj,pozitif
Ürün bir günde elime ulaştı paketleme vs gayet iyiydi iki saat falan uğraştım ısınıyor normla mi bilmiyrpum ama .,genel,negatif
Müzik ve fılıme bıre bır,genel,pozitif
güzel memnunuz kardesime aldik,genel,pozitif
Bir süredir kullanıyorum çok memnunum,genel,pozitif
"..,?!?,…,,???!!",genel,notr
Beğendim bayadır kullanıyorum iş görür. Bir puanıda bir kaç saat açık kalınca arada yeniden başlatmak gerekiyor kasıyor ve görüntü gidiyor ordan kırdım.,genel,pozitif
Beğendim bayadır kullanıyorum iş görür. Bir puanıda bir kaç saat açık kalınca arada yeniden başlatmak gerekiyor kasıyor ve görüntü gidiyor ordan kırdım.,genel,negatif
Beğendim bayadır kullanıyorum iş görür. Bir puanıda bir kaç saat açık kalınca arada yeniden başlatmak gerekiyor kasıyor ve görüntü gidiyor ordan kırdım.,ses_goruntu,negatif
fiyatına göre çok iyii,fiyat,pozitif
fiyatına göre çok iyii,genel,pozitif
Fiyata göre performansi iyi. Cederon yine düşünmeyin yeni nesil işlemci ve ssd hdd var. Bilgisayar ortama hızda. Casper marka iyi. Firma ürününün arkasında duru,fiyat,pozitif
Fiyata göre performansi iyi. Cederon yine düşünmeyin yeni nesil işlemci ve ssd hdd var. Bilgisayar ortama hızda. Casper marka iyi. Firma ürününün arkasında duru,genel,pozitif
iyi kullanışlı bir ürün,genel,pozitif
Fiyat performans olarak güzel sadece bir tık yavaş gibi geldi bana,fiyat,notr
Fiyat performans olarak güzel sadece bir tık yavaş gibi geldi bana,genel,negatif
Vasat ürün,genel,negatif
Merhaba sizden yeni aldığım Casper Nirvana bilgisayarın resmi web sitesinde şarj süresi 8-10 arasında belirtiliyor ancak maximum 4 saat sonunda şarjı bitiyor. N,batarya,negatif
Görüntü kalitesi biraz düşük onun dışında sesi vs güzel günlük kullanıma uygun,ses_goruntu,negatif
Görüntü kalitesi biraz düşük onun dışında sesi vs güzel günlük kullanıma uygun,ses_goruntu,pozitif
Görüntü kalitesi biraz düşük onun dışında sesi vs güzel günlük kullanıma uygun,genel,pozitif
Ürün güzel ve hızlı geldi teşekkür ediyorum,genel,pozitif
Ürün güzel ve hızlı geldi teşekkür ediyorum,kargo,pozitif
acil ihtiyacım olduğu için aldım genel olarak memnunum ince ve kibar bir tasarımı var kullanımı keyifli görsel olarak da hoş,genel,pozitif
Öğrenci indirimiyle aldım,fiyat,notr
Uzun zamandır kullanıyorum memnunum,genel,pozitif
idare eder,genel,notr
ürünün görünüş fena değil ama hiçbişey yüklü değil. Herşeyi kendin indiriyosun,genel,notr
ürünüm elime ulaştı fakat şarj cihazı ile ilgili bir sorun var bu konu hakkında yardımcı olabilir misiniz. şarj olmuyor.,kargo,pozitif
ürünüm elime ulaştı fakat şarj cihazı ile ilgili bir sorun var bu konu hakkında yardımcı olabilir misiniz. şarj olmuyor.,batarya,negatif
Günlük kullanım için ideal,genel,pozitif
günlük kullanım için gayet ideal bir ürün fiyat performans ürünü diyebilirim. çok yüksek bir performans beklemeyin derim.,fiyat,notr
günlük kullanım için gayet ideal bir ürün fiyat performans ürünü diyebilirim. çok yüksek bir performans beklemeyin derim.,genel,pozitif
diski biraz düşük,genel,negatif
Yeni aldım çok güzel paketlenmiş herhangi bir yerinde kırık çizik vs yok gayet memnun kaldım,ambalaj,pozitif
Yeni aldım çok güzel paketlenmiş herhangi bir yerinde kırık çizik vs yok gayet memnun kaldım,kalite,pozitif
Yeni aldım çok güzel paketlenmiş herhangi bir yerinde kırık çizik vs yok gayet memnun kaldım,genel,pozitif
ben indirdimdeyken aldım gayet iyi iş görür,fiyat,pozitif
ben indirdimdeyken aldım gayet iyi iş görür,genel,pozitif
beğendim beklediğim gibi geldi,genel,pozitif
Gayet güzel,genel,pozitif
Kargo aşırı hızlıydı ben ilçede oturuyorum siparişimin ertesi günü geldi.  Ben pek anlamam bilgisayar özelliklerinden baktığım zaman öyle hoş yani,kargo,pozitif
beklediğimden iyi geldi çok iyi paketlenmiş,genel,pozitif
beklediğimden iyi geldi çok iyi paketlenmiş,ambalaj,pozitif
Bir puanı ses kalitesinden kırdım sanki sesi çok az geliyor yüksek seste müzik dinlemek isteyenler için ekstra ses sistemi hopörlörü gerekecek tasarımı kullanım,ses_goruntu,negatif
resimdeki gibi henüz herhangi bir sıkıntı yaşamadım,genel,notr
ürünü beğendim paketlemesi çok iyiydi  ders çalışmak için çok güzel bir bilgisayar,genel,pozitif
ürünü beğendim paketlemesi çok iyiydi  ders çalışmak için çok güzel bir bilgisayar,ambalaj,pozitif
Ben okul için slayt yaparım diye aldım şuanlık iş görüyor paketleme sağlamdı,genel,notr
Ben okul için slayt yaparım diye aldım şuanlık iş görüyor paketleme sağlamdı,ambalaj,pozitif
memnun sağlam geldi teşekkürler herkese tavsiye ederim,genel,pozitif
memnun sağlam geldi teşekkürler herkese tavsiye ederim,kargo,pozitif
Ürün çok güzel teşekkür ederim hiç tereddütsüz alabilirsiniz,genel,pozitif
gayet iyi kargoda gayet güzel gelsi,genel,pozitif
gayet iyi kargoda gayet güzel gelsi,kargo,pozitif
Oğluma doğum günü hediyesi aldım çok mutlu elinden hiç düşürmüyor satıcı çok güzel kargolamış sorunsuz geldi teşekkür ederim,genel,pozitif
Oğluma doğum günü hediyesi aldım çok mutlu elinden hiç düşürmüyor satıcı çok güzel kargolamış sorunsuz geldi teşekkür ederim,kargo,pozitif
çok güzel kızlarım beyendi,genel,pozitif
Ürün hızlı bir şekilde elime ulaştı.cihaz günlük işler için gayet yeterli ve kullanışlı fazla bi şey beklemek doğru olmaz.tasarımı şık ve güzel fiyat performans,kargo,pozitif
Ürün hızlı bir şekilde elime ulaştı.cihaz günlük işler için gayet yeterli ve kullanışlı fazla bi şey beklemek doğru olmaz.tasarımı şık ve güzel fiyat performans,genel,pozitif
Ürün hızlı bir şekilde elime ulaştı.cihaz günlük işler için gayet yeterli ve kullanışlı fazla bi şey beklemek doğru olmaz.tasarımı şık ve güzel fiyat performans,fiyat,notr
Aylar sonra yorumum. Win 11 de çok kasıyor. Win 8 de kullanıyorum. Daha akışkan oluyor. Celeron olduğu için kasmasını normal karşılıyorum. 1.1ghz hız veriyor. B,genel,notr
Aylar sonra yorumum. Win 11 de çok kasıyor. Win 8 de kullanıyorum. Daha akışkan oluyor. Celeron olduğu için kasmasını normal karşılıyorum. 1.1ghz hız veriyor. B,genel,negatif
Harika sorunsuz elime ulaştı teşekkürler,genel,pozitif
Harika sorunsuz elime ulaştı teşekkürler,kargo,pozitif
Harika walla,genel,pozitif
cok güzel tavsiye ederim,genel,pozitif
Gönül rahatlığıyla tercih edebilirsiniz. Üründen de memnunum paketlemesinden de. Teşekkürler 🙏🏻,genel,pozitif
Gönül rahatlığıyla tercih edebilirsiniz. Üründen de memnunum paketlemesinden de. Teşekkürler 🙏🏻,ambalaj,pozitif
Alıp alınabilecek en kötü bilgisayar diyebilirim ekran görüntüsü kötü ses iletimi kötü alır almaz daha açar açmaz kasmalar yaptı günlük çalışan birinin işine bi,genel,negatif
Alıp alınabilecek en kötü bilgisayar diyebilirim ekran görüntüsü kötü ses iletimi kötü alır almaz daha açar açmaz kasmalar yaptı günlük çalışan birinin işine bi,ses_goruntu,negatif
Bugün elime geçti çabuk  düzgün paketli idi şu anda kurulumunu yapıyorum satıcıya teşekkürler.,kargo,pozitif
Bugün elime geçti çabuk  düzgün paketli idi şu anda kurulumunu yapıyorum satıcıya teşekkürler.,ambalaj,pozitif
Bugün elime geçti çabuk  düzgün paketli idi şu anda kurulumunu yapıyorum satıcıya teşekkürler.,genel,notr
biraz yavaş onun dışında bir problem yok,genel,negatif
biraz yavaş onun dışında bir problem yok,genel,pozitif
Sorunsuz geldi teşekkürler,kargo,pozitif
Ürün gayet kullanışlı sadece 1 tık yavaş oda normal sağlam geldi,genel,pozitif
Ürün gayet kullanışlı sadece 1 tık yavaş oda normal sağlam geldi,genel,negatif
Ürün gayet kullanışlı sadece 1 tık yavaş oda normal sağlam geldi,kargo,pozitif
Fiyatına göre gayet başarılı bir ürün. ofis işleri için çok ideal.,fiyat,pozitif
Fiyatına göre gayet başarılı bir ürün. ofis işleri için çok ideal.,genel,pozitif
hayatımda gördüğüm en kötü bilgisayar şarjı çabuk bitiyor donuyor hiç Bir uygulamaya inmiyor,genel,negatif
hayatımda gördüğüm en kötü bilgisayar şarjı çabuk bitiyor donuyor hiç Bir uygulamaya inmiyor,batarya,negatif
Çok hızlı kargoydu dün sipariş verdim bugün elimdeydi . Güzel notunuz için teşekkür ederim 🙏 . Kardeşim kullanıyor çok memnun kardeşimden dolayı aldım,kargo,pozitif
Çok hızlı kargoydu dün sipariş verdim bugün elimdeydi . Güzel notunuz için teşekkür ederim 🙏 . Kardeşim kullanıyor çok memnun kardeşimden dolayı aldım,genel,pozitif
merhaba ben umut bir şey diyicem tek şikayetim biraz geç geldi tabi kars uzak fakat bilgisayarımı çok sevdim casper a trendyola ve babama teşekkür ederim,kargo,negatif
merhaba ben umut bir şey diyicem tek şikayetim biraz geç geldi tabi kars uzak fakat bilgisayarımı çok sevdim casper a trendyola ve babama teşekkür ederim,genel,pozitif
Ürün görseldeki gibi Fiyatı uygun çocuklar icin aldık kullanışlı uygun fiyata bilgisayar almayı düşününen için ideal tavsiye ederim.,fiyat,pozitif
Ürün görseldeki gibi Fiyatı uygun çocuklar icin aldık kullanışlı uygun fiyata bilgisayar almayı düşününen için ideal tavsiye ederim.,genel,pozitif
5 yıldız koydum ki ilklerde oldun ama kesinlikle alınmaz paranıza yazık sürekli donuyor sürekli sesi gidiyor sürekli ısınıyor sürekli bağlantı hatası yani gerek,genel,negatif
5 yıldız koydum ki ilklerde oldun ama kesinlikle alınmaz paranıza yazık sürekli donuyor sürekli sesi gidiyor sürekli ısınıyor sürekli bağlantı hatası yani gerek,ses_goruntu,negatif
Güzel beğendim,genel,pozitif
merhaba aldığım ürünün garantisine nasıl ulaşabilirim,genel,notr
Ürün mükemmel çok hızlı kaliteli tasarım şık fıyatıda uygun,genel,pozitif
Ürün mükemmel çok hızlı kaliteli tasarım şık fıyatıda uygun,kalite,pozitif
Ürün mükemmel çok hızlı kaliteli tasarım şık fıyatıda uygun,fiyat,pozitif
sorunsuz tskler,genel,pozitif
mükkemmel bi bilgisayar 3 ay oldu alalı kullananlı daha pratik bişi isterseniz daha küçük boyutlu veya tablet bakabilirsiniz ama bu mükemmel 1 yıl oldu kullanıy,genel,pozitif
Fiyatına göre en iyisi,fiyat,pozitif
Fiyatına göre en iyisi,genel,pozitif
Kargom geldi çok beğendik fiyat performans ürünü,kargo,pozitif
Kargom geldi çok beğendik fiyat performans ürünü,genel,pozitif
Kargom geldi çok beğendik fiyat performans ürünü,fiyat,notr
teşekkürler,genel,notr
bilgisayar güzel paketli geldi kullandığımda guncellerim,ambalaj,pozitif
bilgisayar güzel paketli geldi kullandığımda guncellerim,genel,notr
Çok iyi çok güzel,genel,pozitif
yazı yazıyosunuz 10 saniye sonra gözüküyor ekranda videolar donuyor iade edeceğim 5 yıldız üstte görünsün diye veriyorum,genel,negatif
Beğendim severek kullanıyorum,genel,pozitif
fiyat performans ürünü çok güzel iş için aldım,fiyat,notr
fiyat performans ürünü çok güzel iş için aldım,genel,pozitif
"casper kalitesi, görüntü, ses gayet iyi, beğendim, bundan önceki laptopumda casperdi",kalite,pozitif
"casper kalitesi, görüntü, ses gayet iyi, beğendim, bundan önceki laptopumda casperdi",ses_goruntu,pozitif
"casper kalitesi, görüntü, ses gayet iyi, beğendim, bundan önceki laptopumda casperdi",genel,pozitif
Sorunsuz geldi güzel ürün,kargo,pozitif
Sorunsuz geldi güzel ürün,genel,pozitif
ders ve çalışma için 10 numara,genel,pozitif
görüntü güzel ama arada kasıyor çok yüklenmeden arada kullanacağın bir ürün,ses_goruntu,pozitif
görüntü güzel ama arada kasıyor çok yüklenmeden arada kullanacağın bir ürün,genel,negatif
Tam bir fiyat performans ürünü.Ders çalışmak ve Office programlarını kullanmak için almıştım.İşimi görecek kalitede.,fiyat,notr
Tam bir fiyat performans ürünü.Ders çalışmak ve Office programlarını kullanmak için almıştım.İşimi görecek kalitede.,genel,pozitif
arada sırada kasıyor,genel,negatif
ben sunum için kullanıyorum işime yarıyor. büyüklüğü iyi,genel,pozitif
teşekkürler.  herşey yolunda 6 aydır kullanıyorum,genel,pozitif
"Tek kelime ile harika, kaplaması ambalajı, kargoya veriliş hızı mükemmel",genel,pozitif
"Tek kelime ile harika, kaplaması ambalajı, kargoya veriliş hızı mükemmel",ambalaj,pozitif
"Tek kelime ile harika, kaplaması ambalajı, kargoya veriliş hızı mükemmel",kargo,pozitif
oğlum için aldım çok güzel tavsiye ediyorum,genel,pozitif
çok memnum  iki üç aydır kullanıyorum tavsiye ederim ☺️,genel,pozitif
Mükkemel bir şey alın,genel,pozitif
Gayet güzel ve ideal bir genişliği var bi sıkıntısı çıkmadı şuana kadar tavsiye ederim🥰,genel,pozitif
cihazı alalı 20 gün oldu gerçekten cihaz çok güzel kullanışlı teşekkür ederim,genel,pozitif
Dün sabah sipariş verdim bugün geldi .Paketleme çok özenliydi.Kurulumu basitti. Beğendim tavsiye ederim.💯 Güncelleme: Ağustosta almıştım 4 ay geçti bir sorunla,kargo,pozitif
Dün sabah sipariş verdim bugün geldi .Paketleme çok özenliydi.Kurulumu basitti. Beğendim tavsiye ederim.💯 Güncelleme: Ağustosta almıştım 4 ay geçti bir sorunla,ambalaj,pozitif
Dün sabah sipariş verdim bugün geldi .Paketleme çok özenliydi.Kurulumu basitti. Beğendim tavsiye ederim.💯 Güncelleme: Ağustosta almıştım 4 ay geçti bir sorunla,genel,pozitif
çok beğendim fp ürünü,genel,pozitif
çok beğendim fp ürünü,fiyat,notr
ürünüm elime ulaştı gayet güzel ve kibar görseldeki gibi,kargo,pozitif
ürünüm elime ulaştı gayet güzel ve kibar görseldeki gibi,genel,pozitif
sağlam ve uygun fiyat teşekkürler,kalite,pozitif
sağlam ve uygun fiyat teşekkürler,fiyat,pozitif
ben çok beğendim ilk bilgisayarım alabilirsiniz,genel,pozitif
Casper markası zaten kendini kanıtlamış. öğrenciler için ideal pil ömrü fena değil . Fiyatına göre çok iyi.,genel,pozitif
Casper markası zaten kendini kanıtlamış. öğrenciler için ideal pil ömrü fena değil . Fiyatına göre çok iyi.,batarya,notr
Casper markası zaten kendini kanıtlamış. öğrenciler için ideal pil ömrü fena değil . Fiyatına göre çok iyi.,fiyat,pozitif
Biraz yavaş ama fiyatına göre güzel,genel,negatif
Biraz yavaş ama fiyatına göre güzel,fiyat,notr
Biraz yavaş ama fiyatına göre güzel,genel,pozitif
ürün tam bir FP ürünü eğer öğrenciyseniz çok fazla oyun oynamayacaksanız işinizi görür kasma donma yapmıyor gayet hızlı bir şekilde çalışıyor 1 aya yakın kullan,fiyat,notr
ürün tam bir FP ürünü eğer öğrenciyseniz çok fazla oyun oynamayacaksanız işinizi görür kasma donma yapmıyor gayet hızlı bir şekilde çalışıyor 1 aya yakın kullan,genel,pozitif
ders çalismak için aldım gayet güzel çalışıyor memnunum,genel,pozitif
ürün güzel iyi çalışıyor bir sıkıntı yok paketleme güzeldi,genel,pozitif
ürün güzel iyi çalışıyor bir sıkıntı yok paketleme güzeldi,ambalaj,pozitif
çok güzel çok beğendim,genel,pozitif
Yeni aldığım laptopu birkaç haftadır aktif olarak kullanıyorum ve deneyimlerimi paylaşmak istedim.  Öncelikle tasarım açısından oldukça şık ve modern bir görünü,genel,notr
Yeni aldığım laptopu birkaç haftadır aktif olarak kullanıyorum ve deneyimlerimi paylaşmak istedim.  Öncelikle tasarım açısından oldukça şık ve modern bir görünü,genel,pozitif
Paketleme için teşekkür ediyorum.,ambalaj,pozitif
Ürün gerçekten çok iyi kullanışlı sorunsuz elime ulaştı,genel,pozitif
Ürün gerçekten çok iyi kullanışlı sorunsuz elime ulaştı,kargo,pozitif
Harika.   Tavsiye ederim,genel,pozitif
çok iyi bir bilgisayar çok memnun kaldım  alın aldırın bence,genel,pozitif
Ürün en fazla dizi izlemek için kullanılır çok yavaş,genel,negatif
kız kardeşime aldım tez yazarken eski bilgisayarı kasıyordu bu bişgisayar hem güzel hem kullanışlı,genel,pozitif
ürün gerçekten iyi ders çalışmak için yeterli tavsiye ederim kız arkadaşıma aldım bı tane  bı kaç gün sonra kendime de Alicam,genel,pozitif
çok güzel çok memnunuz,genel,pozitif
çok güzel çok beğendim güzel çalışıyor,genel,pozitif
kargo sorunsuz geldi sadece Microsoft oturum açmakta sıkıntı çektim şuanda çok iyi yks için aldım ders çalışmak icin,kargo,pozitif
kargo sorunsuz geldi sadece Microsoft oturum açmakta sıkıntı çektim şuanda çok iyi yks için aldım ders çalışmak icin,genel,negatif
çok güzel çok hızlı tavsiye ederim,genel,pozitif
gercekten kaliteli ders icin aldim gayet iyi ürün,kalite,pozitif
gercekten kaliteli ders icin aldim gayet iyi ürün,genel,pozitif
fiyatına göre gayet kaliteli ekranı yeterli kurtarıcı bir laptop pişman etmedi 🙏🏻🌸,fiyat,pozitif
fiyatına göre gayet kaliteli ekranı yeterli kurtarıcı bir laptop pişman etmedi 🙏🏻🌸,kalite,pozitif
fiyatına göre gayet kaliteli ekranı yeterli kurtarıcı bir laptop pişman etmedi 🙏🏻🌸,ses_goruntu,pozitif
"kesinlikle tavsiye ediyorum, çok güzel, beğendim elime çabuk ulaştı. teşekkürler",genel,pozitif
"kesinlikle tavsiye ediyorum, çok güzel, beğendim elime çabuk ulaştı. teşekkürler",kargo,pozitif
Ses kalitesi görüntü hızı mük çok tereddüt ederek aldım ama değer,ses_goruntu,pozitif
Ses kalitesi görüntü hızı mük çok tereddüt ederek aldım ama değer,genel,pozitif
çok güzel  kargo hizli ve özenliydi teşekkürler,genel,pozitif
çok güzel  kargo hizli ve özenliydi teşekkürler,kargo,pozitif
çok güzel  kargo hizli ve özenliydi teşekkürler,ambalaj,pozitif
ürün çok güzel paketlenmesi de iyiydi teşekkürler,genel,pozitif
ürün çok güzel paketlenmesi de iyiydi teşekkürler,ambalaj,pozitif
"Çok memnunum, maaşAllah fiyatina göre mükemmel.",genel,pozitif
"Çok memnunum, maaşAllah fiyatina göre mükemmel.",fiyat,pozitif
Beklediğim gibi gelmedi bilgisayar yarım saat çalışıyor kendi kendine kapanıyor ısınma dahi yok satıcı ilgisiz oyun dahi oynamadım 9000 lira verdik az para deği,genel,negatif
Şimdilik bi sorunu yok,genel,pozitif
5 mayıstan beni kulanıyorum hiçbir sorun yaşamadım şimdiye kadar tavsiye ederim  çok iyi bence 😊😊,genel,pozitif
Tam bir fiyat performans ürünü. Oldukça hızlı,fiyat,notr
Tam bir fiyat performans ürünü. Oldukça hızlı,genel,pozitif
üründe sogutulacak bir havalandirma yok -  üründe ne hikmetse bütün fişler 1cm ara ile konmuş power fişi USB HDMI lari takmak çıkarmak sorun mm rik mesafede baş,genel,negatif
Kardeşime aldık gerçekten güzel bir ürün tam bir fiyat performans ürünü,genel,pozitif
Kardeşime aldık gerçekten güzel bir ürün tam bir fiyat performans ürünü,fiyat,notr
ÜRÜN TAM ANLAMIYLA MÜKEMMEL SORUNSUZ GELDİ. KEYIFLE ALABİLİRSİNİZ SIKINTI YOK,genel,pozitif
ÜRÜN TAM ANLAMIYLA MÜKEMMEL SORUNSUZ GELDİ. KEYIFLE ALABİLİRSİNİZ SIKINTI YOK,kargo,pozitif
Fiyat performans ürünü 👌,fiyat,notr
fiyat ve performans olarak gayet iyi orta segment oyunları kasmadan oynayabilirsiniz şarj süresi ortalama paketleme sorunsuzdu gönül rahatlığıyla alabilirsiniz,fiyat,pozitif
fiyat ve performans olarak gayet iyi orta segment oyunları kasmadan oynayabilirsiniz şarj süresi ortalama paketleme sorunsuzdu gönül rahatlığıyla alabilirsiniz,genel,pozitif
fiyat ve performans olarak gayet iyi orta segment oyunları kasmadan oynayabilirsiniz şarj süresi ortalama paketleme sorunsuzdu gönül rahatlığıyla alabilirsiniz,batarya,notr
fiyat ve performans olarak gayet iyi orta segment oyunları kasmadan oynayabilirsiniz şarj süresi ortalama paketleme sorunsuzdu gönül rahatlığıyla alabilirsiniz,ambalaj,pozitif
Çok beğendim,genel,pozitif
mükemmel ürün,genel,pozitif
Tam bir fiat ürünü,fiyat,notr
ürün çok çok hızlı ve çok güzel paketlenmiş  geldi tebrik ve teşekkür ediyorum ürünü henüz kullanmadım ama kalitesini biliyorum bu fiyata düşünmeden alın derim,genel,pozitif
ürün çok çok hızlı ve çok güzel paketlenmiş  geldi tebrik ve teşekkür ediyorum ürünü henüz kullanmadım ama kalitesini biliyorum bu fiyata düşünmeden alın derim,ambalaj,pozitif
ürün çok çok hızlı ve çok güzel paketlenmiş  geldi tebrik ve teşekkür ediyorum ürünü henüz kullanmadım ama kalitesini biliyorum bu fiyata düşünmeden alın derim,fiyat,pozitif
Yeni aldım ilk bilgisayarım sağlam geldi açtım film izlemek için aldım gayet yeterli 🤩,kargo,pozitif
Yeni aldım ilk bilgisayarım sağlam geldi açtım film izlemek için aldım gayet yeterli 🤩,kalite,pozitif
Yeni aldım ilk bilgisayarım sağlam geldi açtım film izlemek için aldım gayet yeterli 🤩,genel,pozitif
ürünü simdilik güzel daha sonra güncelerim,genel,pozitif
Ürünün paketlemesi çok guzeldi çanta şeklinde karton bi kutuda gonderdiler laptop cantasi olmasa daha taşımak açısından guzel ve özenliydi. Casper zaten bilindi,ambalaj,pozitif
Ürünün paketlemesi çok guzeldi çanta şeklinde karton bi kutuda gonderdiler laptop cantasi olmasa daha taşımak açısından guzel ve özenliydi. Casper zaten bilindi,genel,pozitif
Çok beğendim 😊,genel,pozitif
Harika paketlenmiş ürün hasarsız ulaştı elime 2 günde geldi teşekkür ediyorum,ambalaj,pozitif
Harika paketlenmiş ürün hasarsız ulaştı elime 2 günde geldi teşekkür ediyorum,kargo,pozitif
Harika paketlenmiş ürün hasarsız ulaştı elime 2 günde geldi teşekkür ediyorum,kalite,pozitif
çok güzel ❤️❤️❤️❤️,genel,pozitif
