yorum,cumle,aspect,sentiment
ürün tabiki çok güzel apple sonuçta ama trendyol çok yavaş kargoları maalesef ama sorunsuz geldi teşekkürler,ürün tabiki çok güzel apple sonuçta,genel,pozitif
ürün tabiki çok güzel apple sonuçta ama trendyol çok yavaş kargoları maalesef ama sorunsuz geldi teşekkürler,trendyol çok yavaş kargoları maalesef,kargo,negatif
ürün tabiki çok güzel apple sonuçta ama trendyol çok yavaş kargoları maalesef ama sorunsuz geldi teşekkürler,sorunsuz geldi teşekkürler,kargo,pozitif
"Ürün elime bugün 5 kasım 2024 tarihinde ulaştı, kutu üzerinden doğrulamasını yaptıktan sonra kurulum için açtım. Açar açmaz karşılaştığım sorun pil için servis","ürün elime bugün 5 kasım 2024 tarihinde ulaştı, kutu üzerinden doğrulamasını yaptıktan sonra kurulum için açtım",kargo,notr
"Ürün elime bugün 5 kasım 2024 tarihinde ulaştı, kutu üzerinden doğrulamasını yaptıktan sonra kurulum için açtım. Açar açmaz karşılaştığım sorun pil için servis","ürün elime bugün 5 kasım 2024 tarihinde ulaştı, kutu üzerinden doğrulamasını yaptıktan sonra kurulum için açtım",ambalaj,notr
"Ürün elime bugün 5 kasım 2024 tarihinde ulaştı, kutu üzerinden doğrulamasını yaptıktan sonra kurulum için açtım. Açar açmaz karşılaştığım sorun pil için servis",açar açmaz karşılaştığım sorun pil için servis,batarya,notr
"Kesinlikle almayın, 19 ekim 2024 tarihinde teslim aldım cihazı, garanti bitimi 26 mart 2025 gösteriyor. Daha önce kullanılmış ürünü gönderiyorlar ve BOZUK!!! Ci","kesinlikle almayın, 19 ekim 2024 tarihinde teslim aldım cihazı, garanti bitimi 26 mart 2025 gösteriyor",kargo,notr
"Kesinlikle almayın, 19 ekim 2024 tarihinde teslim aldım cihazı, garanti bitimi 26 mart 2025 gösteriyor. Daha önce kullanılmış ürünü gönderiyorlar ve BOZUK!!! Ci","kesinlikle almayın, 19 ekim 2024 tarihinde teslim aldım cihazı, garanti bitimi 26 mart 2025 gösteriyor",fiyat,notr
"Kesinlikle almayın, 19 ekim 2024 tarihinde teslim aldım cihazı, garanti bitimi 26 mart 2025 gösteriyor. Daha önce kullanılmış ürünü gönderiyorlar ve BOZUK!!! Ci",daha önce kullanılmış ürünü gönderiyorlar ve bozuk,kargo,negatif
ürün hiçbir şekilde şarj olmuyor. servis öneriliyor yazıyor. paketlenmeden gönderilmiş sadece kendi kutusu ve trendyol kutusuna konmuş.,ürün hiçbir şekilde şarj olmuyor,batarya,negatif
ürün hiçbir şekilde şarj olmuyor. servis öneriliyor yazıyor. paketlenmeden gönderilmiş sadece kendi kutusu ve trendyol kutusuna konmuş.,paketlenmeden gönderilmiş sadece kendi kutusu ve trendyol kutusuna konmuş,kargo,notr
ürün hiçbir şekilde şarj olmuyor. servis öneriliyor yazıyor. paketlenmeden gönderilmiş sadece kendi kutusu ve trendyol kutusuna konmuş.,paketlenmeden gönderilmiş sadece kendi kutusu ve trendyol kutusuna konmuş,ambalaj,notr
Ürünü 22 Aralık 2024 tarihinde satıcı trendyol olarak sipariş verdim bugün geldi kurulumunu gerçekleştirdim. Garanti süresine bakınca 30 Ocak 2026 olduğunu fark,ürünü 22 aralık 2024 tarihinde satıcı trendyol olarak sipariş verdim bugün geldi kurulumunu gerçekleştirdim,kargo,negatif
Ağustosda aldım ocakta garantisi başlamış,ağustosda aldım ocakta garantisi başlamış,fiyat,notr
PC kurulumunu yaptıktan sonra pil seviyesi servis gösteriyordu iade ettim geri yolladılar PC yi sıfırlayıp geri yollamam söylendi sıfırladım ve tekrar yolladım,pc kurulumunu yaptıktan sonra pil seviyesi servis gösteriyordu iade ettim geri yolladılar pc yi sıfırlayıp geri yollamam söylendi sıfırladım ve tekrar yolladım,batarya,negatif
batarya bozuk geldi üründe sorun yoktu servis uyarısı verdi geri iade talebi oluşturdum.,batarya bozuk geldi üründe sorun yoktu servis uyarısı verdi geri iade talebi oluşturdum,kargo,negatif
batarya bozuk geldi üründe sorun yoktu servis uyarısı verdi geri iade talebi oluşturdum.,batarya bozuk geldi üründe sorun yoktu servis uyarısı verdi geri iade talebi oluşturdum,batarya,negatif
sıfır aldığım ürün pil servis uyarısı verdi iadeyle uğraşmadım servise gönderdim.trendyol satıcısından almıştım siz siz olun bilindik yerlerden alın,sıfır aldığım ürün pil servis uyarısı verdi iadeyle uğraşmadım servise gönderdim,batarya,notr
Çok şaşkınım nasıl böyle ürün gönderirler aklım almıyor sıfır kapalı kutu pil şarj olmuyor  servis öneriliyor diyor iade yaptılar neyseki,çok şaşkınım nasıl böyle ürün gönderirler aklım almıyor sıfır kapalı kutu pil şarj olmuyor servis öneriliyor diyor iade yaptılar neyseki,kargo,negatif
Çok şaşkınım nasıl böyle ürün gönderirler aklım almıyor sıfır kapalı kutu pil şarj olmuyor  servis öneriliyor diyor iade yaptılar neyseki,çok şaşkınım nasıl böyle ürün gönderirler aklım almıyor sıfır kapalı kutu pil şarj olmuyor servis öneriliyor diyor iade yaptılar neyseki,batarya,negatif
Çok şaşkınım nasıl böyle ürün gönderirler aklım almıyor sıfır kapalı kutu pil şarj olmuyor  servis öneriliyor diyor iade yaptılar neyseki,çok şaşkınım nasıl böyle ürün gönderirler aklım almıyor sıfır kapalı kutu pil şarj olmuyor servis öneriliyor diyor iade yaptılar neyseki,ambalaj,negatif
Ürün kusurlu gönderildi..açıldığında şarjı %1di birkaç saat durmasına rağmen dolmadı servis öneriliyor uyarısı verdi. Ayrıca daha yeni aldığım ürünün 2 yıl gara,ürün kusurlu gönderildi,kargo,notr
Ürün kusurlu gönderildi..açıldığında şarjı %1di birkaç saat durmasına rağmen dolmadı servis öneriliyor uyarısı verdi. Ayrıca daha yeni aldığım ürünün 2 yıl gara,açıldığında şarjı 1di birkaç saat durmasına rağmen dolmadı servis öneriliyor uyarısı verdi,batarya,negatif
Ürün kusurlu gönderildi..açıldığında şarjı %1di birkaç saat durmasına rağmen dolmadı servis öneriliyor uyarısı verdi. Ayrıca daha yeni aldığım ürünün 2 yıl gara,açıldığında şarjı 1di birkaç saat durmasına rağmen dolmadı servis öneriliyor uyarısı verdi,ambalaj,negatif
Ürün kusurlu gönderildi..açıldığında şarjı %1di birkaç saat durmasına rağmen dolmadı servis öneriliyor uyarısı verdi. Ayrıca daha yeni aldığım ürünün 2 yıl gara,ayrıca daha yeni aldığım ürünün 2 yıl gara,genel,notr
Tavsiye etmiyorum. Sıfır ürün arızalı çıktı. Şarj dolmuyor. %1 şarjla geldi. Aynı şarjla iade ettik. Paramızı aldık çok şükür.,sıfır ürün arızalı çıktı,genel,negatif
Tavsiye etmiyorum. Sıfır ürün arızalı çıktı. Şarj dolmuyor. %1 şarjla geldi. Aynı şarjla iade ettik. Paramızı aldık çok şükür.,şarj dolmuyor,batarya,negatif
Tavsiye etmiyorum. Sıfır ürün arızalı çıktı. Şarj dolmuyor. %1 şarjla geldi. Aynı şarjla iade ettik. Paramızı aldık çok şükür.,1 şarjla geldi,kargo,notr
Tavsiye etmiyorum. Sıfır ürün arızalı çıktı. Şarj dolmuyor. %1 şarjla geldi. Aynı şarjla iade ettik. Paramızı aldık çok şükür.,1 şarjla geldi,batarya,notr
Tavsiye etmiyorum. Sıfır ürün arızalı çıktı. Şarj dolmuyor. %1 şarjla geldi. Aynı şarjla iade ettik. Paramızı aldık çok şükür.,aynı şarjla iade ettik,batarya,notr
Tavsiye etmiyorum. Sıfır ürün arızalı çıktı. Şarj dolmuyor. %1 şarjla geldi. Aynı şarjla iade ettik. Paramızı aldık çok şükür.,paramızı aldık çok şükür,fiyat,notr
Garanti süresine çok az kalmış ve pil servisi uyarısı veriyo şarja takmadan çalışmıyor bilgisayarın alt tarafındada yanık izi var 3 4 bin TL üstüne koyun gidip,garanti süresine çok az kalmış ve pil servisi uyarısı veriyo şarja takmadan çalışmıyor bilgisayarın alt tarafındada yanık izi var 3 4 bin tl üstüne koyun gidip,batarya,negatif
Pil şarj olmuyor servis öneriliyor uyarısı veriyor bu nasıl iş anlamadım acil yardım istiyorum,pil şarj olmuyor servis öneriliyor uyarısı veriyor bu nasıl iş anlamadım acil yardım istiyorum,batarya,negatif
"Kusurlu mal satılıyor, almayın uyarıyorum sizleri. Aynı mağduriyeti yaşamanızı istemem. Bataryası ölmüş, şarja takılmadan çalışmayan bilgisayar satıyorlar. Tren","bataryası ölmüş, şarja takılmadan çalışmayan bilgisayar satıyorlar",batarya,notr
Pili bitmiş 3 yıl önce garantisi bitmiş ürünü bana gönderip bu durumu belgelediğim halde 15 günlük süre geçtiğin için almayan satıcı. İsterseniz siz de alın.,pili bitmiş 3 yıl önce garantisi bitmiş ürünü bana gönderip bu durumu belgelediğim halde 15 günlük süre geçtiğin için almayan satıcı,kargo,negatif
Pili bitmiş 3 yıl önce garantisi bitmiş ürünü bana gönderip bu durumu belgelediğim halde 15 günlük süre geçtiğin için almayan satıcı. İsterseniz siz de alın.,pili bitmiş 3 yıl önce garantisi bitmiş ürünü bana gönderip bu durumu belgelediğim halde 15 günlük süre geçtiğin için almayan satıcı,batarya,negatif
0 ürün nasıl bozuk çıkabiliyor aklım almıyor. Pil bozuk çıktı. Pil şarj olmuyor uyarısı veriyor. Güç kablosunu çektiğim anda kapanıyor. 2-3 hafta servisle uğraş,0 ürün nasıl bozuk çıkabiliyor aklım almıyor,genel,negatif
0 ürün nasıl bozuk çıkabiliyor aklım almıyor. Pil bozuk çıktı. Pil şarj olmuyor uyarısı veriyor. Güç kablosunu çektiğim anda kapanıyor. 2-3 hafta servisle uğraş,pil bozuk çıktı,batarya,negatif
0 ürün nasıl bozuk çıkabiliyor aklım almıyor. Pil bozuk çıktı. Pil şarj olmuyor uyarısı veriyor. Güç kablosunu çektiğim anda kapanıyor. 2-3 hafta servisle uğraş,pil şarj olmuyor uyarısı veriyor,batarya,negatif
Bana pili bozuk ürün gonderdi TRENDYOL saticisi ve degisim/iade talebimi reddedip teknik serviste kendi basimim caresine bakmam soylendi.,bana pili bozuk ürün gonderdi trendyol saticisi ve degisim iade talebimi reddedip teknik serviste kendi basimim caresine bakmam soylendi,batarya,negatif
"Maalesef urun elime gectiginde pil servis uyarisi veriyordu, sarj olmuyordu yani hatali urun gonderildi ve iade etmek zorunda kaldim. Almanizi onermem.","maalesef urun elime gectiginde pil servis uyarisi veriyordu, sarj olmuyordu yani hatali urun gonderildi ve iade etmek zorunda kaldim",batarya,negatif
Trendyol satıcısından birşey alırken artık bir değil bin kere düşünerek alışveriş yapacağım belki hiç yapmayacağım buradaki yorumlara güvenerek alışveriş yaptım,trendyol satıcısından birşey alırken artık bir değil bin kere düşünerek alışveriş yapacağım belki hiç yapmayacağım buradaki yorumlara güvenerek alışveriş yaptım,genel,negatif
Sıfır kutusunda çıkarıyorsun o da ne üründe çizikler var. Muhtemelen iade edilen ürünleri paketleyip satıyorlar. Trandyoldan alışveriş yapmayacağım bu son. Mevz,sıfır kutusunda çıkarıyorsun o da ne üründe çizikler var,ambalaj,notr
Sıfır kutusunda çıkarıyorsun o da ne üründe çizikler var. Muhtemelen iade edilen ürünleri paketleyip satıyorlar. Trandyoldan alışveriş yapmayacağım bu son. Mevz,muhtemelen iade edilen ürünleri paketleyip satıyorlar,ambalaj,notr
Sürekli fiyatıyla oynuyorlar,sürekli fiyatıyla oynuyorlar,fiyat,notr
Cihaz kusurlu çıktı. Bataryasında sıkıntı var kutuyu açtıktan sonra bilgisayarı açtığımda ilk olarak Apple logosu çıkmadı daha sonra şarja taktığımda açıldı. Şa,cihaz kusurlu çıktı,genel,notr
Cihaz kusurlu çıktı. Bataryasında sıkıntı var kutuyu açtıktan sonra bilgisayarı açtığımda ilk olarak Apple logosu çıkmadı daha sonra şarja taktığımda açıldı. Şa,bataryasında sıkıntı var kutuyu açtıktan sonra bilgisayarı açtığımda ilk olarak apple logosu çıkmadı daha sonra şarja taktığımda açıldı,batarya,notr
Cihaz kusurlu çıktı. Bataryasında sıkıntı var kutuyu açtıktan sonra bilgisayarı açtığımda ilk olarak Apple logosu çıkmadı daha sonra şarja taktığımda açıldı. Şa,bataryasında sıkıntı var kutuyu açtıktan sonra bilgisayarı açtığımda ilk olarak apple logosu çıkmadı daha sonra şarja taktığımda açıldı,ambalaj,notr
Ürünü aldım pil sorunu verdi.şu an servise verdim laptopu.ilk defabilgisayar aldım trendyoldan çok üzüldüm ilk günden servise gitmesine bilgisayarımın.yetkili s,ürünü aldım pil sorunu verdi,fiyat,notr
Ürünü aldım pil sorunu verdi.şu an servise verdim laptopu.ilk defabilgisayar aldım trendyoldan çok üzüldüm ilk günden servise gitmesine bilgisayarımın.yetkili s,ürünü aldım pil sorunu verdi,batarya,notr
Ürünü aldım pil sorunu verdi.şu an servise verdim laptopu.ilk defabilgisayar aldım trendyoldan çok üzüldüm ilk günden servise gitmesine bilgisayarımın.yetkili s,şu an servise verdim laptopu,genel,notr
Ürünü aldım pil sorunu verdi.şu an servise verdim laptopu.ilk defabilgisayar aldım trendyoldan çok üzüldüm ilk günden servise gitmesine bilgisayarımın.yetkili s,ilk defabilgisayar aldım trendyoldan çok üzüldüm ilk günden servise gitmesine bilgisayarımın,fiyat,notr
"Ürünü değişim için iade ettim. Şarjı %1 de kalıyordu sürekli, ürünün garantisini sorgulattım 50 gün kaldığını öğrendim. Yani ürün sorunluydu ben de değişime gön",ürünü değişim için iade ettim,genel,negatif
"Ürünü değişim için iade ettim. Şarjı %1 de kalıyordu sürekli, ürünün garantisini sorgulattım 50 gün kaldığını öğrendim. Yani ürün sorunluydu ben de değişime gön","şarjı 1 de kalıyordu sürekli, ürünün garantisini sorgulattım 50 gün kaldığını öğrendim",batarya,notr
"Ürünü değişim için iade ettim. Şarjı %1 de kalıyordu sürekli, ürünün garantisini sorgulattım 50 gün kaldığını öğrendim. Yani ürün sorunluydu ben de değişime gön",yani ürün sorunluydu ben de değişime gön,genel,negatif
Kargom bugün geldi fakat pil servis öneriliyor olarak gözüküyor ve şarj olmuyor,kargom bugün geldi,kargo,notr
Kargom bugün geldi fakat pil servis öneriliyor olarak gözüküyor ve şarj olmuyor,pil servis öneriliyor olarak gözüküyor ve şarj olmuyor,batarya,negatif
Ürün bozuk geldi iade aldılar ama pili vs bozuk geldi görmeden almayın buradan 2020 çıkışlı alıp stoğa koymuşlar garantisi de bitmek üzere  geldi,ürün bozuk geldi iade aldılar,kargo,negatif
Ürün bozuk geldi iade aldılar ama pili vs bozuk geldi görmeden almayın buradan 2020 çıkışlı alıp stoğa koymuşlar garantisi de bitmek üzere  geldi,pili vs bozuk geldi görmeden almayın buradan 2020 çıkışlı alıp stoğa koymuşlar garantisi de bitmek üzere geldi,kargo,negatif
Ürün bozuk geldi iade aldılar ama pili vs bozuk geldi görmeden almayın buradan 2020 çıkışlı alıp stoğa koymuşlar garantisi de bitmek üzere  geldi,pili vs bozuk geldi görmeden almayın buradan 2020 çıkışlı alıp stoğa koymuşlar garantisi de bitmek üzere geldi,batarya,negatif
Ürün bataryası arızalı çıktı. Bilgisayar şarj olmuyor. Depoda yıllardır durmaktan sanırım batarya ölmüş. Firmaya gönderdim değişim için. Fakat firma bana açılmı,ürün bataryası arızalı çıktı,batarya,negatif
Ürün bataryası arızalı çıktı. Bilgisayar şarj olmuyor. Depoda yıllardır durmaktan sanırım batarya ölmüş. Firmaya gönderdim değişim için. Fakat firma bana açılmı,bilgisayar şarj olmuyor,batarya,negatif
Ürün bataryası arızalı çıktı. Bilgisayar şarj olmuyor. Depoda yıllardır durmaktan sanırım batarya ölmüş. Firmaya gönderdim değişim için. Fakat firma bana açılmı,depoda yıllardır durmaktan sanırım batarya ölmüş,batarya,notr
"17.11.2024 tarihinde satın aldığım cihaz teslim edildiği gün pil servisi gerekiyor şeklinde uyarı verdi, apple desteğe götürdüm cihazın 2023te satın alındığını","2024 tarihinde satın aldığım cihaz teslim edildiği gün pil servisi gerekiyor şeklinde uyarı verdi, apple desteğe götürdüm cihazın 2023te satın alındığını",kargo,notr
"17.11.2024 tarihinde satın aldığım cihaz teslim edildiği gün pil servisi gerekiyor şeklinde uyarı verdi, apple desteğe götürdüm cihazın 2023te satın alındığını","2024 tarihinde satın aldığım cihaz teslim edildiği gün pil servisi gerekiyor şeklinde uyarı verdi, apple desteğe götürdüm cihazın 2023te satın alındığını",batarya,notr
Beklemekten pil ömrü dolmuş pil şarj etmiyor görseldeki gibi uyarı veriyor. Ayrıca garantisi 1 ay kalmış nasıl olabiliyor böyle bir şey inanamıyorun. İade için,beklemekten pil ömrü dolmuş pil şarj etmiyor görseldeki gibi uyarı veriyor,batarya,notr
Asla tavsiye etmiyorum. Pil uyarısı verdiğini yorumlarda gördüm ancak trendyola güvendim. Garanti destek süresi aralık2024 te bitecek gözüküyor. Ben ekim 2024 t,pil uyarısı verdiğini yorumlarda gördüm,batarya,notr
Bataryası bozuk bilgisayar satıyosunuz.O kadar para verip alıyoruz.Şarj olmuyo iade🥹,bataryası bozuk bilgisayar satıyosunuz,batarya,negatif
Bataryası bozuk bilgisayar satıyosunuz.O kadar para verip alıyoruz.Şarj olmuyo iade🥹,o kadar para verip alıyoruz,fiyat,notr
Bataryası bozuk bilgisayar satıyosunuz.O kadar para verip alıyoruz.Şarj olmuyo iade🥹,şarj olmuyo iade,batarya,notr
garanti süresi 1 yıl geriden başlamış satıcı uyarmadı. sorunu apple ile çözmeye çalışıyorum. tavsiye etmem,garanti süresi 1 yıl geriden başlamış satıcı uyarmadı. sorunu apple ile çözmeye çalışıyorum. tavsiye etmem,genel,notr
Ürünü çok beğenerek aldım ancak ürün servis hatalı çıktı. Trendyol kendi ürünün arkasında durmuyor. değişime gönderdim değişim için marka ile benim görüşmemi be,ürünü çok beğenerek aldım,fiyat,notr
Ürünü çok beğenerek aldım ancak ürün servis hatalı çıktı. Trendyol kendi ürünün arkasında durmuyor. değişime gönderdim değişim için marka ile benim görüşmemi be,ürün servis hatalı çıktı,genel,negatif
Ürünü çok beğenerek aldım ancak ürün servis hatalı çıktı. Trendyol kendi ürünün arkasında durmuyor. değişime gönderdim değişim için marka ile benim görüşmemi be,trendyol kendi ürünün arkasında durmuyor,genel,notr
Ürün elime ulaştı pil durumuyla ilgili servis öneriliyor diyor ve Trendyol bu konuda gerekli ilgiyi göstermiyor,ürün elime ulaştı pil durumuyla ilgili servis öneriliyor diyor ve trendyol bu konuda gerekli ilgiyi göstermiyor,kargo,pozitif
Ürün elime ulaştı pil durumuyla ilgili servis öneriliyor diyor ve Trendyol bu konuda gerekli ilgiyi göstermiyor,ürün elime ulaştı pil durumuyla ilgili servis öneriliyor diyor ve trendyol bu konuda gerekli ilgiyi göstermiyor,batarya,pozitif
"Websinial satıcısından aldigim Macbook 13” hasarlı olarak, faturasinin farkli adrese gönderilmesini ozellikle secmeme ragmen hasarli, yarı açılmış halde teslim","websinial satıcısından aldigim macbook 13 hasarlı olarak, faturasinin farkli adrese gönderilmesini ozellikle secmeme ragmen hasarli, yarı açılmış halde teslim",kargo,notr
Garanti süresi iki yıl demesine rağmen garantisi 6ay sonra biten ürünü göndermişler bu da demektir ki ürün kullanılmış ve paket geldiğinde ilk ben açmış olmama,garanti süresi iki yıl demesine rağmen garantisi 6ay sonra biten ürünü göndermişler bu da demektir ki ürün kullanılmış ve paket geldiğinde ilk ben açmış olmama,kargo,notr
Garanti süresi iki yıl demesine rağmen garantisi 6ay sonra biten ürünü göndermişler bu da demektir ki ürün kullanılmış ve paket geldiğinde ilk ben açmış olmama,garanti süresi iki yıl demesine rağmen garantisi 6ay sonra biten ürünü göndermişler bu da demektir ki ürün kullanılmış ve paket geldiğinde ilk ben açmış olmama,ambalaj,notr
bilgisayar bozuk geldi şarj olmuyor sürekli yüzde 1 de ve Trendyol değişim yapmıyor stok da olmasına rağmen diyorlar ki iade yapın çünkü benim aldığım ürün 2700,bilgisayar bozuk geldi şarj olmuyor sürekli yüzde 1 de ve trendyol değişim yapmıyor stok da olmasına rağmen diyorlar ki iade yapın çünkü benim aldığım ürün 2700,kargo,negatif
bilgisayar bozuk geldi şarj olmuyor sürekli yüzde 1 de ve Trendyol değişim yapmıyor stok da olmasına rağmen diyorlar ki iade yapın çünkü benim aldığım ürün 2700,bilgisayar bozuk geldi şarj olmuyor sürekli yüzde 1 de ve trendyol değişim yapmıyor stok da olmasına rağmen diyorlar ki iade yapın çünkü benim aldığım ürün 2700,kalite,negatif
bilgisayar bozuk geldi şarj olmuyor sürekli yüzde 1 de ve Trendyol değişim yapmıyor stok da olmasına rağmen diyorlar ki iade yapın çünkü benim aldığım ürün 2700,bilgisayar bozuk geldi şarj olmuyor sürekli yüzde 1 de ve trendyol değişim yapmıyor stok da olmasına rağmen diyorlar ki iade yapın çünkü benim aldığım ürün 2700,batarya,negatif
2024 Eylül ayında aldım ama garantisi 2026 ocakta bitiyor yani 2 yıl değil garantisi mesaj atmaya çalışıyorum başka satıcıya yönlendiriliyorum size mesaj bile a,2024 eylül ayında aldım,fiyat,notr
2024 Eylül ayında aldım ama garantisi 2026 ocakta bitiyor yani 2 yıl değil garantisi mesaj atmaya çalışıyorum başka satıcıya yönlendiriliyorum size mesaj bile a,garantisi 2026 ocakta bitiyor yani 2 yıl değil garantisi mesaj atmaya çalışıyorum başka satıcıya yönlendiriliyorum size mesaj bile a,batarya,negatif
Şarj olmuyor bataryası bitik geldi üstünde çizikler ve parmak izleri vardı almayın,şarj olmuyor bataryası bitik geldi üstünde çizikler ve parmak izleri vardı almayın,kargo,negatif
Şarj olmuyor bataryası bitik geldi üstünde çizikler ve parmak izleri vardı almayın,şarj olmuyor bataryası bitik geldi üstünde çizikler ve parmak izleri vardı almayın,batarya,negatif
Gelen cihaz sıfır olmasına rağmen şarj almıyor. Kusurlu ürün olarak iade etmek istediğimde değişim-iade-onarım-kullanıcı hatası olarak 4 farklı sonuç ile karşıl,gelen cihaz sıfır olmasına rağmen şarj almıyor,batarya,notr
Gelen cihaz sıfır olmasına rağmen şarj almıyor. Kusurlu ürün olarak iade etmek istediğimde değişim-iade-onarım-kullanıcı hatası olarak 4 farklı sonuç ile karşıl,kusurlu ürün olarak iade etmek istediğimde değişim-iade-onarım-kullanıcı hatası olarak 4 farklı sonuç ile karşıl,genel,notr
Ürün arızalı çıktı bataryası ölmüş iki yıl garantili diyor ama servise götürdüğümde 5 aylık bir garantisi vardı.yani ürünü trendyol aldığı için mevcut garanti s,ürün arızalı çıktı bataryası ölmüş iki yıl garantili diyor,batarya,negatif
Ürün arızalı çıktı bataryası ölmüş iki yıl garantili diyor ama servise götürdüğümde 5 aylık bir garantisi vardı.yani ürünü trendyol aldığı için mevcut garanti s,yani ürünü trendyol aldığı için mevcut garanti s,genel,notr
Bilgisayarı trendyol satıcısından aldım. Şaka gibi bataryası olmuyor. Şarjdan çıkardığım an kapanıyor. Servise götüreceğim şimdi 1 günlük bilgisayarımı. Trendyo,bilgisayarı trendyol satıcısından aldım,fiyat,notr
Bilgisayarı trendyol satıcısından aldım. Şaka gibi bataryası olmuyor. Şarjdan çıkardığım an kapanıyor. Servise götüreceğim şimdi 1 günlük bilgisayarımı. Trendyo,şaka gibi bataryası olmuyor,batarya,negatif
Bilgisayarı trendyol satıcısından aldım. Şaka gibi bataryası olmuyor. Şarjdan çıkardığım an kapanıyor. Servise götüreceğim şimdi 1 günlük bilgisayarımı. Trendyo,şarjdan çıkardığım an kapanıyor,batarya,negatif
Hayatımda ilk defa satın aldığım ürüne değerlendirme yazıyorum resmen fiyasko. 15.11.2024 tarihinde elime ulaşan mac m1 kurulum sonrası şarj almadığını %1 de ta,hayatımda ilk defa satın aldığım ürüne değerlendirme yazıyorum resmen fiyasko,genel,notr
Hayatımda ilk defa satın aldığım ürüne değerlendirme yazıyorum resmen fiyasko. 15.11.2024 tarihinde elime ulaşan mac m1 kurulum sonrası şarj almadığını %1 de ta,2024 tarihinde elime ulaşan mac m1 kurulum sonrası şarj almadığını 1 de ta,batarya,notr
Yeni aldım ama şarj etmiyor çok üzüldüm destek bekliyorum daha 1 günlük aldığım bir şey nasıl şarj olmuyor servise gidin pil eski diyor eski bir şey mi aldım:(,yeni aldım,fiyat,notr
Yeni aldım ama şarj etmiyor çok üzüldüm destek bekliyorum daha 1 günlük aldığım bir şey nasıl şarj olmuyor servise gidin pil eski diyor eski bir şey mi aldım:(,şarj etmiyor çok üzüldüm destek bekliyorum daha 1 günlük aldığım bir şey nasıl şarj olmuyor servise gidin pil eski diyor eski bir şey mi aldım:,fiyat,negatif
Yeni aldım ama şarj etmiyor çok üzüldüm destek bekliyorum daha 1 günlük aldığım bir şey nasıl şarj olmuyor servise gidin pil eski diyor eski bir şey mi aldım:(,şarj etmiyor çok üzüldüm destek bekliyorum daha 1 günlük aldığım bir şey nasıl şarj olmuyor servise gidin pil eski diyor eski bir şey mi aldım:,batarya,negatif
"Ürün kusurlu geldi. Ürünün alt kısmı yamuk olduğu için masada düz durmuyor. Sağ hoparlörü yüksek seslerde cızırtı yapıyor. Satıcı ""TRENDYOL"" ile iletişime geçti",ürün kusurlu geldi,kargo,notr
"Ürün kusurlu geldi. Ürünün alt kısmı yamuk olduğu için masada düz durmuyor. Sağ hoparlörü yüksek seslerde cızırtı yapıyor. Satıcı ""TRENDYOL"" ile iletişime geçti",ürünün alt kısmı yamuk olduğu için masada düz durmuyor,genel,notr
"Ürün kusurlu geldi. Ürünün alt kısmı yamuk olduğu için masada düz durmuyor. Sağ hoparlörü yüksek seslerde cızırtı yapıyor. Satıcı ""TRENDYOL"" ile iletişime geçti",sağ hoparlörü yüksek seslerde cızırtı yapıyor,kalite,notr
"Ürün kusurlu geldi. Ürünün alt kısmı yamuk olduğu için masada düz durmuyor. Sağ hoparlörü yüksek seslerde cızırtı yapıyor. Satıcı ""TRENDYOL"" ile iletişime geçti",sağ hoparlörü yüksek seslerde cızırtı yapıyor,ses_goruntu,notr
"Tam bir hayalkırıklığı oldu. Aldığımız MacBook bilgisayarı açtık şarj etmek istedik, ancak %1 de sabit duruyor yani şarj olmuyor ve “pil servis uyarısı” veriyor","aldığımız macbook bilgisayarı açtık şarj etmek istedik,",batarya,notr
"Tam bir hayalkırıklığı oldu. Aldığımız MacBook bilgisayarı açtık şarj etmek istedik, ancak %1 de sabit duruyor yani şarj olmuyor ve “pil servis uyarısı” veriyor",1 de sabit duruyor yani şarj olmuyor ve pil servis uyarısı veriyor,batarya,negatif
Almayın arkadaşlar paramla rezil oldum resmen ürün geldi şarjı %1 takılı kalıyor fişten çektiğim anda kapanıyor iade bile değil değilim istedim herkeste olduğu,almayın arkadaşlar paramla rezil oldum resmen ürün geldi şarjı 1 takılı kalıyor fişten çektiğim anda kapanıyor iade bile değil değilim istedim herkeste olduğu,kargo,negatif
Almayın arkadaşlar paramla rezil oldum resmen ürün geldi şarjı %1 takılı kalıyor fişten çektiğim anda kapanıyor iade bile değil değilim istedim herkeste olduğu,almayın arkadaşlar paramla rezil oldum resmen ürün geldi şarjı 1 takılı kalıyor fişten çektiğim anda kapanıyor iade bile değil değilim istedim herkeste olduğu,fiyat,negatif
Almayın arkadaşlar paramla rezil oldum resmen ürün geldi şarjı %1 takılı kalıyor fişten çektiğim anda kapanıyor iade bile değil değilim istedim herkeste olduğu,almayın arkadaşlar paramla rezil oldum resmen ürün geldi şarjı 1 takılı kalıyor fişten çektiğim anda kapanıyor iade bile değil değilim istedim herkeste olduğu,batarya,negatif
Ürün hiçbir şekilde şarj olmuyor kusurlu ürün gönderildi,ürün hiçbir şekilde şarj olmuyor kusurlu ürün gönderildi,kargo,negatif
Ürün hiçbir şekilde şarj olmuyor kusurlu ürün gönderildi,ürün hiçbir şekilde şarj olmuyor kusurlu ürün gönderildi,batarya,negatif
08.08.2023 tarihinde aldığım cihaz 02.02.2023 tarihibde garanti süresi başlamıştır. Bu konuyla ilgili ilgilenmenizi rica ederim.,2023 tarihinde aldığım cihaz 02,genel,notr
şimdilik ofis kullanımı için aldık ve sorunsuz gidiyor. daha önce apple PC kullanmamış olmama rağmen kolay entegre oldum. fakat garantisi 6 Ay önce başlamış ve,şimdilik ofis kullanımı için aldık ve sorunsuz gidiyor. daha önce apple pc kullanmamış olmama rağmen kolay entegre oldum. fakat garantisi 6 ay önce başlamış ve,genel,pozitif
"Oyun oynamak ve iş yapmak istiyorsanız ikisini bir arada yapabileceğiniz bir makine kesinlikle değil arkadaşlar, ben şahsen tıkandım sizin farklı arzularınız ol","oyun oynamak ve iş yapmak istiyorsanız ikisini bir arada yapabileceğiniz bir makine kesinlikle değil arkadaşlar, ben şahsen tıkandım sizin farklı arzularınız ol",genel,negatif
paketleme güzel değildi. üzerinde kırılır ibaresi bile yoktu. pat patlı poşet yoktu.,paketleme güzel değildi,ambalaj,negatif
paketleme güzel değildi. üzerinde kırılır ibaresi bile yoktu. pat patlı poşet yoktu.,pat patlı poşet yoktu,ambalaj,negatif
Güzel ürün zaten apple,güzel ürün zaten apple,genel,pozitif
macbook güzel geldi tenk yu,macbook güzel geldi tenk yu,kargo,pozitif
orjinalliğinden şüphe etmiştim ama trendyol orjinal olduğunu söyledi teşekkürler,orjinalliğinden şüphe etmiştim ama trendyol orjinal olduğunu söyledi teşekkürler,genel,notr
Eh işte iyi buna şükür,eh işte iyi buna şükür,genel,pozitif
İşletim sisteminden dolayı birçok uygulama yüklenmiyor. Bunu göz önünde bulundurun…,işletim sisteminden dolayı birçok uygulama yüklenmiyor. bunu göz önünde bulundurun,genel,notr
"ürün geldi. Şarja takınca sadece pil % 1 gösteriyor.  Pil şarj olmuyor, servis öneriliyor ibaresi var.",ürün geldi,kargo,notr
"ürün geldi. Şarja takınca sadece pil % 1 gösteriyor.  Pil şarj olmuyor, servis öneriliyor ibaresi var.",şarja takınca sadece pil 1 gösteriyor,batarya,notr
"ürün geldi. Şarja takınca sadece pil % 1 gösteriyor.  Pil şarj olmuyor, servis öneriliyor ibaresi var.","pil şarj olmuyor, servis öneriliyor ibaresi var",batarya,negatif
ürün sarz olmuyor sadece fiste iken çalışıyor ama sarz olmuyor yeni aldigimiz makinayi servis e götürüp zaman kaybedecegiz acil yetistirmem gereken bir iş var n,ürün sarz olmuyor sadece fiste iken çalışıyor,genel,negatif
uzay grisi sipariş ettim ancak pembe tarzında bir renk geldi ne alakaysa,pembe tarzında bir renk geldi ne alakaysa,kargo,notr
uzay grisi sipariş ettim ancak pembe tarzında bir renk geldi ne alakaysa,pembe tarzında bir renk geldi ne alakaysa,ses_goruntu,notr
ürün elime ulasti fakat şarj olmuyor %1 geçmiyor sorun nedir acaba en kısa sürede cevap bekliyorum bozuksa iade edecegim,ürün elime ulasti,genel,notr
ürün elime ulasti fakat şarj olmuyor %1 geçmiyor sorun nedir acaba en kısa sürede cevap bekliyorum bozuksa iade edecegim,şarj olmuyor 1 geçmiyor sorun nedir acaba en kısa sürede cevap bekliyorum bozuksa iade edecegim,batarya,negatif
ürün hafif çizik geldi indirim ve kuponla çok uygun fiyata aldığım icin iade etmedim,ürün hafif çizik geldi indirim ve kuponla çok uygun fiyata aldığım icin iade etmedim,kargo,notr
ürün hafif çizik geldi indirim ve kuponla çok uygun fiyata aldığım icin iade etmedim,ürün hafif çizik geldi indirim ve kuponla çok uygun fiyata aldığım icin iade etmedim,fiyat,notr
batarya bozuk geldi servise gönderdim,batarya bozuk geldi servise gönderdim,kargo,negatif
batarya bozuk geldi servise gönderdim,batarya bozuk geldi servise gönderdim,batarya,negatif
sıkıntı yok sadece kutuyu açtıktan sonra garanti suresini kontrol edin,sıkıntı yok sadece kutuyu açtıktan sonra garanti suresini kontrol edin,ambalaj,negatif
ürün yamuk geldi,ürün yamuk geldi,kargo,notr
kızım için aldım üç günde elimize ulaştı  emeği geçen herkese teşekkür ediyorum. şimdilik memnunuz kullandıkça da memnun kalırız umarım.,kızım için aldım üç günde elimize ulaştı emeği geçen herkese teşekkür ediyorum,kargo,negatif
kızım için aldım üç günde elimize ulaştı  emeği geçen herkese teşekkür ediyorum. şimdilik memnunuz kullandıkça da memnun kalırız umarım.,kızım için aldım üç günde elimize ulaştı emeği geçen herkese teşekkür ediyorum,fiyat,negatif
"Gayet kullanışlı. Üni öğrencisiyim aynı zamanda online eğitimlerim var, onlar için çok yeterlii küçük ve güzell","gayet kullanışlı. üni öğrencisiyim aynı zamanda online eğitimlerim var, onlar için çok yeterlii küçük ve güzell",genel,pozitif
"Yaklaşık 20 yıldır telefonumdan bilgisayara Apple kullanıyorum. Asla vazgeçmem, mükemmel ürün 👍🏻💯💯",yaklaşık 20 yıldır telefonumdan bilgisayara apple kullanıyorum,genel,notr
"Yaklaşık 20 yıldır telefonumdan bilgisayara Apple kullanıyorum. Asla vazgeçmem, mükemmel ürün 👍🏻💯💯","asla vazgeçmem, mükemmel ürün",genel,negatif
tamda istediğimiz gibi geldi teşekkür ediyorum,tamda istediğimiz gibi geldi teşekkür ediyorum,kargo,notr
ürünü kızıma aldım beğendi,ürünü kızıma aldım beğendi,fiyat,notr
Kardeşime aldım beğendi,kardeşime aldım beğendi,fiyat,notr
çok memnunum iyi ki almışım,çok memnunum iyi ki almışım,genel,pozitif
Yeni elime geldi çok güzel paketleme saglam ve özenli teşekkür ler trendyol,yeni elime geldi çok güzel paketleme saglam ve özenli teşekkür ler trendyol,kargo,pozitif
Yeni elime geldi çok güzel paketleme saglam ve özenli teşekkür ler trendyol,yeni elime geldi çok güzel paketleme saglam ve özenli teşekkür ler trendyol,ambalaj,pozitif
ürün güzel sevdim şarjı uzun süreli,ürün güzel sevdim şarjı uzun süreli,batarya,pozitif
Ürün güzeldi paketleme sağlam ve güvenilir geldi,ürün güzeldi paketleme sağlam ve güvenilir geldi,kargo,pozitif
Ürün güzeldi paketleme sağlam ve güvenilir geldi,ürün güzeldi paketleme sağlam ve güvenilir geldi,ambalaj,pozitif
Gayet güzel oğluma aldım,gayet güzel oğluma aldım,fiyat,pozitif
Ürün elime ulaştı hemen kurulumunu yaptım. Baya beğendim. Batarya konusunda herkes servis istiyor demişti ben öyle bir sorun yaşamadım. Ama garantisi 2 Şubat 20,ürün elime ulaştı hemen kurulumunu yaptım,kargo,notr
Ürün elime ulaştı hemen kurulumunu yaptım. Baya beğendim. Batarya konusunda herkes servis istiyor demişti ben öyle bir sorun yaşamadım. Ama garantisi 2 Şubat 20,batarya konusunda herkes servis istiyor demişti ben öyle bir sorun yaşamadım,batarya,notr
Güzel ama çok küçük oyuncak gibi paketlenmesi falan güzeldi sorunsuz geldi,çok küçük oyuncak gibi paketlenmesi falan güzeldi sorunsuz geldi,kargo,pozitif
Güzel ama çok küçük oyuncak gibi paketlenmesi falan güzeldi sorunsuz geldi,çok küçük oyuncak gibi paketlenmesi falan güzeldi sorunsuz geldi,kalite,pozitif
Güzel ama çok küçük oyuncak gibi paketlenmesi falan güzeldi sorunsuz geldi,çok küçük oyuncak gibi paketlenmesi falan güzeldi sorunsuz geldi,ambalaj,pozitif
Seviyorum merkez. Her zamanki apple rahatlığı ❤️,seviyorum merkez. her zamanki apple rahatlığı,genel,notr
ürün güzel zaten Apple kalitesi güzel,ürün güzel zaten apple kalitesi güzel,kalite,pozitif
Çok iyi bu fiyata,çok iyi bu fiyata,fiyat,pozitif
Hızlı geldi severek kullanıyorum,hızlı geldi severek kullanıyorum,kargo,pozitif
kaliteli ve güzel geldi.,kaliteli ve güzel geldi,kargo,pozitif
kaliteli ve güzel geldi.,kaliteli ve güzel geldi,kalite,pozitif
"16 GB Ram Windows tan 8 GB RAM mac e geçiş yaptım. Oyun için almadım. Cihaz beni çok tatmin etmedi. Bekleme yapıyor, vasat kalıyor. Ama kullanması zevkli bir la",cihaz beni çok tatmin etmedi,genel,notr
"16 GB Ram Windows tan 8 GB RAM mac e geçiş yaptım. Oyun için almadım. Cihaz beni çok tatmin etmedi. Bekleme yapıyor, vasat kalıyor. Ama kullanması zevkli bir la","bekleme yapıyor, vasat kalıyor",kalite,negatif
"Ürün harika, paketlemesi çok iyi , satıcı çok ilgili , sadece kargo çok geç geldi onun için 4 yıldız veriyorum normalde satıcı ve ürün için hak 5 yıldızdır.","ürün harika, paketlemesi çok iyi , satıcı çok ilgili , sadece kargo çok geç geldi onun için 4 yıldız veriyorum normalde satıcı ve ürün için hak 5 yıldızdır",kargo,pozitif
"Ürün harika, paketlemesi çok iyi , satıcı çok ilgili , sadece kargo çok geç geldi onun için 4 yıldız veriyorum normalde satıcı ve ürün için hak 5 yıldızdır.","ürün harika, paketlemesi çok iyi , satıcı çok ilgili , sadece kargo çok geç geldi onun için 4 yıldız veriyorum normalde satıcı ve ürün için hak 5 yıldızdır",ambalaj,pozitif
"hizlı ve özenli geldi , tesekkürler","hizlı ve özenli geldi , tesekkürler",kargo,notr
İstediğim bilgisayardı iyi garantisine bakıp yorumu tekrar güncelleyeceğim,istediğim bilgisayardı iyi garantisine bakıp yorumu tekrar güncelleyeceğim,genel,pozitif
Bana geldiğinde hiç sarjı yoktu ürün önce açılmadı sonradan açıldı kargolama iyiydi,bana geldiğinde hiç sarjı yoktu ürün önce açılmadı sonradan açıldı kargolama iyiydi,kargo,pozitif
Bana geldiğinde hiç sarjı yoktu ürün önce açılmadı sonradan açıldı kargolama iyiydi,bana geldiğinde hiç sarjı yoktu ürün önce açılmadı sonradan açıldı kargolama iyiydi,batarya,pozitif
Bana geldiğinde hiç sarjı yoktu ürün önce açılmadı sonradan açıldı kargolama iyiydi,bana geldiğinde hiç sarjı yoktu ürün önce açılmadı sonradan açıldı kargolama iyiydi,ambalaj,pozitif
Sıkıntısız geldi orjinal ürün,sıkıntısız geldi orjinal ürün,kargo,notr
apple kalitesi,apple kalitesi,kalite,notr
Mümkünse daha fazla RAM i olan bir modelini tercih edin işlemcisi ihtiyacınızın fazlasını karşılayacaktır ancak RAM su gibi bitiyor. Pil ve ekran performansı ta,ram su gibi bitiyor,batarya,notr
Mümkünse daha fazla RAM i olan bir modelini tercih edin işlemcisi ihtiyacınızın fazlasını karşılayacaktır ancak RAM su gibi bitiyor. Pil ve ekran performansı ta,pil ve ekran performansı ta,batarya,notr
Mümkünse daha fazla RAM i olan bir modelini tercih edin işlemcisi ihtiyacınızın fazlasını karşılayacaktır ancak RAM su gibi bitiyor. Pil ve ekran performansı ta,pil ve ekran performansı ta,ses_goruntu,notr
Çok hafif inanılmaz. Teşekkürler Trendyol,çok hafif inanılmaz. teşekkürler trendyol,genel,notr
Şimdilik bir sorun yok çok şükür,şimdilik bir sorun yok çok şükür,genel,negatif
"tek sıkıntı garanti süremi erkenden başlatmışlar, onun dışında sağlam geldi","tek sıkıntı garanti süremi erkenden başlatmışlar, onun dışında sağlam geldi",kargo,pozitif
Mükemmel  çok iyi,mükemmel çok iyi,genel,pozitif
çok hafif ve zarif,çok hafif ve zarif,genel,notr
Güzel iyi paketleme.,güzel iyi paketleme,ambalaj,pozitif
"Üründe batarya sorunu vardı, ilgili satıcı ile iletişime geçtim ve iade aldılar. Teşekkür ederim","üründe batarya sorunu vardı, ilgili satıcı ile iletişime geçtim ve iade aldılar",batarya,negatif
Sağlam paketleme güvenilir,sağlam paketleme güvenilir,ambalaj,pozitif
Bilgisayar güzel kargoyla ilgili sıkıntı yaşamıştık şikayetimize dönüş yaptılar,bilgisayar güzel kargoyla ilgili sıkıntı yaşamıştık şikayetimize dönüş yaptılar,kargo,pozitif
3 günde geldi gayet iyi apple kalitesi 1 puanı faturasını yollamadıkları için kırdım onun dışında 10/10,3 günde geldi gayet iyi apple kalitesi 1 puanı faturasını yollamadıkları için kırdım onun dışında 10 10,kargo,pozitif
3 günde geldi gayet iyi apple kalitesi 1 puanı faturasını yollamadıkları için kırdım onun dışında 10/10,3 günde geldi gayet iyi apple kalitesi 1 puanı faturasını yollamadıkları için kırdım onun dışında 10 10,kalite,pozitif
"Ürün çok iyi.. sorunsuz ve hızlı ulaştı, teşekkürler.. ancak bu meblağaki bir ürün için fiyata kargo ücreti eklemenizi yadırgadım.. ayrıca ürünün vitrindeki fiy",ürün çok iyi,genel,pozitif
"Ürün çok iyi.. sorunsuz ve hızlı ulaştı, teşekkürler.. ancak bu meblağaki bir ürün için fiyata kargo ücreti eklemenizi yadırgadım.. ayrıca ürünün vitrindeki fiy","sorunsuz ve hızlı ulaştı, teşekkürler",kargo,pozitif
"Ürün çok iyi.. sorunsuz ve hızlı ulaştı, teşekkürler.. ancak bu meblağaki bir ürün için fiyata kargo ücreti eklemenizi yadırgadım.. ayrıca ürünün vitrindeki fiy",bu meblağaki bir ürün için fiyata kargo ücreti eklemenizi yadırgadım,kargo,notr
"Ürün çok iyi.. sorunsuz ve hızlı ulaştı, teşekkürler.. ancak bu meblağaki bir ürün için fiyata kargo ücreti eklemenizi yadırgadım.. ayrıca ürünün vitrindeki fiy",bu meblağaki bir ürün için fiyata kargo ücreti eklemenizi yadırgadım,fiyat,notr
"Ürün çok iyi.. sorunsuz ve hızlı ulaştı, teşekkürler.. ancak bu meblağaki bir ürün için fiyata kargo ücreti eklemenizi yadırgadım.. ayrıca ürünün vitrindeki fiy",ayrıca ürünün vitrindeki fiy,genel,notr
Biraz geç ulaştı elimize ama güzel,biraz geç ulaştı elimize,kargo,negatif
bilgisayar güzel ama  teslim edilme süresi biraz uzun ama ürün kaliteli,teslim edilme süresi biraz uzun,kargo,notr
bilgisayar güzel ama  teslim edilme süresi biraz uzun ama ürün kaliteli,ürün kaliteli,kalite,pozitif
"ben 32kye aldım, ben aldıktan sonra fiyatının düşmesi gerçekten cok sacma. aldığım gün ürün kargolandı fakat kargo firmasi 5 gün sonra elime ulaştırdı, bu durum","ben 32kye aldım, ben aldıktan sonra fiyatının düşmesi gerçekten cok sacma",fiyat,notr
"ben 32kye aldım, ben aldıktan sonra fiyatının düşmesi gerçekten cok sacma. aldığım gün ürün kargolandı fakat kargo firmasi 5 gün sonra elime ulaştırdı, bu durum",aldığım gün ürün kargolandı,kargo,notr
"ben 32kye aldım, ben aldıktan sonra fiyatının düşmesi gerçekten cok sacma. aldığım gün ürün kargolandı fakat kargo firmasi 5 gün sonra elime ulaştırdı, bu durum","kargo firmasi 5 gün sonra elime ulaştırdı, bu durum",kargo,notr
şimdilik güzel görünüyor teşekkürler,şimdilik güzel görünüyor teşekkürler,ses_goruntu,pozitif
Hızlı Kargo,hızlı kargo,kargo,pozitif
Ürün sağlam. Geç geldi,ürün sağlam,genel,pozitif
Ürün sağlam. Geç geldi,geç geldi,kargo,negatif
ÜRÜNÜ ALACAKLAR DİKKAT: Ürünü aldığımda  garanti süresi bitimine 24 değil 16 ay kalmıştı trendyola yazdığımda sorun olmayacağını söylediler (sorun olabilir fatu,ürünü alacaklar dikkat: ürünü aldığımda garanti süresi bitimine 24 değil 16 ay kalmıştı trendyola yazdığımda sorun olmayacağını söylediler sorun olabilir fatu,genel,negatif
Bir sıkıntı olmdı,bir sıkıntı olmdı,genel,notr
"Harika ürün, kargo beklediğimden 1-2 gün geç geldi","harika ürün, kargo beklediğimden 1-2 gün geç geldi",kargo,notr
"Harika ürün, kargo beklediğimden 1-2 gün geç geldi","harika ürün, kargo beklediğimden 1-2 gün geç geldi",kalite,notr
Olması gerekenden sadece 1 gün geç geldi. Onun dışında güzel bir ürün paketleme kargo sağlam şekilde elime ulaştı.,olması gerekenden sadece 1 gün geç geldi,kargo,negatif
Olması gerekenden sadece 1 gün geç geldi. Onun dışında güzel bir ürün paketleme kargo sağlam şekilde elime ulaştı.,onun dışında güzel bir ürün paketleme kargo sağlam şekilde elime ulaştı,kargo,pozitif
Olması gerekenden sadece 1 gün geç geldi. Onun dışında güzel bir ürün paketleme kargo sağlam şekilde elime ulaştı.,onun dışında güzel bir ürün paketleme kargo sağlam şekilde elime ulaştı,ambalaj,pozitif
Ürünü aldıktan kısa süre sonra ciddi bir indirime girdi ve taksit sayısı arttırıldı. Keşke o kampanyaya denk gelseydik.,ürünü aldıktan kısa süre sonra ciddi bir indirime girdi ve taksit sayısı arttırıldı,fiyat,notr
Ürünü aldıktan kısa süre sonra ciddi bir indirime girdi ve taksit sayısı arttırıldı. Keşke o kampanyaya denk gelseydik.,keşke o kampanyaya denk gelseydik,fiyat,notr
Fena değil,fena değil,genel,pozitif
Çok kısa sürede geldi. Garantisi de onaylı. Ancak cihaz sarjdayken kasada elinizi gezdirdiginizde karıncalanma şeklinde elektrik kaçağı yapıyor.,çok kısa sürede geldi,kargo,notr
Çok kısa sürede geldi. Garantisi de onaylı. Ancak cihaz sarjdayken kasada elinizi gezdirdiginizde karıncalanma şeklinde elektrik kaçağı yapıyor.,cihaz sarjdayken kasada elinizi gezdirdiginizde karıncalanma şeklinde elektrik kaçağı yapıyor,kalite,notr
Çok kısa sürede geldi. Garantisi de onaylı. Ancak cihaz sarjdayken kasada elinizi gezdirdiginizde karıncalanma şeklinde elektrik kaçağı yapıyor.,cihaz sarjdayken kasada elinizi gezdirdiginizde karıncalanma şeklinde elektrik kaçağı yapıyor,batarya,notr
"Bu ürünü bir yıl kullandıktan sonra söyleyebilirim ki, ürün gerçekten çok iyi ve satın aldığıma asla pişman olmadım","bu ürünü bir yıl kullandıktan sonra söyleyebilirim ki, ürün gerçekten çok iyi ve satın aldığıma asla pişman olmadım",genel,pozitif
çok güzel bi ürün şiddetle tavsiye ederim.paketlemesi de süperdi..,çok güzel bi ürün şiddetle tavsiye ederim,genel,pozitif
çok güzel bi ürün şiddetle tavsiye ederim.paketlemesi de süperdi..,paketlemesi de süperdi,ambalaj,pozitif
Çok çok güzel torunum için aldım harika spriz oldu çok beğenildi teşekkürler,çok çok güzel torunum için aldım harika spriz oldu çok beğenildi teşekkürler,fiyat,pozitif
Bayıldımm çok rahat ve çok kullanışlı,bayıldımm çok rahat ve çok kullanışlı,genel,pozitif
Apple kaliteli tabiki tartışılmaz severek kullanıyorum:),apple kaliteli tabiki tartışılmaz severek kullanıyorum:,kalite,pozitif
BİLGİSİYARA GÜZLİLK DEFA İNTERNETEN CESARET EDİP ALDIM MEMNUNUM,bilgisiyara güzlilk defa interneten cesaret edip aldım memnunum,fiyat,pozitif
Çok iyi ben telefonumla kolay eşleşmesi için aldım mükemmel benim işimi görüyor,çok iyi ben telefonumla kolay eşleşmesi için aldım mükemmel benim işimi görüyor,fiyat,pozitif
İnanılmaz memnunum iyi ki almışım dediğim şeylerden biri oldu. Paketleme çok güzeldi ve çok hızlı geldi. Teşekkürler Trendyol.,inanılmaz memnunum iyi ki almışım dediğim şeylerden biri oldu,genel,pozitif
İnanılmaz memnunum iyi ki almışım dediğim şeylerden biri oldu. Paketleme çok güzeldi ve çok hızlı geldi. Teşekkürler Trendyol.,paketleme çok güzeldi ve çok hızlı geldi,kargo,pozitif
İnanılmaz memnunum iyi ki almışım dediğim şeylerden biri oldu. Paketleme çok güzeldi ve çok hızlı geldi. Teşekkürler Trendyol.,paketleme çok güzeldi ve çok hızlı geldi,ambalaj,pozitif
çok beğendim o kdr hafif ve güzel ki klavyesi de muhteşem,çok beğendim o kdr hafif ve güzel ki klavyesi de muhteşem,genel,pozitif
Çok güzel bir bilgisayar çok beğendim. İstediğiniz yere çok rahat taşıyabilirsiniz,çok güzel bir bilgisayar çok beğendim. istediğiniz yere çok rahat taşıyabilirsiniz,genel,pozitif
Çok güzel paketlenmiş şekilde geldi çok teşekkür ederim çok beğendim kargo süresi de harikaydı,çok güzel paketlenmiş şekilde geldi çok teşekkür ederim çok beğendim kargo süresi de harikaydı,kargo,pozitif
Çok güzel paketlenmiş şekilde geldi çok teşekkür ederim çok beğendim kargo süresi de harikaydı,çok güzel paketlenmiş şekilde geldi çok teşekkür ederim çok beğendim kargo süresi de harikaydı,ambalaj,pozitif
Çok beğendik ihtiyacı olanı tavsifeye ederim 😊,çok beğendik ihtiyacı olanı tavsifeye ederim,genel,notr
Çok çok iyi sorunsuz ulaştı elime mükemmellll,çok çok iyi sorunsuz ulaştı elime mükemmell,kargo,pozitif
Mükemmel bilgisayar her işimi hallediyor çok hafif . Şarjıda çok uzun gidiyor . Apple kalitesi,şarjıda çok uzun gidiyor,batarya,notr
Mükemmel bilgisayar her işimi hallediyor çok hafif . Şarjıda çok uzun gidiyor . Apple kalitesi,apple kalitesi,kalite,notr
Ürün gayet güzel şarj süresi de çok iyi paketlenmesi de çok özenliydi bayıldım tek kelimeyle 💕,ürün gayet güzel şarj süresi de çok iyi paketlenmesi de çok özenliydi bayıldım tek kelimeyle,batarya,pozitif
Ürün gayet güzel şarj süresi de çok iyi paketlenmesi de çok özenliydi bayıldım tek kelimeyle 💕,ürün gayet güzel şarj süresi de çok iyi paketlenmesi de çok özenliydi bayıldım tek kelimeyle,ambalaj,pozitif
Çok çok güzel çok beğenerek almıştım zaten boyutu diğer bilgisayarlara göre biraz küçük olsa da ben kendime göre yeterli buluyorum çok pratik ve çok güzel,çok çok güzel çok beğenerek almıştım zaten boyutu diğer bilgisayarlara göre biraz küçük olsa da ben kendime göre yeterli buluyorum çok pratik ve çok güzel,genel,pozitif
herşey çok sorunsuz elime ulaştı paketlemesi çok iyiydi herhangi bir sorun yoktu satıcıya teşekkür ederiz,herşey çok sorunsuz elime ulaştı paketlemesi çok iyiydi herhangi bir sorun yoktu satıcıya teşekkür ederiz,kargo,pozitif
herşey çok sorunsuz elime ulaştı paketlemesi çok iyiydi herhangi bir sorun yoktu satıcıya teşekkür ederiz,herşey çok sorunsuz elime ulaştı paketlemesi çok iyiydi herhangi bir sorun yoktu satıcıya teşekkür ederiz,ambalaj,pozitif
Sorunsuz bir şekilde elime ulaştı.Çok güzel ve kullanışlı bir bilgisayar .Ders için aldığımdan şarjı bir hafta gidiyor .Almanızı tavsiye ederim,sorunsuz bir şekilde elime ulaştı,kargo,pozitif
Sorunsuz bir şekilde elime ulaştı.Çok güzel ve kullanışlı bir bilgisayar .Ders için aldığımdan şarjı bir hafta gidiyor .Almanızı tavsiye ederim,ders için aldığımdan şarjı bir hafta gidiyor,batarya,notr
Sorunsuz bir şekilde elime ulaştı.Çok güzel ve kullanışlı bir bilgisayar .Ders için aldığımdan şarjı bir hafta gidiyor .Almanızı tavsiye ederim,almanızı tavsiye ederim,genel,pozitif
Eşim işleri için aldı çok güzel memnun,eşim işleri için aldı çok güzel memnun,genel,pozitif
"Arkadaşlar cidden çok güzel, rengi konusunda silver ile arasında kalmıştım ama iyi ki bu rengi seçmişim","arkadaşlar cidden çok güzel, rengi konusunda silver ile arasında kalmıştım ama iyi ki bu rengi seçmişim",genel,pozitif
güzel ve sorunsuz. Tavsiye ederim.,tavsiye ederim,genel,pozitif
Uzun süre Pro kullandım çok memnundum  MacBook ömürlük bilgisayar ve sorunsuz teslim aldım,uzun süre pro kullandım çok memnundum macbook ömürlük bilgisayar ve sorunsuz teslim aldım,kargo,pozitif
Uzun süre Pro kullandım çok memnundum  MacBook ömürlük bilgisayar ve sorunsuz teslim aldım,uzun süre pro kullandım çok memnundum macbook ömürlük bilgisayar ve sorunsuz teslim aldım,fiyat,pozitif
Üründen aşırı derecede memnunum şarjı çok uzun süre gidiyor ayrıca çok konforlu taşıması çok kolay,üründen aşırı derecede memnunum şarjı çok uzun süre gidiyor ayrıca çok konforlu taşıması çok kolay,kargo,pozitif
Üründen aşırı derecede memnunum şarjı çok uzun süre gidiyor ayrıca çok konforlu taşıması çok kolay,üründen aşırı derecede memnunum şarjı çok uzun süre gidiyor ayrıca çok konforlu taşıması çok kolay,batarya,pozitif
Kardeşime almıştım . Yüksek lisans öğrencisi . Beğendi . Sorun çıkmadı . Teşekkürler . Ekonomik durumu kısıtlı olanlar hala bu modeli düşünebilir . Bence çok gü,ekonomik durumu kısıtlı olanlar hala bu modeli düşünebilir,fiyat,notr
Mükemmel bir şey okul için kullanacağım,mükemmel bir şey okul için kullanacağım,genel,pozitif
Mükemmel görselin aynısı paket leme çok iyi,mükemmel görselin aynısı paket leme çok iyi,ambalaj,pozitif
cok güzel kardeşime hediye aldım çok mutlu oldu,cok güzel kardeşime hediye aldım çok mutlu oldu,fiyat,pozitif
Çok kibar çok güzel ürün. Yazılım öğrencisi olarak almak istedim. Ve konu hakkında gerçekten çok araştırma yaptım. En iyi tercih bu olacak gibi olduğundan Mac a,çok kibar çok güzel ürün,genel,pozitif
Tam istediğim gibi geldi herkese tavsiye ediyorum,tam istediğim gibi geldi herkese tavsiye ediyorum,kargo,pozitif
Kızıma aldım çok beğendi kalite her zaman farkettiriyor,kızıma aldım çok beğendi kalite her zaman farkettiriyor,kalite,notr
Kızıma aldım çok beğendi kalite her zaman farkettiriyor,kızıma aldım çok beğendi kalite her zaman farkettiriyor,fiyat,notr
"çok beğendim, kesinlikle tavsiye ederim.  şimdilik bir sorun yok gibi geldi çok teşekkür ederim :)","çok beğendim, kesinlikle tavsiye ederim",genel,pozitif
"çok beğendim, kesinlikle tavsiye ederim.  şimdilik bir sorun yok gibi geldi çok teşekkür ederim :)",şimdilik bir sorun yok gibi geldi çok teşekkür ederim :,kargo,negatif
Ürün elime sorunsuz ulaştı satıcı trendyol olarak aldım hiç bir sorun yoktu 4 aydır kullanıyorum memnunum,ürün elime sorunsuz ulaştı satıcı trendyol olarak aldım hiç bir sorun yoktu 4 aydır kullanıyorum memnunum,kargo,pozitif
Ürün elime sorunsuz ulaştı satıcı trendyol olarak aldım hiç bir sorun yoktu 4 aydır kullanıyorum memnunum,ürün elime sorunsuz ulaştı satıcı trendyol olarak aldım hiç bir sorun yoktu 4 aydır kullanıyorum memnunum,fiyat,pozitif
Paketlemesi çok güzeldi. Hiçbir zarar görmemiş. Okul için aldım. Çok güzel.,paketlemesi çok güzeldi,ambalaj,pozitif
Paketlemesi çok güzeldi. Hiçbir zarar görmemiş. Okul için aldım. Çok güzel.,okul için aldım,fiyat,notr
Fiyat performansı memnunum şarjı harika,fiyat performansı memnunum şarjı harika,fiyat,pozitif
Fiyat performansı memnunum şarjı harika,fiyat performansı memnunum şarjı harika,batarya,pozitif
"Çok beğendik ve memnun kaldık inceliği, rengi çok iyi","çok beğendik ve memnun kaldık inceliği, rengi çok iyi",genel,pozitif
Çok hızlı ve sorunsuz bir şekilde elime ulaştı teşekkür ederim,çok hızlı ve sorunsuz bir şekilde elime ulaştı teşekkür ederim,kargo,pozitif
Çok güzel okul işi için aldım,çok güzel okul işi için aldım,fiyat,pozitif
aylardır kullanıyorum şarjı hızlı dolup yavaş bitiyor bilişimci kadar bilemem özelliklerini ama öğrenciler için birebirr,aylardır kullanıyorum şarjı hızlı dolup yavaş bitiyor bilişimci kadar bilemem özelliklerini,batarya,notr
Çok kullanışlı ve benim için yeterli bi bilgisayar okul için ideal ama iş için bilemiyorum,çok kullanışlı ve benim için yeterli bi bilgisayar okul için ideal ama iş için bilemiyorum,genel,pozitif
ürün gayet güzel ve kullanışlı severek kullanıyorum,ürün gayet güzel ve kullanışlı severek kullanıyorum,genel,pozitif
Bu kadar para vererek iyi mi yaptım bilmiyorum ama zaten ihtiyacım vardı olmuşken iyisi olsun dedim. Daha önceki laptop umda macbook tu ilk çıkan serisi Rusya d,bu kadar para vererek iyi mi yaptım bilmiyorum,fiyat,pozitif
Bu kadar para vererek iyi mi yaptım bilmiyorum ama zaten ihtiyacım vardı olmuşken iyisi olsun dedim. Daha önceki laptop umda macbook tu ilk çıkan serisi Rusya d,daha önceki laptop umda macbook tu ilk çıkan serisi rusya d,genel,notr
Sapasağlam sorunsuz hızlı ve güvenli şekilde elime ulaştı çok teşekkürler,sapasağlam sorunsuz hızlı ve güvenli şekilde elime ulaştı çok teşekkürler,kargo,pozitif
kızım için aldım. Çok memnun,kızım için aldım,fiyat,notr
Çok memnunuz sorunsuz,çok memnunuz sorunsuz,genel,pozitif
çok hızlı bir şekilde elime ulaştı çok memnunum,çok hızlı bir şekilde elime ulaştı çok memnunum,kargo,pozitif
Araştırarak aldım.Kullanış açısından telefonumla uyumu açısından kolaylık sağlayacağını düşündüğüm için tercih ettim.,araştırarak aldım,fiyat,notr
Araştırarak aldım.Kullanış açısından telefonumla uyumu açısından kolaylık sağlayacağını düşündüğüm için tercih ettim.,kullanış açısından telefonumla uyumu açısından kolaylık sağlayacağını düşündüğüm için tercih ettim,genel,notr
Bu gün siparişim elime ulaştı. çok memnun kaldım. teşekkür ediyorum.,bu gün siparişim elime ulaştı,kargo,notr
Bu gün siparişim elime ulaştı. çok memnun kaldım. teşekkür ediyorum.,çok memnun kaldım,fiyat,pozitif
Gerçekten çok kullanışlı tasarımına falan bayıldım,gerçekten çok kullanışlı tasarımına falan bayıldım,genel,pozitif
çok hziki geldi çok güzel herkese tavsiye ederim,çok hziki geldi çok güzel herkese tavsiye ederim,kargo,pozitif
Mükemmel ürün efsane hızlı bir kargo 10 saat icinde elimdeydi,mükemmel ürün efsane hızlı bir kargo 10 saat icinde elimdeydi,kargo,pozitif
Çok teşekkürler çok beğendim çok memnun kaldım,çok teşekkürler çok beğendim çok memnun kaldım,fiyat,pozitif
Günlük işlerim için dijital marketing için aldım gayet güzel satıcı da iyi,günlük işlerim için dijital marketing için aldım gayet güzel satıcı da iyi,fiyat,pozitif
"Çok hızlı ulaşdı elime, acelem var oldugunu söyledim hemen gönderdiler sagolsun. Ayrıca satıcı arkadaşımıza’da çok teşekkür ederim benim ile güzel ilğilendiği i","çok hızlı ulaşdı elime, acelem var oldugunu söyledim hemen gönderdiler sagolsun. ayrıca satıcı arkadaşımıza da çok teşekkür ederim benim ile güzel ilğilendiği i",genel,pozitif
ürünü sorgulattım orijinal ürün. Sorunsuz ve çok hızlı geldi teşekkürleerr,ürünü sorgulattım orijinal ürün,genel,notr
ürünü sorgulattım orijinal ürün. Sorunsuz ve çok hızlı geldi teşekkürleerr,sorunsuz ve çok hızlı geldi teşekkürleerr,kargo,pozitif
Çok beğendim sorunsuz teslim edildi👍🏻,çok beğendim sorunsuz teslim edildi,kargo,pozitif
harika sorunsuz ulaştı,harika sorunsuz ulaştı,kargo,pozitif
çok memnun kaldım kargo cok hızlıydı sapasağlam geldi,çok memnun kaldım kargo cok hızlıydı sapasağlam geldi,kargo,pozitif
çok memnun kaldım kargo cok hızlıydı sapasağlam geldi,çok memnun kaldım kargo cok hızlıydı sapasağlam geldi,fiyat,pozitif
Çok güzel cihaz memnunum normalden uygun fiyata aldım,çok güzel cihaz memnunum normalden uygun fiyata aldım,fiyat,pozitif
Çok hızlı geldi çok memnunum,çok hızlı geldi çok memnunum,kargo,pozitif
her zamanki gibi troy kalitesi çok teşekkür ediyorum,her zamanki gibi troy kalitesi çok teşekkür ediyorum,kalite,notr
Hafifliği inceliği ve taşınabilir olması sebebiyle MacBook’a geçiş yaptım gayet memnunum,hafifliği inceliği ve taşınabilir olması sebebiyle macbook a geçiş yaptım gayet memnunum,genel,notr
Bir günde elime ulaştı işletim sistemi ideal ve çok işlevsel bir kullanım aramayanlara yeterli.,bir günde elime ulaştı işletim sistemi ideal ve çok işlevsel bir kullanım aramayanlara yeterli,kargo,pozitif
kizim için aldım çok memnun,kizim için aldım çok memnun,fiyat,notr
çok güzel iyi ki almışım dediğim şeylerden biri deprem bölgesinde olmama rağmen 24 saat geçmeden elime ulaştı teşekkürlerr🫶🏻,çok güzel iyi ki almışım dediğim şeylerden biri deprem bölgesinde olmama rağmen 24 saat geçmeden elime ulaştı teşekkürlerr,kargo,pozitif
Çok seviyorum ürünü çok memnunum,çok seviyorum ürünü çok memnunum,genel,pozitif
"Ürünü 1 aydır kullanıyorum, genel olarak Apple kalitesi belli oluyor. Ekran çözünürlüğü çok kaliteli. İşletim sistemi hızı ofis bilgisayarı standartında çok iyi","ürünü 1 aydır kullanıyorum, genel olarak apple kalitesi belli oluyor",kalite,notr
"Ürünü 1 aydır kullanıyorum, genel olarak Apple kalitesi belli oluyor. Ekran çözünürlüğü çok kaliteli. İşletim sistemi hızı ofis bilgisayarı standartında çok iyi",ekran çözünürlüğü çok kaliteli,kalite,pozitif
"Ürünü 1 aydır kullanıyorum, genel olarak Apple kalitesi belli oluyor. Ekran çözünürlüğü çok kaliteli. İşletim sistemi hızı ofis bilgisayarı standartında çok iyi",ekran çözünürlüğü çok kaliteli,ses_goruntu,pozitif
oğlum için aldım çok memnun,oğlum için aldım çok memnun,fiyat,notr
Çok memnunum. Çok teşekkür ediyorum. 💻🙏🏻,çok memnunum,genel,pozitif
çok beğendim. apple bilgisayar için son derece ekonomik ve kullanışlı bir bilgisayar. bu bilgisayara alışınca diğer laptoplar sarmıyor. çünkü maus kullanmanıza,apple bilgisayar için son derece ekonomik ve kullanışlı bir bilgisayar,fiyat,notr
çok beğendim. apple bilgisayar için son derece ekonomik ve kullanışlı bir bilgisayar. bu bilgisayara alışınca diğer laptoplar sarmıyor. çünkü maus kullanmanıza,bu bilgisayara alışınca diğer laptoplar sarmıyor,genel,notr
"Mükemmel, renk güzel,kargo hızlıydı teşekkürler","mükemmel, renk güzel,kargo hızlıydı teşekkürler",kargo,pozitif
"Mükemmel, renk güzel,kargo hızlıydı teşekkürler","mükemmel, renk güzel,kargo hızlıydı teşekkürler",ses_goruntu,pozitif
gayet güzel bir şekilde elimize geçti.ambalj paketi güzel di,ambalj paketi güzel di,ambalaj,pozitif
MacBook kalitesi harika,macbook kalitesi harika,kalite,pozitif
Sorunsuz bir şekilde elimize ulaştı teşekkürler trendyol,sorunsuz bir şekilde elimize ulaştı teşekkürler trendyol,kargo,pozitif
Mükemmel düşünmeden alın çok güzel bir ürün kendime aldım her şeyi yapabilirsiniz bu macbookta harika,mükemmel düşünmeden alın çok güzel bir ürün kendime aldım her şeyi yapabilirsiniz bu macbookta harika,fiyat,pozitif
Hızlı ve ambalajı sağlam sıkıntısız bir şekilde geldi ve memnunum,hızlı ve ambalajı sağlam sıkıntısız bir şekilde geldi ve memnunum,kargo,pozitif
Hızlı ve ambalajı sağlam sıkıntısız bir şekilde geldi ve memnunum,hızlı ve ambalajı sağlam sıkıntısız bir şekilde geldi ve memnunum,ambalaj,pozitif
yaptığım ilk şey sims yüklemek oldu çok hızlı fan sesi çıkaran 30 kilo eski bilgisayarımdan sonra çok iyi geldi,yaptığım ilk şey sims yüklemek oldu çok hızlı fan sesi çıkaran 30 kilo eski bilgisayarımdan sonra çok iyi geldi,kargo,pozitif
yaptığım ilk şey sims yüklemek oldu çok hızlı fan sesi çıkaran 30 kilo eski bilgisayarımdan sonra çok iyi geldi,yaptığım ilk şey sims yüklemek oldu çok hızlı fan sesi çıkaran 30 kilo eski bilgisayarımdan sonra çok iyi geldi,ses_goruntu,pozitif
Ürünü zaten anlatmaya gerek yok satıcıya da çok teşekkürler paketleme kargo çok iyiydi,ürünü zaten anlatmaya gerek yok satıcıya da çok teşekkürler paketleme kargo çok iyiydi,kargo,pozitif
Ürünü zaten anlatmaya gerek yok satıcıya da çok teşekkürler paketleme kargo çok iyiydi,ürünü zaten anlatmaya gerek yok satıcıya da çok teşekkürler paketleme kargo çok iyiydi,ambalaj,pozitif
Ürün paketlemesi çok güzel ve problemsiz geldi 👍,ürün paketlemesi çok güzel ve problemsiz geldi,kargo,pozitif
Ürün paketlemesi çok güzel ve problemsiz geldi 👍,ürün paketlemesi çok güzel ve problemsiz geldi,ambalaj,pozitif
çok incecik ve çok kullanışlı zamanında teslimat teşekurler,çok incecik ve çok kullanışlı zamanında teslimat teşekurler,kargo,pozitif
Alalı 2 hafta oldu.Şimdilik memnunum.Kullanımı kolay.Korunaklı bir şekilde geldi.Şarjı fulltime kullanmıyorsanız epey uzun süre gidiyor.Isınmıyor ve ses yapmıyo,şimdilik memnunum,genel,pozitif
Alalı 2 hafta oldu.Şimdilik memnunum.Kullanımı kolay.Korunaklı bir şekilde geldi.Şarjı fulltime kullanmıyorsanız epey uzun süre gidiyor.Isınmıyor ve ses yapmıyo,korunaklı bir şekilde geldi,kargo,notr
Alalı 2 hafta oldu.Şimdilik memnunum.Kullanımı kolay.Korunaklı bir şekilde geldi.Şarjı fulltime kullanmıyorsanız epey uzun süre gidiyor.Isınmıyor ve ses yapmıyo,şarjı fulltime kullanmıyorsanız epey uzun süre gidiyor,batarya,notr
Alalı 2 hafta oldu.Şimdilik memnunum.Kullanımı kolay.Korunaklı bir şekilde geldi.Şarjı fulltime kullanmıyorsanız epey uzun süre gidiyor.Isınmıyor ve ses yapmıyo,ısınmıyor ve ses yapmıyo,ses_goruntu,notr
uzun araştırmalar sonucunda bu bilgisayarı almaya karar verdim.çok memnunum...,çok memnunum,genel,pozitif
Kızım ses vs görüntü kalitesinin çok iyi olduğunu söyledi tavsiye ediyoruz 👏😍,kızım ses vs görüntü kalitesinin çok iyi olduğunu söyledi tavsiye ediyoruz,kalite,pozitif
Kızım ses vs görüntü kalitesinin çok iyi olduğunu söyledi tavsiye ediyoruz 👏😍,kızım ses vs görüntü kalitesinin çok iyi olduğunu söyledi tavsiye ediyoruz,ses_goruntu,pozitif
Gayet güvenilir ve uygun fiyatlı aldım 10 aydır kullanıyorum teşekkürler,gayet güvenilir ve uygun fiyatlı aldım 10 aydır kullanıyorum teşekkürler,fiyat,notr
Sorunsuz geldii çok hoşş 🥰,sorunsuz geldii çok hoşş,kargo,pozitif
Paketlemesi çok iyiydi garanti sorgulamasını direkt apple müşteri hizmetleriyle yaptım teşekkürler,paketlemesi çok iyiydi garanti sorgulamasını direkt apple müşteri hizmetleriyle yaptım teşekkürler,ambalaj,pozitif
Elime sorunsuz ulaştı kargo hızlı teşekkürler Trendyol,elime sorunsuz ulaştı kargo hızlı teşekkürler trendyol,kargo,pozitif
Paketlemesini çok iyiydi sorunsuz elime ulaştı çok tereddütt etmiştim.. almayı düşünenler burdan tereddürsüz alabilir kargoda çok hızlıydı. Satıcıya çok teşekkü,paketlemesini çok iyiydi sorunsuz elime ulaştı çok tereddütt etmiştim,kargo,pozitif
Paketlemesini çok iyiydi sorunsuz elime ulaştı çok tereddütt etmiştim.. almayı düşünenler burdan tereddürsüz alabilir kargoda çok hızlıydı. Satıcıya çok teşekkü,paketlemesini çok iyiydi sorunsuz elime ulaştı çok tereddütt etmiştim,ambalaj,pozitif
Paketlemesini çok iyiydi sorunsuz elime ulaştı çok tereddütt etmiştim.. almayı düşünenler burdan tereddürsüz alabilir kargoda çok hızlıydı. Satıcıya çok teşekkü,almayı düşünenler burdan tereddürsüz alabilir kargoda çok hızlıydı,kargo,pozitif
paketleme çok iyiydi. verdiği tarihten de önce geldi. çok memnun kaldım tavsiye ederim,paketleme çok iyiydi,ambalaj,pozitif
paketleme çok iyiydi. verdiği tarihten de önce geldi. çok memnun kaldım tavsiye ederim,verdiği tarihten de önce geldi,kargo,notr
paketleme çok iyiydi. verdiği tarihten de önce geldi. çok memnun kaldım tavsiye ederim,çok memnun kaldım tavsiye ederim,fiyat,pozitif
aşırı güzel apple kalitesini hicbir seye değişmem ben bi sıkıntı yasamadım garanti konusunda vs sadece dizi ve video izlemek icin kullanıyorum,aşırı güzel apple kalitesini hicbir seye değişmem ben bi sıkıntı yasamadım garanti konusunda vs sadece dizi ve video izlemek icin kullanıyorum,kalite,pozitif
aşırı güzel apple kalitesini hicbir seye değişmem ben bi sıkıntı yasamadım garanti konusunda vs sadece dizi ve video izlemek icin kullanıyorum,aşırı güzel apple kalitesini hicbir seye değişmem ben bi sıkıntı yasamadım garanti konusunda vs sadece dizi ve video izlemek icin kullanıyorum,ses_goruntu,pozitif
kısa sürede elime ulaştı çok memnunum,kısa sürede elime ulaştı çok memnunum,kargo,pozitif
çok güzel paketlenmişti 2 günde elimde oldu satıcıya teşekkürler,çok güzel paketlenmişti 2 günde elimde oldu satıcıya teşekkürler,ambalaj,pozitif
Hızlı ve eksiksiz ulaştı teşekkürler,hızlı ve eksiksiz ulaştı teşekkürler,kargo,notr
çok kararsizdim ama yorumlara bakarak aldım uzay grisi rengi tam istediğim gibi geldi,yorumlara bakarak aldım uzay grisi rengi tam istediğim gibi geldi,kargo,pozitif
çok kararsizdim ama yorumlara bakarak aldım uzay grisi rengi tam istediğim gibi geldi,yorumlara bakarak aldım uzay grisi rengi tam istediğim gibi geldi,fiyat,pozitif
apple kalitesi mükemmel şarj kullanım süresi de harika,apple kalitesi mükemmel şarj kullanım süresi de harika,kalite,pozitif
apple kalitesi mükemmel şarj kullanım süresi de harika,apple kalitesi mükemmel şarj kullanım süresi de harika,batarya,pozitif
Gayet güzel bir paketleme ile geldi tercih edebilirsiniz,gayet güzel bir paketleme ile geldi tercih edebilirsiniz,kargo,pozitif
Gayet güzel bir paketleme ile geldi tercih edebilirsiniz,gayet güzel bir paketleme ile geldi tercih edebilirsiniz,ambalaj,pozitif
Çok begendim ince kullanışlı kesinlikle alın kaliteli,çok begendim ince kullanışlı kesinlikle alın kaliteli,kalite,pozitif
Ürün çok iyi paketlenmiş ve kaliteli bir ürün. Zamanında teslimi sağlandı. Rengi çok iyi ben uzay girisi aldım. Çok kullanışlı ve güzel.,ürün çok iyi paketlenmiş ve kaliteli bir ürün,kalite,pozitif
Ürün çok iyi paketlenmiş ve kaliteli bir ürün. Zamanında teslimi sağlandı. Rengi çok iyi ben uzay girisi aldım. Çok kullanışlı ve güzel.,ürün çok iyi paketlenmiş ve kaliteli bir ürün,ambalaj,pozitif
Ürün çok iyi paketlenmiş ve kaliteli bir ürün. Zamanında teslimi sağlandı. Rengi çok iyi ben uzay girisi aldım. Çok kullanışlı ve güzel.,zamanında teslimi sağlandı,kargo,pozitif
Ürün çok iyi paketlenmiş ve kaliteli bir ürün. Zamanında teslimi sağlandı. Rengi çok iyi ben uzay girisi aldım. Çok kullanışlı ve güzel.,rengi çok iyi ben uzay girisi aldım,fiyat,pozitif
"ben ofis ve okul için aldım, özellikle şarjı çok iyi gidiyor","ben ofis ve okul için aldım, özellikle şarjı çok iyi gidiyor",fiyat,pozitif
"ben ofis ve okul için aldım, özellikle şarjı çok iyi gidiyor","ben ofis ve okul için aldım, özellikle şarjı çok iyi gidiyor",batarya,pozitif
Apple kalitesi zaten bildiğimiz bir şey pil saati çok iyi benim gibi ders çalışanlar için sürekli prizde kullanmayıp her yere götürebilmek çok avantaj,apple kalitesi zaten bildiğimiz bir şey pil saati çok iyi benim gibi ders çalışanlar için sürekli prizde kullanmayıp her yere götürebilmek çok avantaj,kalite,pozitif
Apple kalitesi zaten bildiğimiz bir şey pil saati çok iyi benim gibi ders çalışanlar için sürekli prizde kullanmayıp her yere götürebilmek çok avantaj,apple kalitesi zaten bildiğimiz bir şey pil saati çok iyi benim gibi ders çalışanlar için sürekli prizde kullanmayıp her yere götürebilmek çok avantaj,batarya,pozitif
severek kullanıyorum teşekkürlerr,severek kullanıyorum teşekkürlerr,genel,notr
çok kullanışlı kalite çok begendim aşırı iyi,çok kullanışlı kalite çok begendim aşırı iyi,kalite,pozitif
Ürün çok başarılı akademi için çok uygun 💕,ürün çok başarılı akademi için çok uygun,fiyat,pozitif
Kutusunda çok güzel geldi ve orjinal çok teşekkürler trendyol💐,kutusunda çok güzel geldi ve orjinal çok teşekkürler trendyol,kargo,pozitif
Kutusunda çok güzel geldi ve orjinal çok teşekkürler trendyol💐,kutusunda çok güzel geldi ve orjinal çok teşekkürler trendyol,ambalaj,pozitif
Sorunsuz alışveriş. Laptop zaten mükemmel.,laptop zaten mükemmel,genel,pozitif
Ablama doğum günü hediyesi olarak aldım çok mutlu oldu sorunsuz geldi paketleme güzeldi,ablama doğum günü hediyesi olarak aldım çok mutlu oldu sorunsuz geldi paketleme güzeldi,kargo,pozitif
Ablama doğum günü hediyesi olarak aldım çok mutlu oldu sorunsuz geldi paketleme güzeldi,ablama doğum günü hediyesi olarak aldım çok mutlu oldu sorunsuz geldi paketleme güzeldi,fiyat,pozitif
Ablama doğum günü hediyesi olarak aldım çok mutlu oldu sorunsuz geldi paketleme güzeldi,ablama doğum günü hediyesi olarak aldım çok mutlu oldu sorunsuz geldi paketleme güzeldi,ambalaj,pozitif
bayıldım çok güzel uzun zamandır istiyordum çok iyi paketlenmişti hiçbir hasar yoktu bütün belgeleri faturaları içindeydi kurulumu da gayet basitti öğrenciyim y,bayıldım çok güzel uzun zamandır istiyordum çok iyi paketlenmişti hiçbir hasar yoktu bütün belgeleri faturaları içindeydi kurulumu da gayet basitti öğrenciyim y,ambalaj,pozitif
🍏Severek kullanıyoruz.,severek kullanıyoruz.,genel,notr
güzel ürün sorunsuzdu güzel paketlenmisti,güzel ürün sorunsuzdu güzel paketlenmisti,ambalaj,pozitif
Elime sorunsuz ulaştı hızlı kargo ve paketlenmesi çok iyiydi,elime sorunsuz ulaştı hızlı kargo ve paketlenmesi çok iyiydi,kargo,pozitif
Elime sorunsuz ulaştı hızlı kargo ve paketlenmesi çok iyiydi,elime sorunsuz ulaştı hızlı kargo ve paketlenmesi çok iyiydi,ambalaj,pozitif
İlk defa MacBook kullanıyorum. Çok beğendim. Çok hızlı ve Premium hissettiriyor. Paketleme güzeldi. Trendyol finans kart ile peşin fiyatına 9 taksitle aldım. Te,paketleme güzeldi,ambalaj,pozitif
İlk defa MacBook kullanıyorum. Çok beğendim. Çok hızlı ve Premium hissettiriyor. Paketleme güzeldi. Trendyol finans kart ile peşin fiyatına 9 taksitle aldım. Te,trendyol finans kart ile peşin fiyatına 9 taksitle aldım,fiyat,notr
Elime sorunsuz ulaştı paketlemesi de iyiydi teşekkürler,elime sorunsuz ulaştı paketlemesi de iyiydi teşekkürler,kargo,pozitif
Elime sorunsuz ulaştı paketlemesi de iyiydi teşekkürler,elime sorunsuz ulaştı paketlemesi de iyiydi teşekkürler,ambalaj,pozitif
"İlk apple bilgisayarım, piyasada 22k iken 18.5e aldım trendyol satıcısından, orijinal ürün, çok memnunum 🥹","5e aldım trendyol satıcısından, orijinal ürün, çok memnunum",fiyat,pozitif
herkes garantisinde sıkıntı yaşamış ama ben hiçbir şekilde sıkıntı yaşamadım iletişime geçtim çok iyi iletişim vardı kötü yarumlara aksine güzeldi hiçbir  sıkın,herkes garantisinde sıkıntı yaşamış ama ben hiçbir şekilde sıkıntı yaşamadım iletişime geçtim çok iyi iletişim vardı kötü yarumlara aksine güzeldi hiçbir sıkın,genel,pozitif
"Babamın özür hediyesiydi, paketleme iyiydi ürüne zaten diyecek bir şey yok çok güzel.","babamın özür hediyesiydi, paketleme iyiydi ürüne zaten diyecek bir şey yok çok güzel",ambalaj,pozitif
Beğendim satıcının paketlemesi de iyiydi,beğendim satıcının paketlemesi de iyiydi,ambalaj,pozitif
Çok memnunum şarjı uzun gidiyor ve sağlam. Fazla sekmelerde kasma olmuyor AMA microsofta alışmış biri olarak kullanımda çok zorlanıyorum. Touchpadi farklı direk,çok memnunum şarjı uzun gidiyor ve sağlam,batarya,pozitif
Hayatımda aldığım en en doğru karar mac almakkk çok memnunummm,hayatımda aldığım en en doğru karar mac almakk çok memnunumm,genel,pozitif
En uygun buradaydi. Ancak garanti tarihi eylülde almama ragmen 15 mayıs 2025’ti apple müşteri hizmetleri ile görüşerek düzeltme sağladım. Teşekkür ederim.,en uygun buradaydi,fiyat,notr
En uygun buradaydi. Ancak garanti tarihi eylülde almama ragmen 15 mayıs 2025’ti apple müşteri hizmetleri ile görüşerek düzeltme sağladım. Teşekkür ederim.,garanti tarihi eylülde almama ragmen 15 mayıs 2025 ti apple müşteri hizmetleri ile görüşerek düzeltme sağladım,genel,notr
Sorunsuz ve sağlam bir şekilde geldi paketleme gayet güzeldi,sorunsuz ve sağlam bir şekilde geldi paketleme gayet güzeldi,kargo,pozitif
Sorunsuz ve sağlam bir şekilde geldi paketleme gayet güzeldi,sorunsuz ve sağlam bir şekilde geldi paketleme gayet güzeldi,ambalaj,pozitif
Çok iyi oğluma aldım,çok iyi oğluma aldım,fiyat,pozitif
Hasarsız mükemmel paketleme ile geldi,hasarsız mükemmel paketleme ile geldi,kargo,pozitif
Hasarsız mükemmel paketleme ile geldi,hasarsız mükemmel paketleme ile geldi,ambalaj,pozitif
Çok iyi ve kullanışlı bir ürün,çok iyi ve kullanışlı bir ürün,genel,pozitif
O kadar güzel kiii çok memnunumm,o kadar güzel kii çok memnunumm,genel,pozitif
Bayıldımm küçük hafif ses kalitesi görüntü kalitesi harika 💖💖💖 kargo da çok özenli ve hızlıydı,bayıldımm küçük hafif ses kalitesi görüntü kalitesi harika kargo da çok özenli ve hızlıydı,kargo,pozitif
Bayıldımm küçük hafif ses kalitesi görüntü kalitesi harika 💖💖💖 kargo da çok özenli ve hızlıydı,bayıldımm küçük hafif ses kalitesi görüntü kalitesi harika kargo da çok özenli ve hızlıydı,kalite,pozitif
Bayıldımm küçük hafif ses kalitesi görüntü kalitesi harika 💖💖💖 kargo da çok özenli ve hızlıydı,bayıldımm küçük hafif ses kalitesi görüntü kalitesi harika kargo da çok özenli ve hızlıydı,ses_goruntu,pozitif
Ürün gayet güzel ses kalitesi ve şarj durumu özellikle uygulamaları da gayet hızlı açıyor,ürün gayet güzel ses kalitesi ve şarj durumu özellikle uygulamaları da gayet hızlı açıyor,kalite,pozitif
Ürün gayet güzel ses kalitesi ve şarj durumu özellikle uygulamaları da gayet hızlı açıyor,ürün gayet güzel ses kalitesi ve şarj durumu özellikle uygulamaları da gayet hızlı açıyor,batarya,pozitif
Ürün gayet güzel ses kalitesi ve şarj durumu özellikle uygulamaları da gayet hızlı açıyor,ürün gayet güzel ses kalitesi ve şarj durumu özellikle uygulamaları da gayet hızlı açıyor,ses_goruntu,pozitif
çok memnunum,çok memnunum,genel,pozitif
Gayet sağlam ve çabuk ulaştı elime. Çok memnunum,gayet sağlam ve çabuk ulaştı elime,kargo,pozitif
Gayet sağlam ve çabuk ulaştı elime. Çok memnunum,çok memnunum,genel,pozitif
Ürün gayet iyi çok güzel geldi :),ürün gayet iyi çok güzel geldi :,kargo,pozitif
Harika bir ürün çok tereddüt ederek almıştım. satıcı çok hızlı ve güzel paketlemişti sipariş ettikten 1 gün sonra kargoya verildi çok hızlı ve sorunsuz elime ul,harika bir ürün çok tereddüt ederek almıştım,genel,pozitif
Harika bir ürün çok tereddüt ederek almıştım. satıcı çok hızlı ve güzel paketlemişti sipariş ettikten 1 gün sonra kargoya verildi çok hızlı ve sorunsuz elime ul,satıcı çok hızlı ve güzel paketlemişti sipariş ettikten 1 gün sonra kargoya verildi çok hızlı ve sorunsuz elime ul,kargo,pozitif
Harika bir ürün çok tereddüt ederek almıştım. satıcı çok hızlı ve güzel paketlemişti sipariş ettikten 1 gün sonra kargoya verildi çok hızlı ve sorunsuz elime ul,satıcı çok hızlı ve güzel paketlemişti sipariş ettikten 1 gün sonra kargoya verildi çok hızlı ve sorunsuz elime ul,ambalaj,pozitif
üründen çok memnunum,üründen çok memnunum,genel,pozitif
Muazzam bir ürün trendyoldan en uygun fiyata aldım sorgulattım ürün orijinal bir sıkıntısı yok çok beğendim,muazzam bir ürün trendyoldan en uygun fiyata aldım sorgulattım ürün orijinal bir sıkıntısı yok çok beğendim,fiyat,pozitif
Hızlı ve sorunsuz ulaştı,hızlı ve sorunsuz ulaştı,kargo,pozitif
aşığımmm bilgisayarıma inanılmaz rahat,aşığımm bilgisayarıma inanılmaz rahat,genel,notr
"yanlış ürün gönderildi, şarj aleti de orjinal gibi durmuyor emin değilim, kargolaması aşırı başarılıydı yinede sağolun.","yanlış ürün gönderildi, şarj aleti de orjinal gibi durmuyor emin değilim, kargolaması aşırı başarılıydı yinede sağolun",kargo,pozitif
"yanlış ürün gönderildi, şarj aleti de orjinal gibi durmuyor emin değilim, kargolaması aşırı başarılıydı yinede sağolun.","yanlış ürün gönderildi, şarj aleti de orjinal gibi durmuyor emin değilim, kargolaması aşırı başarılıydı yinede sağolun",batarya,pozitif
Sadece internette gezmek için alacaksanız alın. Herhangi bir program yüklenemiyor çünkü cpu sadece kendisi için %100 kullanıyor. Hızı 0.8 ordan hesap edin.,sadece internette gezmek için alacaksanız alın. herhangi bir program yüklenemiyor çünkü cpu sadece kendisi için 100 kullanıyor. hızı 0.8 ordan hesap edin.,genel,notr
hiç begenmedim çok yavas zaten açıp kurarken anlamalıydım sayı tuşları çalışmıyo şimdi nasıl sıfırlicam bilmiyorum ama iade,hiç begenmedim çok yavas zaten açıp kurarken anlamalıydım sayı tuşları çalışmıyo şimdi nasıl sıfırlicam bilmiyorum ama iade,genel,negatif
berbst kağnı,berbst kağnı,genel,notr
arkadaşlar ürün bozuk geri gönderdim gene bana gönderdiler istemiyorum dedim iade ettim teslim edildi yazıyo ben ürünü almadım tüketici haklarına şikayet edecem,arkadaşlar ürün bozuk geri gönderdim gene bana gönderdiler istemiyorum dedim iade ettim teslim edildi yazıyo ben ürünü almadım tüketici haklarına şikayet edecem,kargo,negatif
ürünü aldım ama işlemci düşük sadece ofis işleri için idare eder.,ürünü aldım,fiyat,notr
"google de sekmeler açtığınızda birden cok , hemen kasıyor sesde duraksamalar yaşadım  müzik dinlerken falan kasıyor hiç memnun değilim. Şunu anlamış oldum inter","google de sekmeler açtığınızda birden cok , hemen kasıyor sesde duraksamalar yaşadım müzik dinlerken falan kasıyor hiç memnun değilim",ses_goruntu,negatif
Kullanılmış bilgisayar gönderdiler bana başkası adına şifreli hemde asla Satürn satıcısından almayın .,kullanılmış bilgisayar gönderdiler bana başkası adına şifreli hemde asla satürn satıcısından almayın .,genel,negatif
Hiçbir şekilde güvenli değil bu site indirimde aldığım ürün kargolandı ama iptal ettiler sırf indirimde aldığım için kesinlikle tavsiye etmiyorum arkadaşımda al,hiçbir şekilde güvenli değil bu site indirimde aldığım ürün kargolandı,kargo,negatif
Hiçbir şekilde güvenli değil bu site indirimde aldığım ürün kargolandı ama iptal ettiler sırf indirimde aldığım için kesinlikle tavsiye etmiyorum arkadaşımda al,hiçbir şekilde güvenli değil bu site indirimde aldığım ürün kargolandı,fiyat,negatif
Hiçbir şekilde güvenli değil bu site indirimde aldığım ürün kargolandı ama iptal ettiler sırf indirimde aldığım için kesinlikle tavsiye etmiyorum arkadaşımda al,iptal ettiler sırf indirimde aldığım için kesinlikle tavsiye etmiyorum arkadaşımda al,fiyat,notr
"Açılmiş sonradan paketlenmiş bilgisayar gönderdiler, laptop'un üstünde çizik vardı tavsiye etmiyorum","açılmiş sonradan paketlenmiş bilgisayar gönderdiler, laptop'un üstünde çizik vardı tavsiye etmiyorum",ambalaj,notr
kesinlikle uzak durun almayın aldırmayın aynı anda iki işlemi birden yapamıyorsunuz performansı çok ama çok kötü bir cihaz  ve çöp,çok kötü bir cihaz ve çöp,genel,negatif
EKRANDA ARADA BİR  DALGALANMALI PİKSELLEŞME VAR GÖRÜNTÜNÜN YARISI YOK ALDIĞIMA PİŞMANIM.FAVORİ SAYISININ BİR ÖNEMİ YOK TAVSİYE ETMİYORUM.,ekranda arada bir dalgalanmalı pikselleşme var görüntünün yarısı yok aldığıma pişmanım,ses_goruntu,negatif
"Bana daha önce kullanılmış, kurulumu yapılmış ikinci el bilgisayar gönderdiler Mehmet Akbulut isminde biri adına daha önce bilgisayar kurulmuş. İade ettim bir a","bana daha önce kullanılmış, kurulumu yapılmış ikinci el bilgisayar gönderdiler mehmet akbulut isminde biri adına daha önce bilgisayar kurulmuş",kalite,notr
ürünü satıyorlar ürün arızalandıktan sonra kesinlikle ilgi alaka sıfır. merkeze arıyorsun adamlar telefonun suratına kapatıyor. Satıcıya kesinlikle lafım yok am,ürünü satıyorlar ürün arızalandıktan sonra kesinlikle ilgi alaka sıfır,genel,notr
ürünü satıyorlar ürün arızalandıktan sonra kesinlikle ilgi alaka sıfır. merkeze arıyorsun adamlar telefonun suratına kapatıyor. Satıcıya kesinlikle lafım yok am,merkeze arıyorsun adamlar telefonun suratına kapatıyor,genel,notr
Arızalı ve kullanılmış geldi iade ettim umarım bir an önce çözüme varır,arızalı ve kullanılmış geldi iade ettim umarım bir an önce çözüme varır,kargo,negatif
Aldıktan 1 gün sonra 1000tl indirime girmesi canımı sıktı,aldıktan 1 gün sonra 100tl indirime girmesi canımı sıktı,fiyat,notr
Windows 11 kurulu şekilde gelmedi ayrıca görüntü kalitesi ciddi anlamda kötü iade edeceğim,windows 11 kurulu şekilde gelmedi ayrıca görüntü kalitesi ciddi anlamda kötü iade edeceğim,kalite,negatif
Windows 11 kurulu şekilde gelmedi ayrıca görüntü kalitesi ciddi anlamda kötü iade edeceğim,windows 11 kurulu şekilde gelmedi ayrıca görüntü kalitesi ciddi anlamda kötü iade edeceğim,ses_goruntu,negatif
bilgisayar çok aşırı yavaş. hiç bişey indirmememe  rağmen.,bilgisayar çok aşırı yavaş. hiç bişey indirmememe rağmen.,genel,negatif
Sayı tuşları basılı kalıyordu o yüzden iade. Ayrıca iade ya da değişim talep ettik ellerinde olduğu halde elimizde stok yok dediler. Bir de 5794 tl’ye Son 7 gün,sayı tuşları basılı kalıyordu o yüzden iade. ayrıca iade ya da değişim talep ettik ellerinde olduğu halde elimizde stok yok dediler. bir de 5794 tl ye son 7 gün,genel,negatif
cihaz garantisi 7 ay önce başlamış,cihaz garantisi 7 ay önce başlamış,genel,notr
yavaş çalışıyor nedenn,yavaş çalışıyor nedenn,genel,negatif
Öğrenci indirimiyle aldım faturama 1111 yazmislar kendilerine ulasamiyoruz iade edeceğim.,öğrenci indirimiyle aldım faturama 11 yazmislar kendilerine ulasamiyoruz iade edeceğim,fiyat,negatif
Anlayamadım dünden beri şarjda 1 gün kaldı nerdeyse ama şarjı açtığımda 95ti yardımcı olur musunuz,anlayamadım dünden beri şarjda 1 gün kaldı nerdeyse,batarya,notr
Anlayamadım dünden beri şarjda 1 gün kaldı nerdeyse ama şarjı açtığımda 95ti yardımcı olur musunuz,şarjı açtığımda 95ti yardımcı olur musunuz,batarya,notr
"BÖYLE BİR REZİLLİK YOK 1 haftadır ürünü bekliyorum. kargoya verildi olarak gösterip vermediler kargoya, siparişi iptal etmem için, ben siparişi iptal etmeyince",böyle bir rezillik yok 1 haftadır ürünü bekliyorum,genel,negatif
"BÖYLE BİR REZİLLİK YOK 1 haftadır ürünü bekliyorum. kargoya verildi olarak gösterip vermediler kargoya, siparişi iptal etmem için, ben siparişi iptal etmeyince","kargoya verildi olarak gösterip vermediler kargoya, siparişi iptal etmem için, ben siparişi iptal etmeyince",kargo,notr
Ekran goryntusu vozuldu,ekran goryntusu vozuldu,ses_goruntu,notr
"Bu cihazı tavsiye etmiyorum  çok kötü, ram arttıramıyorsunuz ram ana karta sabit olduğu için büyük sorun ram hızlıca doluyor ve ekranda donma oluyor. Isınma  so","bu cihazı tavsiye etmiyorum çok kötü, ram arttıramıyorsunuz ram ana karta sabit olduğu için büyük sorun ram hızlıca doluyor ve ekranda donma oluyor",batarya,notr
"Bu cihazı tavsiye etmiyorum  çok kötü, ram arttıramıyorsunuz ram ana karta sabit olduğu için büyük sorun ram hızlıca doluyor ve ekranda donma oluyor. Isınma  so","bu cihazı tavsiye etmiyorum çok kötü, ram arttıramıyorsunuz ram ana karta sabit olduğu için büyük sorun ram hızlıca doluyor ve ekranda donma oluyor",ses_goruntu,notr
Çok yavaş hiç tavsiye etmiyorum bişey yapılmıyor,çok yavaş hiç tavsiye etmiyorum bişey yapılmıyor,kalite,negatif
Ofis kullanımı için aldık açılması 15 dk sürüyor . Günlük ofis işleri için uygun bir laptop değil.,günlük ofis işleri için uygun bir laptop değil,fiyat,negatif
ürün arızalı çıktı,ürün arızalı çıktı,genel,negatif
Çok yavaş çalışıyor keşke almasaydim,çok yavaş çalışıyor keşke almasaydim,genel,negatif
"Ekranda kusur vardı, çizgiler vardı","ekranda kusur vardı, çizgiler vardı",ses_goruntu,notr
Faturam yok,faturam yok,genel,negatif
Bilgisayar gerçekten cok donuyor iade edicem,bilgisayar gerçekten cok donuyor iade edicem,genel,negatif
aldığım ürünün klavyesi çalışmıyor ve çok donuyor hiç beğenmedim tavsiye etmiyorum,aldığım ürünün klavyesi çalışmıyor ve çok donuyor hiç beğenmedim tavsiye etmiyorum,genel,negatif
128 gb hdd yok pcde sadece ssd takılı aşırı kasıyor daha kurulumunda kasmaya başladı,128 gb hdd yok pcde sadece ssd takılı aşırı kasıyor daha kurulumunda kasmaya başladı,genel,negatif
sakin almayın sürekli olarak güncelleme geliyor çok pişmanım keşke almazaydim,sakin almayın sürekli olarak güncelleme geliyor çok pişmanım keşke almazaydim,genel,negatif
15 gündür bende ve aşırı kasıyor youtube dan bile video izleneceyecek kadar 4 dk dır YouTube girmesini bekliyorum almayın,15 gündür bende ve aşırı kasıyor youtube dan bile video izleneceyecek kadar 4 dk dır youtube girmesini bekliyorum almayın,ses_goruntu,negatif
"öncelikle şunu belirteyim, 5 para etmez .","öncelikle şunu belirteyim, 5 para etmez",fiyat,notr
çok yavaş kesinlikle tavsiye etmiyorum,çok yavaş kesinlikle tavsiye etmiyorum,genel,negatif
yeni kurdum acayip yavaş ve kasıyor almanızı tavsiye etmem herkes ofis canlı dersler vs için aldım iyi demiş de onlara fırsat vermiyor ki acayip kötü,yeni kurdum acayip yavaş ve kasıyor almanızı tavsiye etmem herkes ofis canlı dersler vs için aldım iyi demiş de onlara fırsat vermiyor ki acayip kötü,fiyat,negatif
faturam gönderilmedi,faturam gönderilmedi,kargo,notr
"Neden fatura iletmiyorsunuz, gün içinde faturamı iletmezseniz sizi vergi dairesine şikayet edeceğim bilginiz olsun.","neden fatura iletmiyorsunuz, gün içinde faturamı iletmezseniz sizi vergi dairesine şikayet edeceğim bilginiz olsun.",genel,notr
sıfır diye aldığım bilgisayar kullanılmış çıktı başka biri kurmuş ve şifresini bantlamis bilgisayar a garanti belgesi 10 ay öncesinin tarihi vurulmuş  lütfen in,sıfır diye aldığım bilgisayar kullanılmış çıktı başka biri kurmuş ve şifresini bantlamis bilgisayar a garanti belgesi 10 ay öncesinin tarihi vurulmuş lütfen in,genel,notr
Ürün yanlış geldi. Firma çok ilgisiz. 2 kere iade etmeme rağmen iade talebi geri çevrildi. Kesinlikle tavsiye etmiyorum.,ürün yanlış geldi,kargo,notr
kusurlu geldi,kusurlu geldi,kargo,notr
çok kötü çok kötü hiç tavsiye etmiyorum paranıza yazık,çok kötü çok kötü hiç tavsiye etmiyorum paranıza yazık,fiyat,negatif
Çok kötü bi bilgisayar . O kadar yavaş ki youtube a zor giriyorum ayrıca güncellemeden sonra açmadı kendini asla tavsiye etmiyorum,çok kötü bi bilgisayar . o kadar yavaş ki youtube a zor giriyorum ayrıca güncellemeden sonra açmadı kendini asla tavsiye etmiyorum,genel,negatif
Aşırı yavaş bir sayfadan başka bir sayfaya asla girmiyorsunuz sakın ama sakın almayın !,aşırı yavaş bir sayfadan başka bir sayfaya asla girmiyorsunuz sakın ama sakın almayın !,genel,negatif
ürün dün elime ulaştı ve kullanılmış murat bulut adına 2024 de dosyalar indirilmiş,ürün dün elime ulaştı ve kullanılmış murat bulut adına 2024 de dosyalar indirilmiş,kargo,notr
"rezil ettiniz beni bilgisayari iki aydır kullanıyorum. kasıyor, donuyor sürekli. bulunduğum konum nedeniyle iade de edemedim.","rezil ettiniz beni bilgisayari iki aydır kullanıyorum. kasıyor, donuyor sürekli. bulunduğum konum nedeniyle iade de edemedim.",genel,negatif
Dün aldım Pc Windows 11 yüklü ve kasıyor! Herhangi bir uygulama bastığınızda rahat 10 sn bekliyorsunuz! Güzel şeyleri ise ekranı büyük ve klavyeleri güzel bu ka,dün aldım pc windows 11 yüklü ve kasıyor,fiyat,negatif
Dün aldım Pc Windows 11 yüklü ve kasıyor! Herhangi bir uygulama bastığınızda rahat 10 sn bekliyorsunuz! Güzel şeyleri ise ekranı büyük ve klavyeleri güzel bu ka,güzel şeyleri ise ekranı büyük ve klavyeleri güzel bu ka,ses_goruntu,pozitif
ders çalışırım diye aldım ama çok yeterli değil tavsiye etmem,ders çalışırım diye aldım,fiyat,notr
Ürün elime geçti ama iki gündür bilgisayarı açmakla uğraşıyorum. Sistem yüklü gelmedi onu geçtim bilgisayar ekranında sadece Lenovo yazısı var hiçbir şekilde aç,ürün elime geçti,genel,negatif
Ürün elime geçti ama iki gündür bilgisayarı açmakla uğraşıyorum. Sistem yüklü gelmedi onu geçtim bilgisayar ekranında sadece Lenovo yazısı var hiçbir şekilde aç,iki gündür bilgisayarı açmakla uğraşıyorum,batarya,notr
Ürün elime geçti ama iki gündür bilgisayarı açmakla uğraşıyorum. Sistem yüklü gelmedi onu geçtim bilgisayar ekranında sadece Lenovo yazısı var hiçbir şekilde aç,sistem yüklü gelmedi onu geçtim bilgisayar ekranında sadece lenovo yazısı var hiçbir şekilde aç,ses_goruntu,negatif
Bilgisayarı kısa süreli aldım yani 1-1.5 yıl beni götürsün de yenilerim diye. Çok basit işlemler yapacağım yeterli olur zannettim. Ama alalı bir hafta olmadı şu,bilgisayarı kısa süreli aldım yani 1-1,fiyat,notr
Yanlış şarj gönderilmiş beğenmedim,yanlış şarj gönderilmiş beğenmedim,kargo,negatif
Yanlış şarj gönderilmiş beğenmedim,yanlış şarj gönderilmiş beğenmedim,batarya,negatif
aşırı yavaş ve sesi asiri az cikiyor ayrica sesde arada takılmalarda oluyor.,aşırı yavaş ve sesi asiri az cikiyor ayrica sesde arada takılmalarda oluyor,ses_goruntu,negatif
Çok donuyor 3 dkka da bir donma oluyor,çok donuyor 3 dkka da bir donma oluyor,genel,negatif
ürünün içine insan bir şarj aleti gonderiri cihaz elime ulaştı ama sarj aletini bulamıyoruz alan arkadaşlar bunu dusunerek alisin,ürünün içine insan bir şarj aleti gonderiri cihaz elime ulaştı,kargo,notr
ürünün içine insan bir şarj aleti gonderiri cihaz elime ulaştı ama sarj aletini bulamıyoruz alan arkadaşlar bunu dusunerek alisin,ürünün içine insan bir şarj aleti gonderiri cihaz elime ulaştı,batarya,notr
ürünün içine insan bir şarj aleti gonderiri cihaz elime ulaştı ama sarj aletini bulamıyoruz alan arkadaşlar bunu dusunerek alisin,sarj aletini bulamıyoruz alan arkadaşlar bunu dusunerek alisin,batarya,notr
Bilgisayar güzel ama mause hediye denildi gelmedi,bilgisayar güzel ama mause hediye denildi gelmedi,genel,pozitif
sürekli donuyor yavaş çalışıyor.sistemi çok ağır çalışıyor,sürekli donuyor yavaş çalışıyor.sistemi çok ağır çalışıyor,genel,negatif
çok yavaş çalışıyor açılması bir saat ama film ders dinlemek için güzel ama uygulama yüklemek istiyenler için tafsiye etmiyorum,çok yavaş çalışıyor açılması bir saat ama film ders dinlemek için güzel ama uygulama yüklemek istiyenler için tafsiye etmiyorum,genel,notr
çok yavaş tavsiye etmem,çok yavaş tavsiye etmem,genel,negatif
Bi baskasini iadesini mi gonderdiler anlamadim bilgisayar acilmiyo,bi baskasini iadesini mi gonderdiler anlamadim bilgisayar acilmiyo,genel,notr
çok beğenmedim geri iade edildi,çok beğenmedim geri iade edildi,genel,negatif
15 Kasım 2025 tarihinde teslim aldım fakat garanti 24 ay yerine 21 ay diyor. Fatura olarak TC  numarası 111111 yazılmış. Firma telefonları açmıyor hoparlör cızı,15 kasım 2025 tarihinde teslim aldım,kargo,notr
15 Kasım 2025 tarihinde teslim aldım fakat garanti 24 ay yerine 21 ay diyor. Fatura olarak TC  numarası 111111 yazılmış. Firma telefonları açmıyor hoparlör cızı,15 kasım 2025 tarihinde teslim aldım,fiyat,notr
15 Kasım 2025 tarihinde teslim aldım fakat garanti 24 ay yerine 21 ay diyor. Fatura olarak TC  numarası 111111 yazılmış. Firma telefonları açmıyor hoparlör cızı,firma telefonları açmıyor hoparlör cızı,ses_goruntu,notr
Arkadaşlar hiçbişekilde bilgisayarın dilini Türkçeye çeviremedim,arkadaşlar hiçbişekilde bilgisayarın dilini türkçeye çeviremedim,genel,negatif
baya yavas.biraz daha verip daha hizli bisey alinirsa uzun yillar kullanilir.cozunurluk vs de kotu,baya yavas.biraz daha verip daha hizli bisey alinirsa uzun yillar kullanilir.cozunurluk vs de kotu,genel,notr
Ürünü elime ulaştı çok güzel kargolama yapılmış lakin ekran karanlık bilgisayar açılıyor lakin ekran görüntüsü yok maalesef bu da benim şansım iade edecem,ürünü elime ulaştı çok güzel kargolama yapılmış,kargo,pozitif
Ürünü elime ulaştı çok güzel kargolama yapılmış lakin ekran karanlık bilgisayar açılıyor lakin ekran görüntüsü yok maalesef bu da benim şansım iade edecem,ürünü elime ulaştı çok güzel kargolama yapılmış,kalite,pozitif
Ürünü elime ulaştı çok güzel kargolama yapılmış lakin ekran karanlık bilgisayar açılıyor lakin ekran görüntüsü yok maalesef bu da benim şansım iade edecem,ekran karanlık bilgisayar açılıyor,ses_goruntu,notr
Ürünü elime ulaştı çok güzel kargolama yapılmış lakin ekran karanlık bilgisayar açılıyor lakin ekran görüntüsü yok maalesef bu da benim şansım iade edecem,ekran görüntüsü yok maalesef bu da benim şansım iade edecem,ses_goruntu,negatif
Ürün de çok donma var ve çok çabuk ısınıyor,ürün de çok donma var ve çok çabuk ısınıyor,genel,negatif
Ekran kalitesi zayıf ama kullanımı güzel . Açıkça fena değil ama istediğim performans yok.,ekran kalitesi zayıf,kalite,negatif
Ekran kalitesi zayıf ama kullanımı güzel . Açıkça fena değil ama istediğim performans yok.,ekran kalitesi zayıf,ses_goruntu,negatif
Çok yavaş ve düşündüğünüz gibi asla değil fp ürünü altında,çok yavaş ve düşündüğünüz gibi asla değil fp ürünü altında,genel,negatif
çok donuyor çok bssit,çok donuyor çok bssit,genel,negatif
Arkadaşlar bu kadar donması sizce normal mi ? İkinci el de benim mi haberim yok çok güzel bilgisayar ama çok donuyor bir saçmalık var,arkadaşlar bu kadar donması sizce normal mi ? ikinci el de benim mi haberim yok çok güzel bilgisayar ama çok donuyor bir saçmalık var,genel,negatif
ürünü iade etmek durumunda kaldım. çoğu kişi iadede sorun yaşamış. ürünü geri gondermissiniz vs. ben ürünü beğenmedim asla kullanılabilir gibi değil. bizzat iad,ürünü iade etmek durumunda kaldım,fiyat,notr
ürünü iade etmek durumunda kaldım. çoğu kişi iadede sorun yaşamış. ürünü geri gondermissiniz vs. ben ürünü beğenmedim asla kullanılabilir gibi değil. bizzat iad,ürünü geri gondermissiniz vs,genel,notr
ürünü iade etmek durumunda kaldım. çoğu kişi iadede sorun yaşamış. ürünü geri gondermissiniz vs. ben ürünü beğenmedim asla kullanılabilir gibi değil. bizzat iad,ben ürünü beğenmedim asla kullanılabilir gibi değil,genel,negatif
ki ürünü aldık aynı üründen ve aynı satıcıdan seri numarasına göre ve yetkili servis lenovo'ya göre ürün bozuk iade alındı fakat mağdur durumda kaldık paramızı,ki ürünü aldık aynı üründen ve aynı satıcıdan seri numarasına göre ve yetkili servis lenovo'ya göre ürün bozuk iade alındı,genel,negatif
ki ürünü aldık aynı üründen ve aynı satıcıdan seri numarasına göre ve yetkili servis lenovo'ya göre ürün bozuk iade alındı fakat mağdur durumda kaldık paramızı,mağdur durumda kaldık paramızı,fiyat,notr
Sesi çok az ekranı iyi değil pek beğenmedim maalesef,sesi çok az ekranı iyi değil pek beğenmedim maalesef,ses_goruntu,negatif
Sevmedim fiyatı pahalı,sevmedim fiyatı pahalı,fiyat,negatif
iyi değil tuhaf ses çıkıyor,iyi değil tuhaf ses çıkıyor,ses_goruntu,negatif
güzel ürün okul vs işleri için uygundur.,güzel ürün okul vs işleri için uygundur,fiyat,pozitif
"Gayet güzel sesi kullanımı her şey çok şükür,  çok teşekkür ediyorum ama bazı sorularım var, hep şarjda mı kullanmam lazım?    Ve normalde 2 yıl garanti yazıyor","gayet güzel sesi kullanımı her şey çok şükür, çok teşekkür ediyorum",ses_goruntu,pozitif
"Gayet güzel sesi kullanımı her şey çok şükür,  çok teşekkür ediyorum ama bazı sorularım var, hep şarjda mı kullanmam lazım?    Ve normalde 2 yıl garanti yazıyor","bazı sorularım var, hep şarjda mı kullanmam lazım",batarya,notr
Hepsi cok iyi çok teşekkür ederim 🙏🏿,hepsi cok iyi çok teşekkür ederim,genel,pozitif
Ürün güzel sağlam geldi  paketlemesi çok iyi kurulumu da kolay oldu sadece arada kasıyor ve biraz yavaş ama iş görür,ürün güzel sağlam geldi paketlemesi çok iyi kurulumu da kolay oldu sadece arada kasıyor ve biraz yavaş,kargo,pozitif
Ürün güzel sağlam geldi  paketlemesi çok iyi kurulumu da kolay oldu sadece arada kasıyor ve biraz yavaş ama iş görür,ürün güzel sağlam geldi paketlemesi çok iyi kurulumu da kolay oldu sadece arada kasıyor ve biraz yavaş,ambalaj,pozitif
Fiyat performans ürünü,fiyat performans ürünü,fiyat,notr
fiyatına göre başarılı bir ürün,fiyatına göre başarılı bir ürün,fiyat,pozitif
Bi öğrenci için uygun fiyat ve performans,bi öğrenci için uygun fiyat ve performans,fiyat,notr
ürün çok beğendim ..,ürün çok beğendim,genel,pozitif
bu fiyata cok bi performans beklemeyin tabii ama ders ve dizi icin super,bu fiyata cok bi performans beklemeyin tabii,fiyat,notr
Hızlı teslimat özenli kargolama ve ofis işleri için iyi yalnız bilgisayar çok yavaş,hızlı teslimat özenli kargolama ve ofis işleri için iyi,kargo,pozitif
"4 gb ram idare eder, zaten sistem 3 gb da çalışıyor, 1 gb ile yetinebilecekseniz alın.. Ethernet girişi yok, kablolu bağlayamazsınız, sadece wifi kullanımda.. İ","4 gb ram idare eder, zaten sistem 3 gb da çalışıyor, 1 gb ile yetinebilecekseniz alın.. ethernet girişi yok, kablolu bağlayamazsınız, sadece wifi kullanımda.. i",genel,pozitif
Yani f/p diyebilirim önce herhangi bir şeyi kurmak zorunda kalmıyorsunuz ama kurulumu ağır işledi. Laptop işlemcisiyle de alakalı olabilir  büyük ihtimalle çok,laptop işlemcisiyle de alakalı olabilir büyük ihtimalle çok,genel,notr
ya bilgisayarım bozuldu acaba nerde tamir ettirebilirim,ya bilgisayarım bozuldu acaba nerde tamir ettirebilirim,kalite,negatif
"Kara cuma indirimlerinden aldım. Ucuz diye almıştım açıkçası, kardeşim çok bir şey bekleme demesine rağmen aldım ve biraz pişmanım. Nerdeyse sürekli donuyor, ka",kara cuma indirimlerinden aldım,fiyat,notr
"Kara cuma indirimlerinden aldım. Ucuz diye almıştım açıkçası, kardeşim çok bir şey bekleme demesine rağmen aldım ve biraz pişmanım. Nerdeyse sürekli donuyor, ka","ucuz diye almıştım açıkçası, kardeşim çok bir şey bekleme demesine rağmen aldım ve biraz pişmanım",fiyat,negatif
acilen dönüş yaparmisiniz kargomuz geldi ama pin şifre var o ne acill,acilen dönüş yaparmisiniz kargomuz geldi,kargo,notr
Biraz yavaş ama idare eder,biraz yavaş ama idare eder,genel,notr
"şubat ayında aldım ,ilk başta güzeldi ama şu an donmaya başladı bile . çok kulanmıyorum da sadece arada okulla ilgili işlerde falan . :(","şubat ayında aldım ,ilk başta güzeldi",fiyat,pozitif
Aldıktan sonra fiyat ucuzladı,aldıktan sonra fiyat ucuzladı,fiyat,notr
Herkese çanta hediye edildi neden bana çanta hediyesi yanında verilmedi bunu doğru bulmuyorum o zaman bana göndermenizi istiyorum,herkese çanta hediye edildi neden bana çanta hediyesi yanında verilmedi bunu doğru bulmuyorum o zaman bana göndermenizi istiyorum,genel,notr
Ürün iyi güzel ama sanki biraz yavaş gibi yine de iş görür,ürün iyi güzel,genel,pozitif
işimi görür güzel,işimi görür güzel,genel,pozitif
çok kadıyor bazen,çok kadıyor bazen,genel,notr
Biraz yavaş,biraz yavaş,genel,negatif
görünüşü boyutu falan bayağı iyi ancak hızıni hiç beğenmedim tamam bu fiyata çok yüksek bir bekelntide değildim amaa yeni açılan bir bilgisayarin bu kadar kasma,hızıni hiç beğenmedim tamam bu fiyata çok yüksek bir bekelntide değildim amaa yeni açılan bir bilgisayarin bu kadar kasma,fiyat,negatif
Sağlam geldi ama görüntü kalitesini pek beğenemedim,sağlam geldi,kargo,pozitif
Sağlam geldi ama görüntü kalitesini pek beğenemedim,görüntü kalitesini pek beğenemedim,kalite,notr
Sağlam geldi ama görüntü kalitesini pek beğenemedim,görüntü kalitesini pek beğenemedim,ses_goruntu,notr
f/p biraz kasıyodu ama idare eder,f p biraz kasıyodu ama idare eder,genel,pozitif
Şarjı çabuk bitiyor onun dışında şimdlik güzel,şarjı çabuk bitiyor onun dışında şimdlik güzel,batarya,pozitif
şarj adaptörü yok lütfen şarj aletini bana tedarik edilmesini istiyorum,şarj adaptörü yok lütfen şarj aletini bana tedarik edilmesini istiyorum,batarya,negatif
Sadece  dizi film izleme amacıyla almıştım yavaş olduğunu düşünüyorum beklediğim performans yok,sadece dizi film izleme amacıyla almıştım yavaş olduğunu düşünüyorum beklediğim performans yok,genel,negatif
"ürün çok yavaş, sorun nasil cözülür acaba","ürün çok yavaş, sorun nasil cözülür acaba",genel,negatif
ilk açılırken falan çok kasıyor geç açılıyor ama kullanılabilir,ilk açılırken falan çok kasıyor geç açılıyor ama kullanılabilir,genel,negatif
pil ömrü zayıf ve çogu şey yüklenmiyor eba bile,pil ömrü zayıf ve çogu şey yüklenmiyor eba bile,batarya,negatif
bir süre sonra çok donma yapıyor onun dışında iyi,bir süre sonra çok donma yapıyor onun dışında iyi,kalite,pozitif
Hoparlörde sıkıntı vardı geldiğinde. Çok kasıyor daha hiçbirşey yüklü olmamasına rağmen. Sadece anı kurtarmalık tercih edilebilir.,hoparlörde sıkıntı vardı geldiğinde,kargo,notr
Hoparlörde sıkıntı vardı geldiğinde. Çok kasıyor daha hiçbirşey yüklü olmamasına rağmen. Sadece anı kurtarmalık tercih edilebilir.,hoparlörde sıkıntı vardı geldiğinde,ses_goruntu,notr
yavaş bir ürün. hızlı bir şey arıyorsanız bu değil.,yavaş bir ürün,genel,negatif
motoru çok çabuk ısınıyor soğutucu almanızı tavsiye ederim,motoru çok çabuk ısınıyor soğutucu almanızı tavsiye ederim,genel,notr
"Markası ve uygun fiyat oluşu artısı. İnce bir laptop. Ama performans zayıf. Sürekli kasma yapıyor. ""Dırt"" diye ses çıkarıp zorlanıyor. Yeni aldım daha. Açılır a",markası ve uygun fiyat oluşu artısı,fiyat,notr
"Markası ve uygun fiyat oluşu artısı. İnce bir laptop. Ama performans zayıf. Sürekli kasma yapıyor. ""Dırt"" diye ses çıkarıp zorlanıyor. Yeni aldım daha. Açılır a",ince bir laptop,genel,notr
"Markası ve uygun fiyat oluşu artısı. İnce bir laptop. Ama performans zayıf. Sürekli kasma yapıyor. ""Dırt"" diye ses çıkarıp zorlanıyor. Yeni aldım daha. Açılır a",sürekli kasma yapıyor,kalite,notr
"Markası ve uygun fiyat oluşu artısı. İnce bir laptop. Ama performans zayıf. Sürekli kasma yapıyor. ""Dırt"" diye ses çıkarıp zorlanıyor. Yeni aldım daha. Açılır a",dırt diye ses çıkarıp zorlanıyor,ses_goruntu,notr
"Markası ve uygun fiyat oluşu artısı. İnce bir laptop. Ama performans zayıf. Sürekli kasma yapıyor. ""Dırt"" diye ses çıkarıp zorlanıyor. Yeni aldım daha. Açılır a",yeni aldım daha,fiyat,notr
Yavaş çalışıyor 😔,yavaş çalışıyor,genel,negatif
bir keptop çantasıyla gönderilebilirdi. şimdilik kullanımı orta okul ödevleri vs küçük işler için yeterli kullandıkça güncelleyeceğim,bir keptop çantasıyla gönderilebilirdi,kargo,notr
Fiyatına göre fena değil gibi şimdilik,fiyatına göre fena değil gibi şimdilik,fiyat,pozitif
Youtubedan video izlerken bile kasıyor bazen memnun kalmadım ne beklediğinize bağlı.,youtubedan video izlerken bile kasıyor bazen memnun kalmadım ne beklediğinize bağlı,ses_goruntu,negatif
şarzi aşırı hızlı bitiyor ve kasma var yani degmez,şarzi aşırı hızlı bitiyor ve kasma var yani degmez,batarya,pozitif
İçinden şarj çıkmadı,içinden şarj çıkmadı,batarya,notr
Sürekli donup duruyor yorumlara bakarak almıştım ama beğenmedim hatta 2. El mi diye düşündüm,sürekli donup duruyor yorumlara bakarak almıştım ama beğenmedim hatta 2. el mi diye düşündüm,genel,negatif
İndirmek istediğim dosyalar inmiyor bilgisayar desteklemiyor diyor anlamadım yani,indirmek istediğim dosyalar inmiyor bilgisayar desteklemiyor diyor anlamadım yani,genel,notr
Mouse yollanmamış hediye olarak yazıyor ama kargoda ürün yoktu,kargoda ürün yoktu,kargo,negatif
biraz ağır daha şimdiden ve uykuya geçer kapanır dige beklerken sabaha kdr açık kalmış ısınmış,biraz ağır daha şimdiden ve uykuya geçer kapanır dige beklerken sabaha kdr açık kalmış ısınmış,genel,negatif
yaa bilgsayarı sadece bir dil olarak kullana biliyoruz ayrica alala sadece beş gün oldu ve bi anda dondu ve klavyesi çalışmamaya başladı ama şuan sorunu haletim,yaa bilgsayarı sadece bir dil olarak kullana biliyoruz ayrica alala sadece beş gün oldu ve bi anda dondu ve klavyesi çalışmamaya başladı ama şuan sorunu haletim,genel,notr
Fiyat performans ürünü  kasıyor donuyor idare eder,fiyat performans ürünü kasıyor donuyor idare eder,fiyat,negatif
donması şaşırtıyor güzel duruyor ama kullanışlı değil,donması şaşırtıyor güzel duruyor ama kullanışlı değil,genel,pozitif
fiyat performans olarak gayet iyi tam öğrenci bilgisayari,fiyat performans olarak gayet iyi tam öğrenci bilgisayari,fiyat,pozitif
Kurulumda ufak sorun yaşadım ama hallettim paketlemesi çok özenliydi gayet hızlı ben ders çalışmak için aldım extra bi beklentim olmadığı için yeterli geldi ban,hallettim paketlemesi çok özenliydi gayet hızlı ben ders çalışmak için aldım extra bi beklentim olmadığı için yeterli geldi ban,kargo,pozitif
Kurulumda ufak sorun yaşadım ama hallettim paketlemesi çok özenliydi gayet hızlı ben ders çalışmak için aldım extra bi beklentim olmadığı için yeterli geldi ban,hallettim paketlemesi çok özenliydi gayet hızlı ben ders çalışmak için aldım extra bi beklentim olmadığı için yeterli geldi ban,fiyat,pozitif
Kurulumda ufak sorun yaşadım ama hallettim paketlemesi çok özenliydi gayet hızlı ben ders çalışmak için aldım extra bi beklentim olmadığı için yeterli geldi ban,hallettim paketlemesi çok özenliydi gayet hızlı ben ders çalışmak için aldım extra bi beklentim olmadığı için yeterli geldi ban,ambalaj,pozitif
yeğenim için aldık fiyatına göre süper,yeğenim için aldık fiyatına göre süper,fiyat,pozitif
Sorunsuz geldi çok zarif ve çok şık okul ders için kesinlikle öneririm,sorunsuz geldi çok zarif ve çok şık okul ders için kesinlikle öneririm,kargo,pozitif
bilgisayari bir iki aydır kullanıyorum problem yok fp memnunum,bilgisayari bir iki aydır kullanıyorum problem yok fp memnunum,genel,pozitif
evliyiz mutluyuz huzurluyuz,evliyiz mutluyuz huzurluyuz,genel,pozitif
Kardeşim için aldık paketlemesi güzeldi fiyat performans,kardeşim için aldık paketlemesi güzeldi fiyat performans,fiyat,pozitif
Kardeşim için aldık paketlemesi güzeldi fiyat performans,kardeşim için aldık paketlemesi güzeldi fiyat performans,ambalaj,pozitif
kardeşime aldım kullanıyor bence güzel memnun şimdilik,kardeşime aldım kullanıyor bence güzel memnun şimdilik,fiyat,pozitif
iyi bı sorunu yok 2 aydır kullanıyorum,iyi bı sorunu yok 2 aydır kullanıyorum,genel,pozitif
Güzel kardeşim için aldık dersleri için,güzel kardeşim için aldık dersleri için,genel,pozitif
memnun kaldik,memnun kaldik,genel,notr
güzel uni için aldım yeterki,güzel uni için aldım yeterki,fiyat,pozitif
kurulumunda zorlandım dilini de henüz değiştiremedim ama basit işlevler için gayet yeterli,kurulumunda zorlandım dilini de henüz değiştiremedim ama basit işlevler için gayet yeterli,genel,pozitif
cok iyi geldi saglam geldi paketlemesi iyiydi,cok iyi geldi saglam geldi paketlemesi iyiydi,kargo,pozitif
cok iyi geldi saglam geldi paketlemesi iyiydi,cok iyi geldi saglam geldi paketlemesi iyiydi,ambalaj,pozitif
tam bir fiyat performans ürünü,tam bir fiyat performans ürünü,fiyat,notr
çok memnunum bu fiyata piyasadaki güzel ürünlerden biri.,çok memnunum bu fiyata piyasadaki güzel ürünlerden biri,fiyat,pozitif
ürün çok güzel paketlenmiş çok zarif şık bir ürün kurulumu çok kolay oldu çok beğendim şimdilik bir sorun yaşamadım inşallah yasamamda ders çalışmak için aldım,ürün çok güzel paketlenmiş çok zarif şık bir ürün kurulumu çok kolay oldu çok beğendim şimdilik bir sorun yaşamadım inşallah yasamamda ders çalışmak için aldım,fiyat,pozitif
ürün çok güzel paketlenmiş çok zarif şık bir ürün kurulumu çok kolay oldu çok beğendim şimdilik bir sorun yaşamadım inşallah yasamamda ders çalışmak için aldım,ürün çok güzel paketlenmiş çok zarif şık bir ürün kurulumu çok kolay oldu çok beğendim şimdilik bir sorun yaşamadım inşallah yasamamda ders çalışmak için aldım,ambalaj,pozitif
bilgisayarım geldi aşırı özenli paketlenmişti ince ve kibar kurulum vs için halledildi biraz yavaş gibi ama fiyatına göre uygun,bilgisayarım geldi aşırı özenli paketlenmişti ince ve kibar kurulum vs için halledildi biraz yavaş gibi,kargo,negatif
bilgisayarım geldi aşırı özenli paketlenmişti ince ve kibar kurulum vs için halledildi biraz yavaş gibi ama fiyatına göre uygun,bilgisayarım geldi aşırı özenli paketlenmişti ince ve kibar kurulum vs için halledildi biraz yavaş gibi,ambalaj,negatif
bilgisayarım geldi aşırı özenli paketlenmişti ince ve kibar kurulum vs için halledildi biraz yavaş gibi ama fiyatına göre uygun,fiyatına göre uygun,fiyat,notr
İş görür güzel bi bilgisayar,iş görür güzel bi bilgisayar,genel,pozitif
Ögrencı kullanımına göre ideal bence,ögrencı kullanımına göre ideal bence,genel,notr
👍ders çalışmak için yeterli,ders çalışmak için yeterli,genel,pozitif
genel olqrak güzel tavsiye ederim,genel olqrak güzel tavsiye ederim,genel,pozitif
sağlam kargo ve güzel paketleme kurulumlu geldi çok  begendim sadece bir tık yavaş,sağlam kargo ve güzel paketleme kurulumlu geldi çok begendim sadece bir tık yavaş,kargo,pozitif
sağlam kargo ve güzel paketleme kurulumlu geldi çok  begendim sadece bir tık yavaş,sağlam kargo ve güzel paketleme kurulumlu geldi çok begendim sadece bir tık yavaş,ambalaj,pozitif
İş görüyor bişiler izlemek ve ofis işleri için uygun,iş görüyor bişiler izlemek ve ofis işleri için uygun,fiyat,notr
"Kurulumu yeni yapıyorum,gayet güzel ve sağlam gözüküyor","kurulumu yeni yapıyorum,gayet güzel ve sağlam gözüküyor",kalite,pozitif
güzel cihaz kurlumu kolay oldu ancak biraz kasıyor ama iş görür,güzel cihaz kurlumu kolay oldu,genel,pozitif
fiyatına göre çok iyi,fiyatına göre çok iyi,fiyat,pozitif
hızlı ve işimi görüyo,hızlı ve işimi görüyo,genel,pozitif
Gayet kullanışlı alınabilir,gayet kullanışlı alınabilir,genel,notr
babama aldik fiyat performans ürünü,babama aldik fiyat performans ürünü,fiyat,notr
Güzel bir bilgisayar,güzel bir bilgisayar,genel,pozitif
güzel ben 3aydır kullanıyorum sarjı hızlı doluyo film izlemek için kullanıyprum,güzel ben 3aydır kullanıyorum sarjı hızlı doluyo film izlemek için kullanıyprum,batarya,pozitif
fiyat performans ürünü,fiyat performans ürünü,fiyat,notr
tam bir fiyat performans ürünü iş için aldım,tam bir fiyat performans ürünü iş için aldım,fiyat,notr
"Çok ağır.. eski tip bir laptop, ev tipi.. iş görür","eski tip bir laptop, ev tipi",genel,notr
Basit işler için ideal. Ekrana bayıldım çerçeveler oldukça ince iş görür.,ekrana bayıldım çerçeveler oldukça ince iş görür,ses_goruntu,pozitif
Zarif bir bilgisayar iş görür,zarif bir bilgisayar iş görür,genel,notr
Biraz yavaş ama güzel beğendim,biraz yavaş ama güzel beğendim,genel,pozitif
Fiyatına göre kullanışlı bir ürün.,fiyatına göre kullanışlı bir ürün,fiyat,notr
Fiyat performans çok bir şey beklemeyin günlük kullanım için ideal,fiyat performans çok bir şey beklemeyin günlük kullanım için ideal,fiyat,notr
cok iyi cok begendim,cok iyi cok begendim,genel,pozitif
guzel ve kullanisli,guzel ve kullanisli,genel,notr
oyun için olmasada dersler için yeterli bir bilgisayar,oyun için olmasada dersler için yeterli bir bilgisayar,genel,pozitif
yani taksit ile aldım ama umarım birşey olmadan kullanırım.,yani taksit ile aldım,fiyat,notr
Fiyat performans,fiyat performans,fiyat,notr
fiyatına göre fena değil.,fiyatına göre fena değil,fiyat,pozitif
Hakkını veriyor.,hakkını veriyor.,genel,notr
ben beğendim güzel,ben beğendim güzel,genel,pozitif
çok kullanışlı ve hafif ben kpss için aldım işimi görüyor şuanlık hatta bir kaç uygulama da indirdim herhangi bir kasma sorunu yaşamadım daha ama oyun bilgisaya,çok kullanışlı ve hafif ben kpss için aldım işimi görüyor şuanlık hatta bir kaç uygulama da indirdim herhangi bir kasma sorunu yaşamadım daha,fiyat,notr
iyi güzel kullanışlı,iyi güzel kullanışlı,genel,pozitif
Tek kelime ile harikaa çok güzeldi çok beğendim almanızı tavsiye ederim,tek kelime ile harikaa çok güzeldi çok beğendim almanızı tavsiye ederim,genel,pozitif
cidden mükemmel bir ürün bayıldım tavsiye ediyorum şiddetle,cidden mükemmel bir ürün bayıldım tavsiye ediyorum şiddetle,genel,pozitif
Ürün elime ulaştı paketleme gerçekten çok mükemmeldi cihazı kurdum 2 gündür kullanıyorum hiç bir sıkıntı göremedim gayet iyi fiyatının hakkını veriyor çevremdek,ürün elime ulaştı paketleme gerçekten çok mükemmeldi cihazı kurdum 2 gündür kullanıyorum hiç bir sıkıntı göremedim gayet iyi fiyatının hakkını veriyor çevremdek,kargo,pozitif
Ürün elime ulaştı paketleme gerçekten çok mükemmeldi cihazı kurdum 2 gündür kullanıyorum hiç bir sıkıntı göremedim gayet iyi fiyatının hakkını veriyor çevremdek,ürün elime ulaştı paketleme gerçekten çok mükemmeldi cihazı kurdum 2 gündür kullanıyorum hiç bir sıkıntı göremedim gayet iyi fiyatının hakkını veriyor çevremdek,fiyat,pozitif
Ürün elime ulaştı paketleme gerçekten çok mükemmeldi cihazı kurdum 2 gündür kullanıyorum hiç bir sıkıntı göremedim gayet iyi fiyatının hakkını veriyor çevremdek,ürün elime ulaştı paketleme gerçekten çok mükemmeldi cihazı kurdum 2 gündür kullanıyorum hiç bir sıkıntı göremedim gayet iyi fiyatının hakkını veriyor çevremdek,ambalaj,pozitif
Bilgisayarım sorunsuz geldi üç gün içerisinde elime ulaştı çok memnun kaldım teşekkür ederimmm,bilgisayarım sorunsuz geldi üç gün içerisinde elime ulaştı çok memnun kaldım teşekkür ederimm,kargo,pozitif
Bilgisayarım sorunsuz geldi üç gün içerisinde elime ulaştı çok memnun kaldım teşekkür ederimmm,bilgisayarım sorunsuz geldi üç gün içerisinde elime ulaştı çok memnun kaldım teşekkür ederimm,fiyat,pozitif
Ofis için aldım gayet hızlı kurulumu kolay bir kaç arkadaşıma önerdim onlarda alacaklar teşekkür ediyorum,ofis için aldım gayet hızlı kurulumu kolay bir kaç arkadaşıma önerdim onlarda alacaklar teşekkür ediyorum,fiyat,pozitif
Kızıma aldım çok beğendi Üniversite için kullanıyor.Çok memnun .Görüntü olarakta hafif ve güzel,kızıma aldım çok beğendi üniversite için kullanıyor,fiyat,notr
çok beğendim hızlıca elime ulaştı ben ders için aldım güvenerek isteyebilirsiniz,çok beğendim hızlıca elime ulaştı ben ders için aldım güvenerek isteyebilirsiniz,kargo,pozitif
çok beğendim hızlıca elime ulaştı ben ders için aldım güvenerek isteyebilirsiniz,çok beğendim hızlıca elime ulaştı ben ders için aldım güvenerek isteyebilirsiniz,fiyat,pozitif
Herşey istediğim gibi Bu sefer kargo sarıtu ürün herşey mükemmel teşekkür ederim.... Ha bu arada aynı PC ayuzbirde altibin kusurken burda çok daha uygun fiyata,herşey istediğim gibi bu sefer kargo sarıtu ürün herşey mükemmel teşekkür ederim,kargo,pozitif
Herşey istediğim gibi Bu sefer kargo sarıtu ürün herşey mükemmel teşekkür ederim.... Ha bu arada aynı PC ayuzbirde altibin kusurken burda çok daha uygun fiyata,ha bu arada aynı pc ayuzbirde altibin kusurken burda çok daha uygun fiyata,fiyat,notr
sağlam geldi şarz iyi bulutut bağlantı var kablosuz bağlantı İnternet bağlantısı var fiyatına göre gayet güzel,sağlam geldi şarz iyi bulutut bağlantı var kablosuz bağlantı internet bağlantısı var fiyatına göre gayet güzel,kargo,pozitif
sağlam geldi şarz iyi bulutut bağlantı var kablosuz bağlantı İnternet bağlantısı var fiyatına göre gayet güzel,sağlam geldi şarz iyi bulutut bağlantı var kablosuz bağlantı internet bağlantısı var fiyatına göre gayet güzel,fiyat,pozitif
"Tam istediğim boyutta ve hafiflikte lenovo bence çok iyi bir marka kardeşim müsade etse uzun yıllar kullanacağız ama birisini ortadan ikiye ayırmıştı, bana mısı","tam istediğim boyutta ve hafiflikte lenovo bence çok iyi bir marka kardeşim müsade etse uzun yıllar kullanacağız ama birisini ortadan ikiye ayırmıştı, bana mısı",genel,pozitif
Ürünü çok beğendim . Sorunsuz bir şekilde elime ulaştı. Okul için yeterli gibi görünüyor . İlk açtığınızda biraz bekliyorsunuz lakin sonra ki süreçte yani kurul,ürünü çok beğendim,genel,pozitif
Ürünü çok beğendim . Sorunsuz bir şekilde elime ulaştı. Okul için yeterli gibi görünüyor . İlk açtığınızda biraz bekliyorsunuz lakin sonra ki süreçte yani kurul,sorunsuz bir şekilde elime ulaştı,kargo,pozitif
Ürünü çok beğendim . Sorunsuz bir şekilde elime ulaştı. Okul için yeterli gibi görünüyor . İlk açtığınızda biraz bekliyorsunuz lakin sonra ki süreçte yani kurul,okul için yeterli gibi görünüyor,ses_goruntu,pozitif
Ben erkek arkaşıma hediye aldım Baya sağlam güzel paketlenmiş tasarımıda gayet güzel beğendim dış görünüş olarak başka bi markayla gıdıp geliyodum ama iyiki bun,ben erkek arkaşıma hediye aldım baya sağlam güzel paketlenmiş tasarımıda gayet güzel beğendim dış görünüş olarak başka bi markayla gıdıp geliyodum,fiyat,pozitif
Ben erkek arkaşıma hediye aldım Baya sağlam güzel paketlenmiş tasarımıda gayet güzel beğendim dış görünüş olarak başka bi markayla gıdıp geliyodum ama iyiki bun,ben erkek arkaşıma hediye aldım baya sağlam güzel paketlenmiş tasarımıda gayet güzel beğendim dış görünüş olarak başka bi markayla gıdıp geliyodum,ambalaj,pozitif
Gerçekten tereddüt ederek aldım iyikide almışım  bilgisayar alacak olanlara tavsiye ederim harika kendim kurdum ses kalitesi görüntü kalitesi mükemmel  bilgisay,gerçekten tereddüt ederek aldım iyikide almışım bilgisayar alacak olanlara tavsiye ederim harika kendim kurdum ses kalitesi görüntü kalitesi mükemmel bilgisay,kalite,pozitif
Gerçekten tereddüt ederek aldım iyikide almışım  bilgisayar alacak olanlara tavsiye ederim harika kendim kurdum ses kalitesi görüntü kalitesi mükemmel  bilgisay,gerçekten tereddüt ederek aldım iyikide almışım bilgisayar alacak olanlara tavsiye ederim harika kendim kurdum ses kalitesi görüntü kalitesi mükemmel bilgisay,fiyat,pozitif
Gerçekten tereddüt ederek aldım iyikide almışım  bilgisayar alacak olanlara tavsiye ederim harika kendim kurdum ses kalitesi görüntü kalitesi mükemmel  bilgisay,gerçekten tereddüt ederek aldım iyikide almışım bilgisayar alacak olanlara tavsiye ederim harika kendim kurdum ses kalitesi görüntü kalitesi mükemmel bilgisay,ses_goruntu,pozitif
valla paketleme on numara sağ saglim geldi baya şik ve güzel herkese tavsiye ederim satıcıya teşekkür ederim elinize sağlık,valla paketleme on numara sağ saglim geldi baya şik ve güzel herkese tavsiye ederim satıcıya teşekkür ederim elinize sağlık,kargo,pozitif
valla paketleme on numara sağ saglim geldi baya şik ve güzel herkese tavsiye ederim satıcıya teşekkür ederim elinize sağlık,valla paketleme on numara sağ saglim geldi baya şik ve güzel herkese tavsiye ederim satıcıya teşekkür ederim elinize sağlık,ambalaj,pozitif
simdilik memnunum sorunsuz açıldı kuruluma gerek yok,simdilik memnunum sorunsuz açıldı kuruluma gerek yok,ambalaj,pozitif
Ben çok beğendim almak isteyip tereddütte kalan arkadaşlarıma kesinlikle tavsiye ediyorum,ben çok beğendim almak isteyip tereddütte kalan arkadaşlarıma kesinlikle tavsiye ediyorum,genel,pozitif
gayet güzel kurulumunu yaptım ince zarif kardeşimin doğum günü için aldım çok tatlı paketlemeside korunaklı teşekkürler🤗,gayet güzel kurulumunu yaptım ince zarif kardeşimin doğum günü için aldım çok tatlı paketlemeside korunaklı teşekkürler,fiyat,pozitif
gayet güzel kurulumunu yaptım ince zarif kardeşimin doğum günü için aldım çok tatlı paketlemeside korunaklı teşekkürler🤗,gayet güzel kurulumunu yaptım ince zarif kardeşimin doğum günü için aldım çok tatlı paketlemeside korunaklı teşekkürler,ambalaj,pozitif
iyiki almışım gerçekten çok iyi. paketleme normaldi ürün baya güzel iş görür öğrenciyim derslerim için aldım,paketleme normaldi ürün baya güzel iş görür öğrenciyim derslerim için aldım,fiyat,pozitif
iyiki almışım gerçekten çok iyi. paketleme normaldi ürün baya güzel iş görür öğrenciyim derslerim için aldım,paketleme normaldi ürün baya güzel iş görür öğrenciyim derslerim için aldım,ambalaj,pozitif
çok çok iyi ben ders için aldım asla donma yapmıyor,çok çok iyi ben ders için aldım asla donma yapmıyor,fiyat,pozitif
5 sınıf oğlum için aldık. Memnunuz,5 sınıf oğlum için aldık. memnunuz,genel,notr
ürün son derece güzel kurulumu oldukça kolay kendiniz rahatlıkla yapabilirsiniz ses ve görüntü kalitesi de gayet güzel  ve hızlı çalışıyor kesinlikle tavsiye ed,ürün son derece güzel kurulumu oldukça kolay kendiniz rahatlıkla yapabilirsiniz ses ve görüntü kalitesi de gayet güzel ve hızlı çalışıyor kesinlikle tavsiye ed,kalite,pozitif
ürün son derece güzel kurulumu oldukça kolay kendiniz rahatlıkla yapabilirsiniz ses ve görüntü kalitesi de gayet güzel  ve hızlı çalışıyor kesinlikle tavsiye ed,ürün son derece güzel kurulumu oldukça kolay kendiniz rahatlıkla yapabilirsiniz ses ve görüntü kalitesi de gayet güzel ve hızlı çalışıyor kesinlikle tavsiye ed,ses_goruntu,pozitif
Ürün u kızıma aldim çok begendi teşekkür ederim,ürün u kızıma aldim çok begendi teşekkür ederim,genel,notr
Ürün beklediğimden çok daha güzel geldi paketlemesi de çok iyiydi fiyatı da şimdiki bilgisayarlara göre çok uygun ben eşime hediye aldım biz çok beğendik herkes,ürün beklediğimden çok daha güzel geldi paketlemesi de çok iyiydi fiyatı da şimdiki bilgisayarlara göre çok uygun ben eşime hediye aldım biz çok beğendik herkes,kargo,pozitif
Ürün beklediğimden çok daha güzel geldi paketlemesi de çok iyiydi fiyatı da şimdiki bilgisayarlara göre çok uygun ben eşime hediye aldım biz çok beğendik herkes,ürün beklediğimden çok daha güzel geldi paketlemesi de çok iyiydi fiyatı da şimdiki bilgisayarlara göre çok uygun ben eşime hediye aldım biz çok beğendik herkes,kalite,pozitif
Ürün beklediğimden çok daha güzel geldi paketlemesi de çok iyiydi fiyatı da şimdiki bilgisayarlara göre çok uygun ben eşime hediye aldım biz çok beğendik herkes,ürün beklediğimden çok daha güzel geldi paketlemesi de çok iyiydi fiyatı da şimdiki bilgisayarlara göre çok uygun ben eşime hediye aldım biz çok beğendik herkes,fiyat,pozitif
Ürün beklediğimden çok daha güzel geldi paketlemesi de çok iyiydi fiyatı da şimdiki bilgisayarlara göre çok uygun ben eşime hediye aldım biz çok beğendik herkes,ürün beklediğimden çok daha güzel geldi paketlemesi de çok iyiydi fiyatı da şimdiki bilgisayarlara göre çok uygun ben eşime hediye aldım biz çok beğendik herkes,ambalaj,pozitif
ürün 10 numara 5 yıldiz efsanee tam benim aradigimm,ürün 10 numara 5 yıldiz efsanee tam benim aradigimm,genel,pozitif
"tereddütlerım vardı akşam, sıparıs, verdım sabahında geldı kızım ıcın, çok yeterlı hemen kurdı ödevlerini ypıyor ozdllıkle meslek okuduğu ıcın proje yprken cok","tereddütlerım vardı akşam, sıparıs, verdım sabahında geldı kızım ıcın, çok yeterlı hemen kurdı ödevlerini ypıyor ozdllıkle meslek okuduğu ıcın proje yprken cok",genel,notr
teşekkür ederim gayet memnunum çok beğendim,teşekkür ederim gayet memnunum çok beğendim,genel,pozitif
"oğluma aldık. çok memnun, çok kullanışlı. ev kullanıcısı için harika. hızlı teslimat için teşekkürler.",hızlı teslimat için teşekkürler,kargo,pozitif
leptop çok güzel hızlı geldi teşekkür ederim,leptop çok güzel hızlı geldi teşekkür ederim,kargo,pozitif
Bir aydan az bir süredir kullanıyorum. Üniversite ve ofis işleri almıştım. Şimdilik her şey güzel,şimdilik her şey güzel,genel,pozitif
Güzel ürün ben ders çalışmak için almıştım işimi görüyor,güzel ürün ben ders çalışmak için almıştım işimi görüyor,genel,pozitif
kardeşime aldım çok güzel...,kardeşime aldım çok güzel,fiyat,pozitif
harika teşekkür ederim herşey için iyiki varsınız,harika teşekkür ederim herşey için iyiki varsınız,genel,pozitif
ben beğendim sadece YouTube ve PDFlerim için kısacası kpss çalışacaktım çok özellik istemedim bana yetti kullandıkça güncelleme yaparım satıcıya çok teşekkür ed,ben beğendim sadece youtube ve pdflerim için kısacası kpss çalışacaktım çok özellik istemedim bana yetti kullandıkça güncelleme yaparım satıcıya çok teşekkür ed,genel,pozitif
beklediğimden de iyi çıktı satıcı çok ilgi teşekkürler,beklediğimden de iyi çıktı satıcı çok ilgi teşekkürler,kalite,pozitif
Öğrenci için almıştım çok süper,öğrenci için almıştım çok süper,genel,pozitif
Öncelikle firmaya teşekkür ederim 1 günde Elime ulaştı Alıcak olan arkadaşlara tavsiye ederim Gayet güzel şık bir ürün ( Oyun için Değildir ) Ben müzik youtube,öncelikle firmaya teşekkür ederim 1 günde elime ulaştı alıcak olan arkadaşlara tavsiye ederim gayet güzel şık bir ürün oyun için değildir ben müzik youtube,kargo,pozitif
çok beğendim fiyat olarak da çok uygun,çok beğendim fiyat olarak da çok uygun,fiyat,pozitif
Kızım için aldım çok beğendi teşekkürler,kızım için aldım çok beğendi teşekkürler,fiyat,notr
Ürünü alırken başlarda tereddüt etmiştim alsam mı almasam mı diye kararsız kalmıştım. Laptop kurulumu kendisi yapıyor Şarjı dayanaklı Paketleme kusursuz yapılmı,ürünü alırken başlarda tereddüt etmiştim alsam mı almasam mı diye kararsız kalmıştım,genel,notr
Ürünü alırken başlarda tereddüt etmiştim alsam mı almasam mı diye kararsız kalmıştım. Laptop kurulumu kendisi yapıyor Şarjı dayanaklı Paketleme kusursuz yapılmı,laptop kurulumu kendisi yapıyor şarjı dayanaklı paketleme kusursuz yapılmı,kalite,pozitif
Ürünü alırken başlarda tereddüt etmiştim alsam mı almasam mı diye kararsız kalmıştım. Laptop kurulumu kendisi yapıyor Şarjı dayanaklı Paketleme kusursuz yapılmı,laptop kurulumu kendisi yapıyor şarjı dayanaklı paketleme kusursuz yapılmı,batarya,pozitif
Ürünü alırken başlarda tereddüt etmiştim alsam mı almasam mı diye kararsız kalmıştım. Laptop kurulumu kendisi yapıyor Şarjı dayanaklı Paketleme kusursuz yapılmı,laptop kurulumu kendisi yapıyor şarjı dayanaklı paketleme kusursuz yapılmı,ambalaj,pozitif
hemşirelik öğrencisiyim ben memnunum kullanışı rahat gayet iyi .,hemşirelik öğrencisiyim ben memnunum kullanışı rahat gayet iyi,genel,pozitif
kuzenim üniversite için almıştı çok memnun kalınca bana da tavsiye etti. öğretmenim Office uygulamaları için kullanıyorum gerçekten şahane bir ürün o kadar memn,öğretmenim office uygulamaları için kullanıyorum gerçekten şahane bir ürün o kadar memn,genel,pozitif
Kuzenim almıştı bende ondan görüp aldım çok hafif ince ve fiyatına göre iyi bir ürün kullanışlı benim işimi görücek kadar yeterli,kuzenim almıştı bende ondan görüp aldım çok hafif ince ve fiyatına göre iyi bir ürün kullanışlı benim işimi görücek kadar yeterli,fiyat,pozitif
Ürün elime ulaştı paketleme çok özenliydi tavsiye ederim kurulumu da olmuştu çok teşekkür ederim,ürün elime ulaştı paketleme çok özenliydi tavsiye ederim kurulumu da olmuştu çok teşekkür ederim,kargo,pozitif
Ürün elime ulaştı paketleme çok özenliydi tavsiye ederim kurulumu da olmuştu çok teşekkür ederim,ürün elime ulaştı paketleme çok özenliydi tavsiye ederim kurulumu da olmuştu çok teşekkür ederim,ambalaj,pozitif
gerçekten müthiş bir ürün. öğrenciyim ve işimi görüyor şarjı çok uzun süre gidiyor ses kalitesi beklediğimden de iyi bayıldımmm kesinlikle bu fiyata çok iyi bir,gerçekten müthiş bir ürün,genel,notr
gerçekten müthiş bir ürün. öğrenciyim ve işimi görüyor şarjı çok uzun süre gidiyor ses kalitesi beklediğimden de iyi bayıldımmm kesinlikle bu fiyata çok iyi bir,öğrenciyim ve işimi görüyor şarjı çok uzun süre gidiyor ses kalitesi beklediğimden de iyi bayıldımm kesinlikle bu fiyata çok iyi bir,kalite,pozitif
gerçekten müthiş bir ürün. öğrenciyim ve işimi görüyor şarjı çok uzun süre gidiyor ses kalitesi beklediğimden de iyi bayıldımmm kesinlikle bu fiyata çok iyi bir,öğrenciyim ve işimi görüyor şarjı çok uzun süre gidiyor ses kalitesi beklediğimden de iyi bayıldımm kesinlikle bu fiyata çok iyi bir,fiyat,pozitif
gerçekten müthiş bir ürün. öğrenciyim ve işimi görüyor şarjı çok uzun süre gidiyor ses kalitesi beklediğimden de iyi bayıldımmm kesinlikle bu fiyata çok iyi bir,öğrenciyim ve işimi görüyor şarjı çok uzun süre gidiyor ses kalitesi beklediğimden de iyi bayıldımm kesinlikle bu fiyata çok iyi bir,batarya,pozitif
gerçekten müthiş bir ürün. öğrenciyim ve işimi görüyor şarjı çok uzun süre gidiyor ses kalitesi beklediğimden de iyi bayıldımmm kesinlikle bu fiyata çok iyi bir,öğrenciyim ve işimi görüyor şarjı çok uzun süre gidiyor ses kalitesi beklediğimden de iyi bayıldımm kesinlikle bu fiyata çok iyi bir,ses_goruntu,pozitif
Beklediğimden daha iyi eski Laptopda benim aynı markaydı bozulunca acil laptop ihtiyacım oldu iyi ki almışım şu an işimi fazlasıyla görüyor memmun kaldım,beklediğimden daha iyi eski laptopda benim aynı markaydı bozulunca acil laptop ihtiyacım oldu iyi ki almışım şu an işimi fazlasıyla görüyor memmun kaldım,kalite,pozitif
Beklediğimden daha iyi eski Laptopda benim aynı markaydı bozulunca acil laptop ihtiyacım oldu iyi ki almışım şu an işimi fazlasıyla görüyor memmun kaldım,beklediğimden daha iyi eski laptopda benim aynı markaydı bozulunca acil laptop ihtiyacım oldu iyi ki almışım şu an işimi fazlasıyla görüyor memmun kaldım,fiyat,pozitif
çok beğendim gayet güzel ve hızlı geldi,çok beğendim gayet güzel ve hızlı geldi,kargo,pozitif
çok güzel bir ürün iyi paketlenmisti hızlı kargo,çok güzel bir ürün iyi paketlenmisti hızlı kargo,kargo,pozitif
çok güzel bir ürün iyi paketlenmisti hızlı kargo,çok güzel bir ürün iyi paketlenmisti hızlı kargo,ambalaj,pozitif
ben bilgisayarı beğendim tam bir fiyat performans ürünü çok şık ince duruyor ve kolay taşınabiliyor,ben bilgisayarı beğendim tam bir fiyat performans ürünü çok şık ince duruyor ve kolay taşınabiliyor,fiyat,pozitif
Mayis ayında aldim 5380 e memnunum günlük işleri yapıyorum aşırı beklentim olmadığı için bunu aldım şık güzel bir bilgisayar,mayis ayında aldim 5380 e memnunum günlük işleri yapıyorum aşırı beklentim olmadığı için bunu aldım şık güzel bir bilgisayar,kalite,pozitif
Mayis ayında aldim 5380 e memnunum günlük işleri yapıyorum aşırı beklentim olmadığı için bunu aldım şık güzel bir bilgisayar,mayis ayında aldim 5380 e memnunum günlük işleri yapıyorum aşırı beklentim olmadığı için bunu aldım şık güzel bir bilgisayar,fiyat,pozitif
ürün guzel bir şekilde paketlenmiş ve sağlam elimize geçti cok guzel ve kullanışlı orta öğretim ve lise öğrencisi icin mükemmel bir ürün,ürün guzel bir şekilde paketlenmiş ve sağlam elimize geçti cok guzel ve kullanışlı orta öğretim ve lise öğrencisi icin mükemmel bir ürün,ambalaj,pozitif
Gerçekten laptop mükemmel paketleme harikaydı,gerçekten laptop mükemmel paketleme harikaydı,ambalaj,pozitif
tavsiye ederim bilgisayar çok güzel çalışıyor maşallah,tavsiye ederim bilgisayar çok güzel çalışıyor maşallah,genel,pozitif
Beklediğim den çok daha güzel geldi hiç bir hasar yoktu bilgisayar asla kasmıyor ders çalışmak için almıştım ztn beklentimi fazlasıyla karşıladı diyebilirim,beklediğim den çok daha güzel geldi hiç bir hasar yoktu bilgisayar asla kasmıyor ders çalışmak için almıştım ztn beklentimi fazlasıyla karşıladı diyebilirim,kargo,pozitif
kızıma üniversitesi için aldım çok uygun fiyata ve umduğumuz dan daha iyi çıktı çok iyi kullanışlı ve kaliteli böyle bir ürünü almamıza vesile olan herkesten Al,kızıma üniversitesi için aldım çok uygun fiyata ve umduğumuz dan daha iyi çıktı çok iyi kullanışlı ve kaliteli böyle bir ürünü almamıza vesile olan herkesten al,kalite,pozitif
kızıma üniversitesi için aldım çok uygun fiyata ve umduğumuz dan daha iyi çıktı çok iyi kullanışlı ve kaliteli böyle bir ürünü almamıza vesile olan herkesten Al,kızıma üniversitesi için aldım çok uygun fiyata ve umduğumuz dan daha iyi çıktı çok iyi kullanışlı ve kaliteli böyle bir ürünü almamıza vesile olan herkesten al,fiyat,pozitif
ürün iyi paketleme güzeldi severek kullanıyorum,ürün iyi paketleme güzeldi severek kullanıyorum,ambalaj,pozitif
Ürün sapa sağlam geldi bir gün sonra kargo teslim edildi . İş yerim için aldım şimdi bir kızıma bir de oğluma alacağım,ürün sapa sağlam geldi bir gün sonra kargo teslim edildi,kargo,pozitif
Ürün sapa sağlam geldi bir gün sonra kargo teslim edildi . İş yerim için aldım şimdi bir kızıma bir de oğluma alacağım,iş yerim için aldım şimdi bir kızıma bir de oğluma alacağım,fiyat,notr
gayet iyi kurulumu basit gayet hızlı sıfır kutusunda geliyor almak isteyen gönül rahatlığıyla alabilir .ben birazda kızım için aldım ödevleri için temel şeylere,gayet iyi kurulumu basit gayet hızlı sıfır kutusunda geliyor almak isteyen gönül rahatlığıyla alabilir,ambalaj,pozitif
gayet iyi kurulumu basit gayet hızlı sıfır kutusunda geliyor almak isteyen gönül rahatlığıyla alabilir .ben birazda kızım için aldım ödevleri için temel şeylere,ben birazda kızım için aldım ödevleri için temel şeylere,fiyat,notr
çok güzel şık ve kullanışlı tavsiye ederim almak isteyen alsin bende okul için aldım tavsiye ederim,çok güzel şık ve kullanışlı tavsiye ederim almak isteyen alsin bende okul için aldım tavsiye ederim,fiyat,pozitif
sorunsuz geldi paketleme sağlam yapılmıştı satıcıya teşekkürler alttaki uygulamalar yoktu ben yükledim kurulumu çok kolay herkes rahatlıkla yapabilir f/p ürünü,sorunsuz geldi paketleme sağlam yapılmıştı satıcıya teşekkürler alttaki uygulamalar yoktu ben yükledim kurulumu çok kolay herkes rahatlıkla yapabilir f p ürünü,kargo,pozitif
sorunsuz geldi paketleme sağlam yapılmıştı satıcıya teşekkürler alttaki uygulamalar yoktu ben yükledim kurulumu çok kolay herkes rahatlıkla yapabilir f/p ürünü,sorunsuz geldi paketleme sağlam yapılmıştı satıcıya teşekkürler alttaki uygulamalar yoktu ben yükledim kurulumu çok kolay herkes rahatlıkla yapabilir f p ürünü,kalite,pozitif
sorunsuz geldi paketleme sağlam yapılmıştı satıcıya teşekkürler alttaki uygulamalar yoktu ben yükledim kurulumu çok kolay herkes rahatlıkla yapabilir f/p ürünü,sorunsuz geldi paketleme sağlam yapılmıştı satıcıya teşekkürler alttaki uygulamalar yoktu ben yükledim kurulumu çok kolay herkes rahatlıkla yapabilir f p ürünü,ambalaj,pozitif
Çantamla çok güzel kombin oldu,çantamla çok güzel kombin oldu,genel,pozitif
efsane işimi rahatlıkla görür öğrenciler için tavsiye ederim,efsane işimi rahatlıkla görür öğrenciler için tavsiye ederim,genel,pozitif
Çok güzel sağlam geldi 11 inde şipariş verdim ayın 12 si geldi çok güzel windos yüklü kurmasıda kolay bayıldım alın derim ..,çok güzel sağlam geldi 11 inde şipariş verdim ayın 12 si geldi çok güzel windos yüklü kurmasıda kolay bayıldım alın derim,kargo,pozitif
Ürün gayet sağlam kurulum kolay paketleme gayet iyiydi güvenle alınabilir,ürün gayet sağlam kurulum kolay paketleme gayet iyiydi güvenle alınabilir,ambalaj,pozitif
online eğitim için aldım çok kullanışlı şık bı laptop,online eğitim için aldım çok kullanışlı şık bı laptop,fiyat,notr
Gerçekten bayıldım özellikle de hemen yorum yapmak istemedim tam bir ay oldu kullanalı hiç bir sorun olmadı çok şükür gerçekten lenovo farkı bu işte hiç tereddü,gerçekten bayıldım özellikle de hemen yorum yapmak istemedim tam bir ay oldu kullanalı hiç bir sorun olmadı çok şükür gerçekten lenovo farkı bu işte hiç tereddü,genel,pozitif
Yaklaşık 3 4 aydır kullanıyorum kesinlikle hiç bir sorun yaşamadım çok beğeniyorum kötü yorum yapanlara takılmayın güvenin gerçekten muhteşem yks öğrencisiyim g,yaklaşık 3 4 aydır kullanıyorum kesinlikle hiç bir sorun yaşamadım çok beğeniyorum kötü yorum yapanlara takılmayın güvenin gerçekten muhteşem yks öğrencisiyim g,genel,pozitif
Kurulumu kendim yaptım çok güzel zarif bir bilgisayar beğendim kargo da sağlam geldi,kurulumu kendim yaptım çok güzel zarif bir bilgisayar beğendim kargo da sağlam geldi,kargo,pozitif
Hasarsız geldi paketleme çok iyiydi teşekkür ederim,hasarsız geldi paketleme çok iyiydi teşekkür ederim,kargo,pozitif
Hasarsız geldi paketleme çok iyiydi teşekkür ederim,hasarsız geldi paketleme çok iyiydi teşekkür ederim,ambalaj,pozitif
aslında 2 tane sipariş verecektim ama bı sorun yaşamaktan korktum 1 tane sipariş etmiştim . Ürün çok güzel hızlı kargolama da güzel ve hızlı çocuklarıma ders ça,ürün çok güzel hızlı kargolama da güzel ve hızlı çocuklarıma ders ça,kargo,pozitif
ürün güzel satışı çok güzel paketlemiş göndermişti görünüm olarak da çok güzel satıcıya teşekkür ediyorum,ürün güzel satışı çok güzel paketlemiş göndermişti görünüm olarak da çok güzel satıcıya teşekkür ediyorum,ambalaj,pozitif
6 aydır kullanıyorum çok memnunum  f/p ürünü,6 aydır kullanıyorum çok memnunum f p ürünü,genel,pozitif
öncelikle satıcı ürünü çok kısa süre içerisinde kargoladı ve elime ulaştı. bilgisayar tam bir öğrenci bilgisayarı alalı birkaç hafta oldu oyun vs indirince yava,öncelikle satıcı ürünü çok kısa süre içerisinde kargoladı ve elime ulaştı,kargo,notr
siz ne biçim satıcısınız bozuk ürünü bana kakaladınız 2 günde bozuldu ürün açıldı diye kabul etmiyorsunuz böyle saçmalık mı olur yazıklar olsun,siz ne biçim satıcısınız bozuk ürünü bana kakaladınız 2 günde bozuldu ürün açıldı diye kabul etmiyorsunuz böyle saçmalık mı olur yazıklar olsun,kalite,negatif
siz ne biçim satıcısınız bozuk ürünü bana kakaladınız 2 günde bozuldu ürün açıldı diye kabul etmiyorsunuz böyle saçmalık mı olur yazıklar olsun,siz ne biçim satıcısınız bozuk ürünü bana kakaladınız 2 günde bozuldu ürün açıldı diye kabul etmiyorsunuz böyle saçmalık mı olur yazıklar olsun,ambalaj,negatif
Kesinlikle tavsiye etmiyorum satıcıya sorup almıştım. Fakat daha alalı 1 hafta olmadan güncelleme alırken donup kaldı. Garantiye gönderdim içerisine herhangi bi,kesinlikle tavsiye etmiyorum satıcıya sorup almıştım. fakat daha alalı 1 hafta olmadan güncelleme alırken donup kaldı. garantiye gönderdim içerisine herhangi bi,genel,notr
Youtubeye girmek 15 dk sürüyor tavsiye etmiyorum,youtubeye girmek 15 dk sürüyor tavsiye etmiyorum,genel,notr
"paranızı çöp etmeyin kesinlikle almayın daha alalı bir ay olmadı kendi kendine ses gidiyor geri gelmiyor, film izlerken donuyor ekran, sarji 5 dakikada bitiyor","paranızı çöp etmeyin kesinlikle almayın daha alalı bir ay olmadı kendi kendine ses gidiyor geri gelmiyor, film izlerken donuyor ekran, sarji 5 dakikada bitiyor",fiyat,negatif
"paranızı çöp etmeyin kesinlikle almayın daha alalı bir ay olmadı kendi kendine ses gidiyor geri gelmiyor, film izlerken donuyor ekran, sarji 5 dakikada bitiyor","paranızı çöp etmeyin kesinlikle almayın daha alalı bir ay olmadı kendi kendine ses gidiyor geri gelmiyor, film izlerken donuyor ekran, sarji 5 dakikada bitiyor",batarya,negatif
"paranızı çöp etmeyin kesinlikle almayın daha alalı bir ay olmadı kendi kendine ses gidiyor geri gelmiyor, film izlerken donuyor ekran, sarji 5 dakikada bitiyor","paranızı çöp etmeyin kesinlikle almayın daha alalı bir ay olmadı kendi kendine ses gidiyor geri gelmiyor, film izlerken donuyor ekran, sarji 5 dakikada bitiyor",ses_goruntu,negatif
hayatımda gördüğüm en kötü bilgisayar olabilir iade etsem şu dakikada iade edebilirdim bilgisayarı açıyorum Bir saat sonra bekliyorum ki açılsın ben hayatta bu,hayatımda gördüğüm en kötü bilgisayar olabilir iade etsem şu dakikada iade edebilirdim bilgisayarı açıyorum bir saat sonra bekliyorum ki açılsın ben hayatta bu,genel,negatif
kargom kayıp 😒,kargom kayıp,kargo,notr
çok yavaş maalesef iade,çok yavaş maalesef iade,genel,negatif
ürünün birkaç yerinde çizik ses sistemi çok kötü,ürünün birkaç yerinde çizik ses sistemi çok kötü,ses_goruntu,negatif
Aşırı derece de yavaş ve donma yapıyor Google dahi giremiyor daha önce hiç böyle bir laptop görmedim. İade ediyorum.,aşırı derece de yavaş ve donma yapıyor google dahi giremiyor daha önce hiç böyle bir laptop görmedim,kalite,negatif
Ürün kendi kendine kasıp dönüyor açılmıyor bazen tema vs tıkanıyor..,ürün kendi kendine kasıp dönüyor açılmıyor bazen tema vs tıkanıyor,genel,negatif
ben ürünü iade ettim ucretimi talep ediyorum,ben ürünü iade ettim ucretimi talep ediyorum,genel,negatif
Ürün 6 ay içinde kullanılmaz hale geldi servis 16 bin tl istedi garantili olmasıda  bir işe taramıyor bu konuda ne yapabilirsiniz,ürün 6 ay içinde kullanılmaz hale geldi servis 16 bin tl istedi garantili olmasıda bir işe taramıyor bu konuda ne yapabilirsiniz,kargo,notr
kamerası çalışmıyo internet çok kasıyor ayrıca çok yavaş hiç beğenmedim iade ettim,kamerası çalışmıyo internet çok kasıyor ayrıca çok yavaş hiç beğenmedim iade ettim,ses_goruntu,negatif
abi bu ne ya 5 para etmez bu ürün. Yazık değil mi bize. zaten bir hafta da ancak geldi. çıka çıka tam bir hayal kırıklığı çıktı.  en az 3 saat sürdü yüklenip aç,abi bu ne ya 5 para etmez bu ürün,fiyat,notr
abi bu ne ya 5 para etmez bu ürün. Yazık değil mi bize. zaten bir hafta da ancak geldi. çıka çıka tam bir hayal kırıklığı çıktı.  en az 3 saat sürdü yüklenip aç,geldi,kargo,notr
ürün ü iade etmek istiyorum az önce iletişim numarası istedim reddedildi param çöpe gitti tüketici haklarına şikayette bulunacam.,ürün ü iade etmek istiyorum az önce iletişim numarası istedim reddedildi param çöpe gitti tüketici haklarına şikayette bulunacam,fiyat,negatif
Hard disk olanı almıştım fakat bana ssd olmayanı gönderilmiş bir türlü kurulum yapamadık iade ettim Casper kalitesi diye düşünmüştüm rezil olduk paramızla,bana ssd olmayanı gönderilmiş bir türlü kurulum yapamadık iade ettim casper kalitesi diye düşünmüştüm rezil olduk paramızla,kargo,negatif
Hard disk olanı almıştım fakat bana ssd olmayanı gönderilmiş bir türlü kurulum yapamadık iade ettim Casper kalitesi diye düşünmüştüm rezil olduk paramızla,bana ssd olmayanı gönderilmiş bir türlü kurulum yapamadık iade ettim casper kalitesi diye düşünmüştüm rezil olduk paramızla,kalite,negatif
Hard disk olanı almıştım fakat bana ssd olmayanı gönderilmiş bir türlü kurulum yapamadık iade ettim Casper kalitesi diye düşünmüştüm rezil olduk paramızla,bana ssd olmayanı gönderilmiş bir türlü kurulum yapamadık iade ettim casper kalitesi diye düşünmüştüm rezil olduk paramızla,fiyat,negatif
Güncellenemedi kaç saattir açılamadı,güncellenemedi kaç saattir açılamadı,genel,notr
Ekran ikinci kullanımda gitti. Resmen depoda durmuş bozuk ürünü satmışsınız. Şikayet edeceğim.,ekran ikinci kullanımda gitti,ses_goruntu,notr
Ekran ikinci kullanımda gitti. Resmen depoda durmuş bozuk ürünü satmışsınız. Şikayet edeceğim.,resmen depoda durmuş bozuk ürünü satmışsınız,genel,negatif
15 kasımda sizden aldım leptop bilgisayar kılavye yazıyı çok geç yazıyor neyden olabilir nasıl yapabilirim acilen dönüş yapsanız,15 kasımda sizden aldım leptop bilgisayar kılavye yazıyı çok geç yazıyor neyden olabilir nasıl yapabilirim acilen dönüş yapsanız,fiyat,negatif
Çok kötü yavaş,çok kötü yavaş,genel,negatif
"Çok kötü daha 1 ayı bitmeden kasmaya başladı, bilgisayardan ses gelmiyor ALMAYIN aldırtmayın!!!!!  çok kötü aldığıma çok pişmanım","çok kötü daha 1 ayı bitmeden kasmaya başladı, bilgisayardan ses gelmiyor almayın aldırtmayın",ses_goruntu,negatif
"Çok kötü daha 1 ayı bitmeden kasmaya başladı, bilgisayardan ses gelmiyor ALMAYIN aldırtmayın!!!!!  çok kötü aldığıma çok pişmanım",çok kötü aldığıma çok pişmanım,genel,negatif
Almayın aldırmayın bir youtubeye girmek için yarım saate açılmasını bekledim aşırı donuyor daha sabah geldi bilgisayar yeni açtım. Fiyatı uygun diyecekseniz dem,almayın aldırmayın bir youtubeye girmek için yarım saate açılmasını bekledim aşırı donuyor daha sabah geldi bilgisayar yeni açtım,kargo,negatif
Almayın aldırmayın bir youtubeye girmek için yarım saate açılmasını bekledim aşırı donuyor daha sabah geldi bilgisayar yeni açtım. Fiyatı uygun diyecekseniz dem,fiyatı uygun diyecekseniz dem,fiyat,notr
aşşırı yavaş. daha yeni olmasına rağmen böyleyse ileride nasıl olur bilemiyorum. basit işler için almama rağmen onları dahi tin tin anca yapıyor. iadeye gönderd,basit işler için almama rağmen onları dahi tin tin anca yapıyor,kalite,notr
Güncellenmiyor,güncellenmiyor,genel,notr
keşke almadaydim  ya saçma sapan hiç bir özelliği olmayan ağır çalışan bir bilgisayar tavsiye etmiyorum. ve aşırı hızlı bitiyor şarji dandik bir bilgisayar 👎,ve aşırı hızlı bitiyor şarji dandik bir bilgisayar,batarya,notr
Kesinlikle tavsiye etmiyorum bilgisayarı kurarken hafıza doldu şarjdayken olan şarjıda bitti şuan garantiye gitti ürün şarj 5 dkka bile dayanmıyor,kesinlikle tavsiye etmiyorum bilgisayarı kurarken hafıza doldu şarjdayken olan şarjıda bitti şuan garantiye gitti ürün şarj 5 dkka bile dayanmıyor,batarya,notr
beğenmedim maalesef çok yavaş,beğenmedim maalesef çok yavaş,genel,negatif
Aşırı donuyor iade ettim kabul etmediler. Açılan kullanılan ürün iade alınmıyormuş. Ben bunu kullanmadan yavaş olup olmadığını nereden bileceğim. Tek yaptığım t,açılan kullanılan ürün iade alınmıyormuş,genel,notr
bozuk bilgisayar Gönderdiler.Sıfır bilgisayar açılmıyor 4 saat oldu halâ güncelleştirme devam ediyor diyor.Sıfır bilgisayar bu nasıl olabilir .değişim istedik y,bozuk bilgisayar gönderdiler.sıfır bilgisayar açılmıyor 4 saat oldu halâ güncelleştirme devam ediyor diyor.sıfır bilgisayar bu nasıl olabilir .değişim istedik y,genel,negatif
Cok yavas donuyor,cok yavas donuyor,genel,negatif
malesef böyle rezil bir şey görmedim 3 saattir ugrasiyoruz bi oturum acmadi bi İnternet bağlantısı yok diyip duruyor yorumlara da baktım malesef kronik sorunu b,malesef böyle rezil bir şey görmedim 3 saattir ugrasiyoruz bi oturum acmadi bi internet bağlantısı yok diyip duruyor yorumlara da baktım malesef kronik sorunu b,genel,negatif
Çöpün çöpü 5 para etmez,çöpün çöpü 5 para etmez,fiyat,negatif
valla sesi gidiyor soyleyim,valla sesi gidiyor soyleyim,ses_goruntu,notr
ya daha bugün aldım ama PlayStore inmiyor hiçbir şey inmiyor ne yapacağımı bilmiyorum yaa iade edilirse iade edeceğim,ya daha bugün aldım,fiyat,notr
daha çok yeni olduğu için performansına dair yorum yapamıyorum. ısınma sorunu yaşamadık paket kargo çok iyiydi hasarsızca geldi. ben Word vb. Office programları,ısınma sorunu yaşamadık paket kargo çok iyiydi hasarsızca geldi,kargo,pozitif
daha çok yeni olduğu için performansına dair yorum yapamıyorum. ısınma sorunu yaşamadık paket kargo çok iyiydi hasarsızca geldi. ben Word vb. Office programları,ısınma sorunu yaşamadık paket kargo çok iyiydi hasarsızca geldi,ambalaj,pozitif
Dünyanın en kötü bilgisayarı kasma donma ne ararsan var,dünyanın en kötü bilgisayarı kasma donma ne ararsan var,genel,negatif
Ürün istediğim ses kalitesinde olmadığı için iademi kabul etmediler tredyol beni aradı kendileri de değil alıcak olan kişiler biraz daha para verip kaliteli ola,ürün istediğim ses kalitesinde olmadığı için iademi kabul etmediler tredyol beni aradı kendileri de değil alıcak olan kişiler biraz daha para verip kaliteli ola,kalite,pozitif
Ürün istediğim ses kalitesinde olmadığı için iademi kabul etmediler tredyol beni aradı kendileri de değil alıcak olan kişiler biraz daha para verip kaliteli ola,ürün istediğim ses kalitesinde olmadığı için iademi kabul etmediler tredyol beni aradı kendileri de değil alıcak olan kişiler biraz daha para verip kaliteli ola,fiyat,pozitif
Ürün istediğim ses kalitesinde olmadığı için iademi kabul etmediler tredyol beni aradı kendileri de değil alıcak olan kişiler biraz daha para verip kaliteli ola,ürün istediğim ses kalitesinde olmadığı için iademi kabul etmediler tredyol beni aradı kendileri de değil alıcak olan kişiler biraz daha para verip kaliteli ola,ses_goruntu,pozitif
Çok yavaştı. Memnun kalmadık 1 hafta kullandık servislik oldu. Sonra başkasına satmak zorunda kaldık.,çok yavaştı. memnun kalmadık 1 hafta kullandık servislik oldu. sonra başkasına satmak zorunda kaldık.,genel,negatif
1 yıldız bile hak etmiyor mecburiyetten onu da verdim hayatım da aldığım en dandik en kötü ürün ürünün kusurlu olmasına rağmen iade veya değişim almadılar yazık,1 yıldız bile hak etmiyor mecburiyetten onu da verdim hayatım da aldığım en dandik en kötü ürün ürünün kusurlu olmasına rağmen iade veya değişim almadılar yazık,genel,negatif
kızıma aldım çok kötü sürekli serviste ve dihim yapmıyorlar sarzi takılıyken bile kapaniuor,kızıma aldım çok kötü sürekli serviste ve dihim yapmıyorlar sarzi takılıyken bile kapaniuor,fiyat,negatif
bilgisayar hatalı çıktı kamera ve bulutut  hata veriyor sesi çok az ve kurulum yaptıktan sonra sürekli güncelleme yapıyor cihaz çok yavaş iade kodu oluşturdum d,bilgisayar hatalı çıktı kamera ve bulutut hata veriyor sesi çok az ve kurulum yaptıktan sonra sürekli güncelleme yapıyor cihaz çok yavaş iade kodu oluşturdum d,kalite,negatif
bilgisayar hatalı çıktı kamera ve bulutut  hata veriyor sesi çok az ve kurulum yaptıktan sonra sürekli güncelleme yapıyor cihaz çok yavaş iade kodu oluşturdum d,bilgisayar hatalı çıktı kamera ve bulutut hata veriyor sesi çok az ve kurulum yaptıktan sonra sürekli güncelleme yapıyor cihaz çok yavaş iade kodu oluşturdum d,ses_goruntu,negatif
Ürünü alalı 1 ay bile olmadan bozuldu ekran kapandı açılmıyo garanti kağıdı kayboldu gönderemedim elimde öyle kaldı ne yapmam gerekiyo garanti servisine faturay,ürünü alalı 1 ay bile olmadan bozuldu ekran kapandı açılmıyo garanti kağıdı kayboldu gönderemedim elimde öyle kaldı ne yapmam gerekiyo garanti servisine faturay,kalite,negatif
Ürünü alalı 1 ay bile olmadan bozuldu ekran kapandı açılmıyo garanti kağıdı kayboldu gönderemedim elimde öyle kaldı ne yapmam gerekiyo garanti servisine faturay,ürünü alalı 1 ay bile olmadan bozuldu ekran kapandı açılmıyo garanti kağıdı kayboldu gönderemedim elimde öyle kaldı ne yapmam gerekiyo garanti servisine faturay,ses_goruntu,negatif
Bir kaç gün önce elime ulaştı bugün kullanmak için açtım çok basit programlar yükledim googlechrome ve capcut bunları bile kaldırmadı o kadar yavaşki laptopu ka,bir kaç gün önce elime ulaştı bugün kullanmak için açtım çok basit programlar yükledim googlechrome ve capcut bunları bile kaldırmadı o kadar yavaşki laptopu ka,kargo,negatif
5 para etmez ürün bugün teslim aldım şarjdan çıkardığın anda laptop batarya boş diyip kapanıyor bulaşmayın,5 para etmez ürün bugün teslim aldım şarjdan çıkardığın anda laptop batarya boş diyip kapanıyor bulaşmayın,kargo,negatif
5 para etmez ürün bugün teslim aldım şarjdan çıkardığın anda laptop batarya boş diyip kapanıyor bulaşmayın,5 para etmez ürün bugün teslim aldım şarjdan çıkardığın anda laptop batarya boş diyip kapanıyor bulaşmayın,fiyat,negatif
5 para etmez ürün bugün teslim aldım şarjdan çıkardığın anda laptop batarya boş diyip kapanıyor bulaşmayın,5 para etmez ürün bugün teslim aldım şarjdan çıkardığın anda laptop batarya boş diyip kapanıyor bulaşmayın,batarya,negatif
Ocak ayında aldım 1 aydır kullanıyordum ki 15 gündür sürekli kapanıyor ve canı istediği zaman açılıyor malesef ki ucuz etin yahnisi yenmiyor !,ocak ayında aldım 1 aydır kullanıyordum ki 15 gündür sürekli kapanıyor ve canı istediği zaman açılıyor malesef ki ucuz etin yahnisi yenmiyor,fiyat,negatif
ses sıkıntısı var,ses sıkıntısı var,ses_goruntu,notr
Ben ilk defa aldım ve çok pişmanım çalıştığım için ilk kullanmadım ve fark etmedim ama çok yavaş çalışıyor ve sürekli bir sayfada takılıp kalıyor kullanışını hi,ben ilk defa aldım ve çok pişmanım çalıştığım için ilk kullanmadım ve fark etmedim,fiyat,negatif
bilgisayar sürekli kendi kendine kapanıyor,bilgisayar sürekli kendi kendine kapanıyor,genel,negatif
sakın yanılıp almayın pişmanlık gidin iyi birşey alın tablet vs alın ama bu asla hem yavaş hem kendi kendine kapanıyor pişman olursunuz elimden cıkarmaya calısı,sakın yanılıp almayın pişmanlık gidin iyi birşey alın tablet vs alın,genel,pozitif
ürününüz halen donuyor nasıl gönderebilirim işlem yapılmıyor,ürününüz halen donuyor nasıl gönderebilirim işlem yapılmıyor,kalite,negatif
cok kasıyor 5 ay oldu alalı cidden hiç bişeyde yuklu degil,cok kasıyor 5 ay oldu alalı cidden hiç bişeyde yuklu degil,genel,negatif
ürün kargo hızı mükemmel onun dışında aşırı donuyor kurulumu daha yapamadım o derece donuyor tavsiye etmem Casper gibi bir markaya böyle bir sistem yakışmamış,ürün kargo hızı mükemmel onun dışında aşırı donuyor kurulumu daha yapamadım o derece donuyor tavsiye etmem casper gibi bir markaya böyle bir sistem yakışmamış,kargo,notr
Çok kasıyor Öyle böyle değil yani 65 yaşın üzeri için alacaksanız efsane  ele geçmez,çok kasıyor öyle böyle değil yani 65 yaşın üzeri için alacaksanız efsane ele geçmez,genel,negatif
Nasıl bir bilgisayar anlamadım. Alalı 1 hafta olmadı 3-4 gündür donuyor sistemi yavaş. Bu paraya demekki bu ürün. 9250 aldım indirimle. Keşke başka marka baksay,bu paraya demekki bu ürün,fiyat,notr
Nasıl bir bilgisayar anlamadım. Alalı 1 hafta olmadı 3-4 gündür donuyor sistemi yavaş. Bu paraya demekki bu ürün. 9250 aldım indirimle. Keşke başka marka baksay,9250 aldım indirimle,fiyat,notr
uygun diye almıştım ilk açtığımda ekran karıncalandı bekledim defalarca başa sardı asla açmadı. sizi bilmem ama bu tür şeyleri gidip mağazadan almak daha iyi.,uygun diye almıştım ilk açtığımda ekran karıncalandı bekledim defalarca başa sardı asla açmadı,fiyat,negatif
uygun diye almıştım ilk açtığımda ekran karıncalandı bekledim defalarca başa sardı asla açmadı. sizi bilmem ama bu tür şeyleri gidip mağazadan almak daha iyi.,uygun diye almıştım ilk açtığımda ekran karıncalandı bekledim defalarca başa sardı asla açmadı,ses_goruntu,negatif
çok kasıyor kızım için almıştım hiç beğenmedim,çok kasıyor kızım için almıştım hiç beğenmedim,genel,negatif
şarjı 3 4 saat falan dayanıyor birazda yavaş doluyor uzun süreçte pek iyi olmaz  2 3 sekme açıkken bile çok kasıyor fiyatında altında bir performans malesef,şarjı 3 4 saat falan dayanıyor birazda yavaş doluyor uzun süreçte pek iyi olmaz 2 3 sekme açıkken bile çok kasıyor fiyatında altında bir performans malesef,fiyat,negatif
şarjı 3 4 saat falan dayanıyor birazda yavaş doluyor uzun süreçte pek iyi olmaz  2 3 sekme açıkken bile çok kasıyor fiyatında altında bir performans malesef,şarjı 3 4 saat falan dayanıyor birazda yavaş doluyor uzun süreçte pek iyi olmaz 2 3 sekme açıkken bile çok kasıyor fiyatında altında bir performans malesef,batarya,negatif
Çok yavaş kesinlikle almanızı tavsiye etmiyorum,çok yavaş kesinlikle almanızı tavsiye etmiyorum,genel,negatif
Aşırı yavaş ya,aşırı yavaş ya,genel,negatif
Çok yavaş bazen donuyor,çok yavaş bazen donuyor,genel,negatif
Bi süredir kullanılıyorum ama donuyor ekranı çok geç açılıyor,donuyor ekranı çok geç açılıyor,ses_goruntu,negatif
Çok kasıyor youtube falan zor kullanıyorum,çok kasıyor youtube falan zor kullanıyorum,genel,negatif
Gerçek güzel ve kullanışlı ben yks ye hazırlandığım için almıştım beğendim teşekkür ederim,gerçek güzel ve kullanışlı ben yks ye hazırlandığım için almıştım beğendim teşekkür ederim,genel,pozitif
Normal bir süre sonra kullanamıyor kizim çok donyor yavaş çalişyır,normal bir süre sonra kullanamıyor kizim çok donyor yavaş çalişyır,genel,negatif
Aldıktan 3 ay sonra sesi çıkmamaya başladı ara ara kasmaya başladı,aldıktan 3 ay sonra sesi çıkmamaya başladı ara ara kasmaya başladı,ses_goruntu,notr
ürün güzeldi ama benim işimi tam olarak görmediği için iade etmek zorunda kaldım,ürün güzeldi,genel,pozitif
ürün güzeldi ama benim işimi tam olarak görmediği için iade etmek zorunda kaldım,benim işimi tam olarak görmediği için iade etmek zorunda kaldım,fiyat,notr
hızlı geldi fiyat performans ürünü 1 haftadır kullanıyorum ağır iş kaldırcak bir pc değil office uygulamaları için ideal youtube dan video izlerkende can sıkıcı,hızlı geldi fiyat performans ürünü 1 haftadır kullanıyorum ağır iş kaldırcak bir pc değil office uygulamaları için ideal youtube dan video izlerkende can sıkıcı,kargo,negatif
hızlı geldi fiyat performans ürünü 1 haftadır kullanıyorum ağır iş kaldırcak bir pc değil office uygulamaları için ideal youtube dan video izlerkende can sıkıcı,hızlı geldi fiyat performans ürünü 1 haftadır kullanıyorum ağır iş kaldırcak bir pc değil office uygulamaları için ideal youtube dan video izlerkende can sıkıcı,fiyat,negatif
hızlı geldi fiyat performans ürünü 1 haftadır kullanıyorum ağır iş kaldırcak bir pc değil office uygulamaları için ideal youtube dan video izlerkende can sıkıcı,hızlı geldi fiyat performans ürünü 1 haftadır kullanıyorum ağır iş kaldırcak bir pc değil office uygulamaları için ideal youtube dan video izlerkende can sıkıcı,ses_goruntu,negatif
sürekli kasma yapıyor dönüyor yavaş yavaş çalışıyor bunu nasıl düzeltebilirim,sürekli kasma yapıyor dönüyor yavaş yavaş çalışıyor bunu nasıl düzeltebilirim,kalite,negatif
Fiyat performans ürünü sadece ders için aldım biraz yavaş kamera açılmıyor diyenler de olmuş kameranın tam üst tarafında kapakta kamerayı kapatmak isteyenler iç,fiyat performans ürünü sadece ders için aldım biraz yavaş kamera açılmıyor diyenler de olmuş kameranın tam üst tarafında kapakta kamerayı kapatmak isteyenler iç,fiyat,negatif
Fiyat performans ürünü sadece ders için aldım biraz yavaş kamera açılmıyor diyenler de olmuş kameranın tam üst tarafında kapakta kamerayı kapatmak isteyenler iç,fiyat performans ürünü sadece ders için aldım biraz yavaş kamera açılmıyor diyenler de olmuş kameranın tam üst tarafında kapakta kamerayı kapatmak isteyenler iç,ses_goruntu,negatif
bilgisayar yavas cok hizli bsy beklemeyin,bilgisayar yavas cok hizli bsy beklemeyin,genel,notr
Kameram calısmıyor,kameram calısmıyor,ses_goruntu,notr
Çok yavaş çalışıyor idare edicm artık,çok yavaş çalışıyor idare edicm artık,genel,negatif
Ürün Orta Seviye Bir Bilgisayar İş Görür,ürün orta seviye bir bilgisayar iş görür,genel,notr
yavaş çalışıyor ama fp ürünü,fp ürünü,genel,notr
Hala kurulmadı bekliyorum ekran gidiyo en baştan tekrar %0 oluyor anlamadım .,hala kurulmadı bekliyorum ekran gidiyo en baştan tekrar 0 oluyor anlamadım,ses_goruntu,notr
idare eder dileyelim ram4 olunca kasıyor bazen,idare eder dileyelim ram4 olunca kasıyor bazen,genel,notr
fena değil kullanışlı fp ürünü,fena değil kullanışlı fp ürünü,genel,pozitif
bu ekranda kaldı ne ileri gidiyor ne geri napicam,bu ekranda kaldı ne ileri gidiyor ne geri napicam,ses_goruntu,notr
Ürün güzel kargolanmıştı fakat bataryası ölü geldi. Bunları kontrol etmeden gönderiyorsunuz sonra insanlar uğraşıyor sizin emeğinizede alan kişiyede yazık.,ürün güzel kargolanmıştı,kargo,pozitif
Ürün güzel kargolanmıştı fakat bataryası ölü geldi. Bunları kontrol etmeden gönderiyorsunuz sonra insanlar uğraşıyor sizin emeğinizede alan kişiyede yazık.,bataryası ölü geldi,kargo,notr
Ürün güzel kargolanmıştı fakat bataryası ölü geldi. Bunları kontrol etmeden gönderiyorsunuz sonra insanlar uğraşıyor sizin emeğinizede alan kişiyede yazık.,bataryası ölü geldi,batarya,notr
Ürün güzel kargolanmıştı fakat bataryası ölü geldi. Bunları kontrol etmeden gönderiyorsunuz sonra insanlar uğraşıyor sizin emeğinizede alan kişiyede yazık.,bunları kontrol etmeden gönderiyorsunuz sonra insanlar uğraşıyor sizin emeğinizede alan kişiyede yazık,kargo,notr
aldıktan iki ay sonra daha doğru düzgün kullanmama rağmen şarji hiç dolmuyor prizden çıkardığım an kapanıyor hep 0 gösteriyor,aldıktan iki ay sonra daha doğru düzgün kullanmama rağmen şarji hiç dolmuyor prizden çıkardığım an kapanıyor hep 0 gösteriyor,batarya,negatif
malesefki çok ağır,malesefki çok ağır,genel,negatif
pın istiyor nasıl yapicam onu,pın istiyor nasıl yapicam onu,genel,notr
ürünü aldık sık tasarım güzel ama şarj olmuyor dolduramiyor şarjı bataryadanmi şarj aletinde bilmiyorum zaten hiç kullanılmamış oğlum kullanamadı  şarj erken bi,ürünü aldık sık tasarım güzel,genel,pozitif
ürünü aldık sık tasarım güzel ama şarj olmuyor dolduramiyor şarjı bataryadanmi şarj aletinde bilmiyorum zaten hiç kullanılmamış oğlum kullanamadı  şarj erken bi,şarj olmuyor dolduramiyor şarjı bataryadanmi şarj aletinde bilmiyorum zaten hiç kullanılmamış oğlum kullanamadı şarj erken bi,batarya,negatif
şimdiden kasıyor ☹️,şimdiden kasıyor,genel,negatif
çok kasıyor hiç birsey yüklü olmamasına rağmen işlerinde trenyol için kullanılmasına rağmen şarjı yarım gün yetmiyor çok kasıyor çok ağır,çok kasıyor hiç birsey yüklü olmamasına rağmen işlerinde trenyol için kullanılmasına rağmen şarjı yarım gün yetmiyor çok kasıyor çok ağır,batarya,negatif
günlük kullanım için çok güzel tavsiye edilirr,günlük kullanım için çok güzel tavsiye edilirr,genel,pozitif
en alt seviye şarkı aralıksız 4 saat gidiyor şimdilik sadece internet ve film izliyorum oyun oynamadım oynamaz sanırım,en alt seviye şarkı aralıksız 4 saat gidiyor şimdilik sadece internet ve film izliyorum oyun oynamadım oynamaz sanırım,batarya,notr
kutu içerisinden şarj kablosu ve adaptör çıkmadı. ürün eksık geldı,kutu içerisinden şarj kablosu ve adaptör çıkmadı,batarya,notr
kutu içerisinden şarj kablosu ve adaptör çıkmadı. ürün eksık geldı,kutu içerisinden şarj kablosu ve adaptör çıkmadı,ambalaj,notr
kutu içerisinden şarj kablosu ve adaptör çıkmadı. ürün eksık geldı,ürün eksık geldı,genel,notr
Ürün geldi fakat kamerası açılmıyor siyah ekran nasıl düzeltebilirim,ürün geldi,kargo,notr
Ürün geldi fakat kamerası açılmıyor siyah ekran nasıl düzeltebilirim,kamerası açılmıyor siyah ekran nasıl düzeltebilirim,ses_goruntu,negatif
arada kasması dışında sorun yok,arada kasması dışında sorun yok,genel,negatif
ürün gayet iyi kullanılır,ürün gayet iyi kullanılır,genel,pozitif
Ürün günlük kullanım için iyi ama ciddi ısınma problemi var alacak arkadaşlar bunu göze alıp almalı,ürün günlük kullanım için iyi,genel,pozitif
Ses çok kısık,ses çok kısık,ses_goruntu,notr
Ürün sorunsuz teslim edildi fakat kurulum da sorun yaşıyorum cihaz ilk kurulum da Wi-Fi bulmuyor,ürün sorunsuz teslim edildi,kargo,pozitif
Ürün sorunsuz teslim edildi fakat kurulum da sorun yaşıyorum cihaz ilk kurulum da Wi-Fi bulmuyor,kurulum da sorun yaşıyorum cihaz ilk kurulum da wi-fi bulmuyor,genel,notr
Bu fiyatta bu bilgisayar anca ama yani beğenmedim,bu fiyatta bu bilgisayar anca,fiyat,notr
işte idare eder iş görür sınava hazırlanıyorum işimi goruyorum ha dersen Cook iyi değil eh işte F/P ürün,işte idare eder iş görür sınava hazırlanıyorum işimi goruyorum ha dersen cook iyi değil eh işte f p ürün,genel,pozitif
öncelikle satıcıya çok tesekkür ederim bizi iade konusunda mağdur etmediği için.  Bilgisayar çok yavaş kurulum yapamadık. tercihimize göre iade ettik başka mode,öncelikle satıcıya çok tesekkür ederim bizi iade konusunda mağdur etmediği için. bilgisayar çok yavaş kurulum yapamadık. tercihimize göre iade ettik başka mode,genel,negatif
Begenmedım ekran kalıtesını,begenmedım ekran kalıtesını,ses_goruntu,notr
elime ulaştı sorunsuz bir şekilde yeni kullanmaya başladım  biraz kasıyor gibi,elime ulaştı sorunsuz bir şekilde yeni kullanmaya başladım biraz kasıyor gibi,kargo,notr
Daha geleli 1 hafta olmadı ses sistemi gitti bı türlüde çözülmedi ne biçim iş bu,daha geleli 1 hafta olmadı ses sistemi gitti bı türlüde çözülmedi ne biçim iş bu,ses_goruntu,negatif
ürün çok yavaştı kaplumbağa gibi malesef iade,ürün çok yavaştı kaplumbağa gibi malesef iade,genel,negatif
Yorumumu tekrar güncelemek zorunda kaldım çünkü laptopun ses seviyesi hiç iyi değil video izliyorsun ses kısık şarkı dinliyorsun ses kısık,yorumumu tekrar güncelemek zorunda kaldım çünkü laptopun ses seviyesi hiç iyi değil video izliyorsun ses kısık şarkı dinliyorsun ses kısık,fiyat,negatif
Yorumumu tekrar güncelemek zorunda kaldım çünkü laptopun ses seviyesi hiç iyi değil video izliyorsun ses kısık şarkı dinliyorsun ses kısık,yorumumu tekrar güncelemek zorunda kaldım çünkü laptopun ses seviyesi hiç iyi değil video izliyorsun ses kısık şarkı dinliyorsun ses kısık,ses_goruntu,negatif
güzel  kyllanışlı,güzel kyllanışlı,genel,pozitif
Altı ay oldu alalı üç ay sonra kendiliğinden kapandı garantiye yolladım bir hafta içinde geldi. şimdi tekrar kendiliğinden kapandı yolladım bir kaç arıza saydıl,altı ay oldu alalı üç ay sonra kendiliğinden kapandı garantiye yolladım bir hafta içinde geldi,kargo,notr
müthiş bu fiyata bu performans harika kendime aldım birde komşuma önerdim ona da aldık,müthiş bu fiyata bu performans harika kendime aldım birde komşuma önerdim ona da aldık,fiyat,pozitif
Bugün geldi bi tık yavaş ama gayet güzel saglam bi şekilde ulaştı fare içinde ayrıca teşekkür ederim,bugün geldi bi tık yavaş,kargo,negatif
Bugün geldi bi tık yavaş ama gayet güzel saglam bi şekilde ulaştı fare içinde ayrıca teşekkür ederim,gayet güzel saglam bi şekilde ulaştı fare içinde ayrıca teşekkür ederim,kargo,pozitif
Kargo gayet hızlıydı paketleme de iyiydi.Cok ağır bilgisayar işleriyle uğraşmayacağım için ideal.Satıcıya teşekkür ederim.:),kargo gayet hızlıydı paketleme de iyiydi,kargo,pozitif
Kargo gayet hızlıydı paketleme de iyiydi.Cok ağır bilgisayar işleriyle uğraşmayacağım için ideal.Satıcıya teşekkür ederim.:),kargo gayet hızlıydı paketleme de iyiydi,ambalaj,pozitif
ürün süper  paketleme harika,ürün süper paketleme harika,ambalaj,pozitif
hızlı teslimat paketlemesi baya İyi güzel görünüyor  fiyatına göre çok iyi alınır,hızlı teslimat paketlemesi baya iyi güzel görünüyor fiyatına göre çok iyi alınır,kargo,pozitif
hızlı teslimat paketlemesi baya İyi güzel görünüyor  fiyatına göre çok iyi alınır,hızlı teslimat paketlemesi baya iyi güzel görünüyor fiyatına göre çok iyi alınır,fiyat,pozitif
hızlı teslimat paketlemesi baya İyi güzel görünüyor  fiyatına göre çok iyi alınır,hızlı teslimat paketlemesi baya iyi güzel görünüyor fiyatına göre çok iyi alınır,ses_goruntu,pozitif
hızlı teslimat paketlemesi baya İyi güzel görünüyor  fiyatına göre çok iyi alınır,hızlı teslimat paketlemesi baya iyi güzel görünüyor fiyatına göre çok iyi alınır,ambalaj,pozitif
güzel beğendim İnşallah bi sorun olmaz,güzel beğendim inşallah bi sorun olmaz,genel,pozitif
güzel ürünl,güzel ürünl,genel,pozitif
Fiyatına göre iyi ince kolay taşınabilir şarj aleti çok hafif kullanışlı ekran açılım özelliği de çok iyi özellikler olarak bu fiyata çok iyi,fiyatına göre iyi ince kolay taşınabilir şarj aleti çok hafif kullanışlı ekran açılım özelliği de çok iyi özellikler olarak bu fiyata çok iyi,fiyat,pozitif
Fiyatına göre iyi ince kolay taşınabilir şarj aleti çok hafif kullanışlı ekran açılım özelliği de çok iyi özellikler olarak bu fiyata çok iyi,fiyatına göre iyi ince kolay taşınabilir şarj aleti çok hafif kullanışlı ekran açılım özelliği de çok iyi özellikler olarak bu fiyata çok iyi,batarya,pozitif
Fiyatına göre iyi ince kolay taşınabilir şarj aleti çok hafif kullanışlı ekran açılım özelliği de çok iyi özellikler olarak bu fiyata çok iyi,fiyatına göre iyi ince kolay taşınabilir şarj aleti çok hafif kullanışlı ekran açılım özelliği de çok iyi özellikler olarak bu fiyata çok iyi,ses_goruntu,pozitif
Süper değil ama güzel ben dizi izlemek için aldım işimi görüyor,güzel ben dizi izlemek için aldım işimi görüyor,fiyat,pozitif
hiç güzel değil,hiç güzel değil,genel,negatif
"yorum yapmadan önce 5 gün kullandım. cihaz çabuk ısınıyor, şarjı iyi gidiyor, daha çoğu şey indirmememe rağmen kasıyor biraz. bu yüzden bir puan kırdım. genel o","cihaz çabuk ısınıyor, şarjı iyi gidiyor, daha çoğu şey indirmememe rağmen kasıyor biraz",batarya,negatif
"yorum yapmadan önce 5 gün kullandım. cihaz çabuk ısınıyor, şarjı iyi gidiyor, daha çoğu şey indirmememe rağmen kasıyor biraz. bu yüzden bir puan kırdım. genel o",bu yüzden bir puan kırdım,genel,notr
"yorum yapmadan önce 5 gün kullandım. cihaz çabuk ısınıyor, şarjı iyi gidiyor, daha çoğu şey indirmememe rağmen kasıyor biraz. bu yüzden bir puan kırdım. genel o",genel o,genel,notr
Öğrenci işi güzel,öğrenci işi güzel,genel,pozitif
aldım ama hâlâ doğru düzgün kullanmadım sanki yavaş çalışıyor açıkçası keşke mağazasından alsaydım diyorum kurulumunu yanlış yapmışta olabilirim,aldım,fiyat,notr
fiyatına göre gayet iyi,fiyatına göre gayet iyi,fiyat,pozitif
iyi kullanisli,iyi kullanisli,genel,pozitif
Ürün bir günde elime ulaştı paketleme vs gayet iyiydi iki saat falan uğraştım ısınıyor normla mi bilmiyrpum ama .,ürün bir günde elime ulaştı paketleme vs gayet iyiydi iki saat falan uğraştım ısınıyor normla mi bilmiyrpum,kargo,pozitif
Ürün bir günde elime ulaştı paketleme vs gayet iyiydi iki saat falan uğraştım ısınıyor normla mi bilmiyrpum ama .,ürün bir günde elime ulaştı paketleme vs gayet iyiydi iki saat falan uğraştım ısınıyor normla mi bilmiyrpum,ambalaj,pozitif
Müzik ve fılıme bıre bır,müzik ve fılıme bıre bır,genel,notr
güzel memnunuz kardesime aldik,güzel memnunuz kardesime aldik,genel,pozitif
Bir süredir kullanıyorum çok memnunum,bir süredir kullanıyorum çok memnunum,genel,pozitif
"..,?!?,…,,???!!","..,?!?, ,,??!!",genel,notr
Beğendim bayadır kullanıyorum iş görür. Bir puanıda bir kaç saat açık kalınca arada yeniden başlatmak gerekiyor kasıyor ve görüntü gidiyor ordan kırdım.,bir puanıda bir kaç saat açık kalınca arada yeniden başlatmak gerekiyor kasıyor ve görüntü gidiyor ordan kırdım,genel,negatif
fiyatına göre çok iyii,fiyatına göre çok iyii,fiyat,pozitif
Fiyata göre performansi iyi. Cederon yine düşünmeyin yeni nesil işlemci ve ssd hdd var. Bilgisayar ortama hızda. Casper marka iyi. Firma ürününün arkasında duru,fiyata göre performansi iyi,fiyat,pozitif
Fiyata göre performansi iyi. Cederon yine düşünmeyin yeni nesil işlemci ve ssd hdd var. Bilgisayar ortama hızda. Casper marka iyi. Firma ürününün arkasında duru,firma ürününün arkasında duru,genel,notr
iyi kullanışlı bir ürün,iyi kullanışlı bir ürün,genel,pozitif
Fiyat performans olarak güzel sadece bir tık yavaş gibi geldi bana,fiyat performans olarak güzel sadece bir tık yavaş gibi geldi bana,kargo,notr
Fiyat performans olarak güzel sadece bir tık yavaş gibi geldi bana,fiyat performans olarak güzel sadece bir tık yavaş gibi geldi bana,fiyat,notr
Vasat ürün,vasat ürün,genel,negatif
Merhaba sizden yeni aldığım Casper Nirvana bilgisayarın resmi web sitesinde şarj süresi 8-10 arasında belirtiliyor ancak maximum 4 saat sonunda şarjı bitiyor. N,merhaba sizden yeni aldığım casper nirvana bilgisayarın resmi web sitesinde şarj süresi 8-10 arasında belirtiliyor,batarya,notr
Merhaba sizden yeni aldığım Casper Nirvana bilgisayarın resmi web sitesinde şarj süresi 8-10 arasında belirtiliyor ancak maximum 4 saat sonunda şarjı bitiyor. N,maximum 4 saat sonunda şarjı bitiyor,batarya,notr
Görüntü kalitesi biraz düşük onun dışında sesi vs güzel günlük kullanıma uygun,görüntü kalitesi biraz düşük onun dışında sesi vs güzel günlük kullanıma uygun,kalite,notr
Görüntü kalitesi biraz düşük onun dışında sesi vs güzel günlük kullanıma uygun,görüntü kalitesi biraz düşük onun dışında sesi vs güzel günlük kullanıma uygun,fiyat,notr
Görüntü kalitesi biraz düşük onun dışında sesi vs güzel günlük kullanıma uygun,görüntü kalitesi biraz düşük onun dışında sesi vs güzel günlük kullanıma uygun,ses_goruntu,notr
Ürün güzel ve hızlı geldi teşekkür ediyorum,ürün güzel ve hızlı geldi teşekkür ediyorum,kargo,pozitif
acil ihtiyacım olduğu için aldım genel olarak memnunum ince ve kibar bir tasarımı var kullanımı keyifli görsel olarak da hoş,acil ihtiyacım olduğu için aldım genel olarak memnunum ince ve kibar bir tasarımı var kullanımı keyifli görsel olarak da hoş,fiyat,pozitif
Öğrenci indirimiyle aldım,öğrenci indirimiyle aldım,fiyat,notr
Uzun zamandır kullanıyorum memnunum,uzun zamandır kullanıyorum memnunum,genel,pozitif
idare eder,idare eder,genel,pozitif
ürünün görünüş fena değil ama hiçbişey yüklü değil. Herşeyi kendin indiriyosun,ürünün görünüş fena değil,genel,pozitif
ürünüm elime ulaştı fakat şarj cihazı ile ilgili bir sorun var bu konu hakkında yardımcı olabilir misiniz. şarj olmuyor.,ürünüm elime ulaştı,kargo,notr
ürünüm elime ulaştı fakat şarj cihazı ile ilgili bir sorun var bu konu hakkında yardımcı olabilir misiniz. şarj olmuyor.,şarj cihazı ile ilgili bir sorun var bu konu hakkında yardımcı olabilir misiniz,batarya,notr
ürünüm elime ulaştı fakat şarj cihazı ile ilgili bir sorun var bu konu hakkında yardımcı olabilir misiniz. şarj olmuyor.,şarj olmuyor,batarya,negatif
Günlük kullanım için ideal,günlük kullanım için ideal,genel,notr
günlük kullanım için gayet ideal bir ürün fiyat performans ürünü diyebilirim. çok yüksek bir performans beklemeyin derim.,günlük kullanım için gayet ideal bir ürün fiyat performans ürünü diyebilirim,fiyat,notr
diski biraz düşük,diski biraz düşük,genel,negatif
Yeni aldım çok güzel paketlenmiş herhangi bir yerinde kırık çizik vs yok gayet memnun kaldım,yeni aldım çok güzel paketlenmiş herhangi bir yerinde kırık çizik vs yok gayet memnun kaldım,fiyat,pozitif
Yeni aldım çok güzel paketlenmiş herhangi bir yerinde kırık çizik vs yok gayet memnun kaldım,yeni aldım çok güzel paketlenmiş herhangi bir yerinde kırık çizik vs yok gayet memnun kaldım,ambalaj,pozitif
ben indirdimdeyken aldım gayet iyi iş görür,ben indirdimdeyken aldım gayet iyi iş görür,fiyat,pozitif
beğendim beklediğim gibi geldi,beğendim beklediğim gibi geldi,kargo,pozitif
beğendim beklediğim gibi geldi,beğendim beklediğim gibi geldi,kalite,pozitif
Gayet güzel,gayet güzel,genel,pozitif
Kargo aşırı hızlıydı ben ilçede oturuyorum siparişimin ertesi günü geldi.  Ben pek anlamam bilgisayar özelliklerinden baktığım zaman öyle hoş yani,kargo aşırı hızlıydı ben ilçede oturuyorum siparişimin ertesi günü geldi,kargo,pozitif
beklediğimden iyi geldi çok iyi paketlenmiş,beklediğimden iyi geldi çok iyi paketlenmiş,kargo,pozitif
beklediğimden iyi geldi çok iyi paketlenmiş,beklediğimden iyi geldi çok iyi paketlenmiş,kalite,pozitif
beklediğimden iyi geldi çok iyi paketlenmiş,beklediğimden iyi geldi çok iyi paketlenmiş,ambalaj,pozitif
Bir puanı ses kalitesinden kırdım sanki sesi çok az geliyor yüksek seste müzik dinlemek isteyenler için ekstra ses sistemi hopörlörü gerekecek tasarımı kullanım,bir puanı ses kalitesinden kırdım sanki sesi çok az geliyor yüksek seste müzik dinlemek isteyenler için ekstra ses sistemi hopörlörü gerekecek tasarımı kullanım,kalite,notr
Bir puanı ses kalitesinden kırdım sanki sesi çok az geliyor yüksek seste müzik dinlemek isteyenler için ekstra ses sistemi hopörlörü gerekecek tasarımı kullanım,bir puanı ses kalitesinden kırdım sanki sesi çok az geliyor yüksek seste müzik dinlemek isteyenler için ekstra ses sistemi hopörlörü gerekecek tasarımı kullanım,ses_goruntu,notr
resimdeki gibi henüz herhangi bir sıkıntı yaşamadım,resimdeki gibi henüz herhangi bir sıkıntı yaşamadım,genel,notr
ürünü beğendim paketlemesi çok iyiydi  ders çalışmak için çok güzel bir bilgisayar,ürünü beğendim paketlemesi çok iyiydi ders çalışmak için çok güzel bir bilgisayar,ambalaj,pozitif
Ben okul için slayt yaparım diye aldım şuanlık iş görüyor paketleme sağlamdı,ben okul için slayt yaparım diye aldım şuanlık iş görüyor paketleme sağlamdı,fiyat,pozitif
Ben okul için slayt yaparım diye aldım şuanlık iş görüyor paketleme sağlamdı,ben okul için slayt yaparım diye aldım şuanlık iş görüyor paketleme sağlamdı,ambalaj,pozitif
memnun sağlam geldi teşekkürler herkese tavsiye ederim,memnun sağlam geldi teşekkürler herkese tavsiye ederim,kargo,pozitif
Ürün çok güzel teşekkür ederim hiç tereddütsüz alabilirsiniz,ürün çok güzel teşekkür ederim hiç tereddütsüz alabilirsiniz,genel,pozitif
gayet iyi kargoda gayet güzel gelsi,gayet iyi kargoda gayet güzel gelsi,kargo,pozitif
Oğluma doğum günü hediyesi aldım çok mutlu elinden hiç düşürmüyor satıcı çok güzel kargolamış sorunsuz geldi teşekkür ederim,oğluma doğum günü hediyesi aldım çok mutlu elinden hiç düşürmüyor satıcı çok güzel kargolamış sorunsuz geldi teşekkür ederim,kargo,pozitif
Oğluma doğum günü hediyesi aldım çok mutlu elinden hiç düşürmüyor satıcı çok güzel kargolamış sorunsuz geldi teşekkür ederim,oğluma doğum günü hediyesi aldım çok mutlu elinden hiç düşürmüyor satıcı çok güzel kargolamış sorunsuz geldi teşekkür ederim,fiyat,pozitif
çok güzel kızlarım beyendi,çok güzel kızlarım beyendi,genel,pozitif
Ürün hızlı bir şekilde elime ulaştı.cihaz günlük işler için gayet yeterli ve kullanışlı fazla bi şey beklemek doğru olmaz.tasarımı şık ve güzel fiyat performans,ürün hızlı bir şekilde elime ulaştı,kargo,pozitif
Ürün hızlı bir şekilde elime ulaştı.cihaz günlük işler için gayet yeterli ve kullanışlı fazla bi şey beklemek doğru olmaz.tasarımı şık ve güzel fiyat performans,cihaz günlük işler için gayet yeterli ve kullanışlı fazla bi şey beklemek doğru olmaz,genel,pozitif
Ürün hızlı bir şekilde elime ulaştı.cihaz günlük işler için gayet yeterli ve kullanışlı fazla bi şey beklemek doğru olmaz.tasarımı şık ve güzel fiyat performans,tasarımı şık ve güzel fiyat performans,fiyat,pozitif
Aylar sonra yorumum. Win 11 de çok kasıyor. Win 8 de kullanıyorum. Daha akışkan oluyor. Celeron olduğu için kasmasını normal karşılıyorum. 1.1ghz hız veriyor. B,aylar sonra yorumum. win 11 de çok kasıyor. win 8 de kullanıyorum. daha akışkan oluyor. celeron olduğu için kasmasını normal karşılıyorum. 1.1ghz hız veriyor. b,genel,negatif
Harika sorunsuz elime ulaştı teşekkürler,harika sorunsuz elime ulaştı teşekkürler,kargo,pozitif
Harika walla,harika walla,genel,pozitif
cok güzel tavsiye ederim,cok güzel tavsiye ederim,genel,pozitif
Gönül rahatlığıyla tercih edebilirsiniz. Üründen de memnunum paketlemesinden de. Teşekkürler 🙏🏻,üründen de memnunum paketlemesinden de,ambalaj,pozitif
Alıp alınabilecek en kötü bilgisayar diyebilirim ekran görüntüsü kötü ses iletimi kötü alır almaz daha açar açmaz kasmalar yaptı günlük çalışan birinin işine bi,alıp alınabilecek en kötü bilgisayar diyebilirim ekran görüntüsü kötü ses iletimi kötü alır almaz daha açar açmaz kasmalar yaptı günlük çalışan birinin işine bi,ses_goruntu,negatif
Bugün elime geçti çabuk  düzgün paketli idi şu anda kurulumunu yapıyorum satıcıya teşekkürler.,bugün elime geçti çabuk düzgün paketli idi şu anda kurulumunu yapıyorum satıcıya teşekkürler,kalite,notr
Bugün elime geçti çabuk  düzgün paketli idi şu anda kurulumunu yapıyorum satıcıya teşekkürler.,bugün elime geçti çabuk düzgün paketli idi şu anda kurulumunu yapıyorum satıcıya teşekkürler,ambalaj,notr
biraz yavaş onun dışında bir problem yok,biraz yavaş onun dışında bir problem yok,genel,negatif
Sorunsuz geldi teşekkürler,sorunsuz geldi teşekkürler,kargo,pozitif
Ürün gayet kullanışlı sadece 1 tık yavaş oda normal sağlam geldi,ürün gayet kullanışlı sadece 1 tık yavaş oda normal sağlam geldi,kargo,notr
Fiyatına göre gayet başarılı bir ürün. ofis işleri için çok ideal.,fiyatına göre gayet başarılı bir ürün,fiyat,pozitif
hayatımda gördüğüm en kötü bilgisayar şarjı çabuk bitiyor donuyor hiç Bir uygulamaya inmiyor,hayatımda gördüğüm en kötü bilgisayar şarjı çabuk bitiyor donuyor hiç bir uygulamaya inmiyor,batarya,negatif
Çok hızlı kargoydu dün sipariş verdim bugün elimdeydi . Güzel notunuz için teşekkür ederim 🙏 . Kardeşim kullanıyor çok memnun kardeşimden dolayı aldım,çok hızlı kargoydu dün sipariş verdim bugün elimdeydi,kargo,pozitif
Çok hızlı kargoydu dün sipariş verdim bugün elimdeydi . Güzel notunuz için teşekkür ederim 🙏 . Kardeşim kullanıyor çok memnun kardeşimden dolayı aldım,kardeşim kullanıyor çok memnun kardeşimden dolayı aldım,fiyat,notr
merhaba ben umut bir şey diyicem tek şikayetim biraz geç geldi tabi kars uzak fakat bilgisayarımı çok sevdim casper a trendyola ve babama teşekkür ederim,merhaba ben umut bir şey diyicem tek şikayetim biraz geç geldi tabi kars uzak,kargo,notr
Ürün görseldeki gibi Fiyatı uygun çocuklar icin aldık kullanışlı uygun fiyata bilgisayar almayı düşününen için ideal tavsiye ederim.,ürün görseldeki gibi fiyatı uygun çocuklar icin aldık kullanışlı uygun fiyata bilgisayar almayı düşününen için ideal tavsiye ederim,fiyat,pozitif
5 yıldız koydum ki ilklerde oldun ama kesinlikle alınmaz paranıza yazık sürekli donuyor sürekli sesi gidiyor sürekli ısınıyor sürekli bağlantı hatası yani gerek,5 yıldız koydum ki ilklerde oldun,genel,pozitif
5 yıldız koydum ki ilklerde oldun ama kesinlikle alınmaz paranıza yazık sürekli donuyor sürekli sesi gidiyor sürekli ısınıyor sürekli bağlantı hatası yani gerek,kesinlikle alınmaz paranıza yazık sürekli donuyor sürekli sesi gidiyor sürekli ısınıyor sürekli bağlantı hatası yani gerek,fiyat,negatif
5 yıldız koydum ki ilklerde oldun ama kesinlikle alınmaz paranıza yazık sürekli donuyor sürekli sesi gidiyor sürekli ısınıyor sürekli bağlantı hatası yani gerek,kesinlikle alınmaz paranıza yazık sürekli donuyor sürekli sesi gidiyor sürekli ısınıyor sürekli bağlantı hatası yani gerek,ses_goruntu,negatif
Güzel beğendim,güzel beğendim,genel,pozitif
merhaba aldığım ürünün garantisine nasıl ulaşabilirim,merhaba aldığım ürünün garantisine nasıl ulaşabilirim,genel,notr
Ürün mükemmel çok hızlı kaliteli tasarım şık fıyatıda uygun,ürün mükemmel çok hızlı kaliteli tasarım şık fıyatıda uygun,kalite,pozitif
Ürün mükemmel çok hızlı kaliteli tasarım şık fıyatıda uygun,ürün mükemmel çok hızlı kaliteli tasarım şık fıyatıda uygun,fiyat,pozitif
sorunsuz tskler,sorunsuz tskler,genel,pozitif
mükkemmel bi bilgisayar 3 ay oldu alalı kullananlı daha pratik bişi isterseniz daha küçük boyutlu veya tablet bakabilirsiniz ama bu mükemmel 1 yıl oldu kullanıy,mükkemmel bi bilgisayar 3 ay oldu alalı kullananlı daha pratik bişi isterseniz daha küçük boyutlu veya tablet bakabilirsiniz,genel,notr
Fiyatına göre en iyisi,fiyatına göre en iyisi,fiyat,pozitif
Kargom geldi çok beğendik fiyat performans ürünü,kargom geldi çok beğendik fiyat performans ürünü,kargo,notr
Kargom geldi çok beğendik fiyat performans ürünü,kargom geldi çok beğendik fiyat performans ürünü,fiyat,notr
teşekkürler,teşekkürler,genel,notr
bilgisayar güzel paketli geldi kullandığımda guncellerim,bilgisayar güzel paketli geldi kullandığımda guncellerim,kargo,pozitif
bilgisayar güzel paketli geldi kullandığımda guncellerim,bilgisayar güzel paketli geldi kullandığımda guncellerim,ambalaj,pozitif
Çok iyi çok güzel,çok iyi çok güzel,genel,pozitif
yazı yazıyosunuz 10 saniye sonra gözüküyor ekranda videolar donuyor iade edeceğim 5 yıldız üstte görünsün diye veriyorum,yazı yazıyosunuz 10 saniye sonra gözüküyor ekranda videolar donuyor iade edeceğim 5 yıldız üstte görünsün diye veriyorum,ses_goruntu,negatif
Beğendim severek kullanıyorum,beğendim severek kullanıyorum,genel,pozitif
fiyat performans ürünü çok güzel iş için aldım,fiyat performans ürünü çok güzel iş için aldım,fiyat,pozitif
"casper kalitesi, görüntü, ses gayet iyi, beğendim, bundan önceki laptopumda casperdi","casper kalitesi, görüntü, ses gayet iyi, beğendim, bundan önceki laptopumda casperdi",kalite,pozitif
"casper kalitesi, görüntü, ses gayet iyi, beğendim, bundan önceki laptopumda casperdi","casper kalitesi, görüntü, ses gayet iyi, beğendim, bundan önceki laptopumda casperdi",ses_goruntu,pozitif
Sorunsuz geldi güzel ürün,sorunsuz geldi güzel ürün,kargo,pozitif
ders ve çalışma için 10 numara,ders ve çalışma için 10 numara,genel,pozitif
görüntü güzel ama arada kasıyor çok yüklenmeden arada kullanacağın bir ürün,arada kasıyor çok yüklenmeden arada kullanacağın bir ürün,genel,negatif
Tam bir fiyat performans ürünü.Ders çalışmak ve Office programlarını kullanmak için almıştım.İşimi görecek kalitede.,tam bir fiyat performans ürünü,fiyat,notr
Tam bir fiyat performans ürünü.Ders çalışmak ve Office programlarını kullanmak için almıştım.İşimi görecek kalitede.,işimi görecek kalitede,kalite,notr
arada sırada kasıyor,arada sırada kasıyor,genel,negatif
ben sunum için kullanıyorum işime yarıyor. büyüklüğü iyi,ben sunum için kullanıyorum işime yarıyor. büyüklüğü iyi,genel,pozitif
teşekkürler.  herşey yolunda 6 aydır kullanıyorum,teşekkürler. herşey yolunda 6 aydır kullanıyorum,genel,notr
"Tek kelime ile harika, kaplaması ambalajı, kargoya veriliş hızı mükemmel","tek kelime ile harika, kaplaması ambalajı, kargoya veriliş hızı mükemmel",kargo,pozitif
"Tek kelime ile harika, kaplaması ambalajı, kargoya veriliş hızı mükemmel","tek kelime ile harika, kaplaması ambalajı, kargoya veriliş hızı mükemmel",ambalaj,pozitif
oğlum için aldım çok güzel tavsiye ediyorum,oğlum için aldım çok güzel tavsiye ediyorum,fiyat,pozitif
çok memnum  iki üç aydır kullanıyorum tavsiye ederim ☺️,çok memnum iki üç aydır kullanıyorum tavsiye ederim,genel,pozitif
Mükkemel bir şey alın,mükkemel bir şey alın,genel,notr
Gayet güzel ve ideal bir genişliği var bi sıkıntısı çıkmadı şuana kadar tavsiye ederim🥰,gayet güzel ve ideal bir genişliği var bi sıkıntısı çıkmadı şuana kadar tavsiye ederim,genel,pozitif
cihazı alalı 20 gün oldu gerçekten cihaz çok güzel kullanışlı teşekkür ederim,cihazı alalı 20 gün oldu gerçekten cihaz çok güzel kullanışlı teşekkür ederim,genel,pozitif
Dün sabah sipariş verdim bugün geldi .Paketleme çok özenliydi.Kurulumu basitti. Beğendim tavsiye ederim.💯 Güncelleme: Ağustosta almıştım 4 ay geçti bir sorunla,dün sabah sipariş verdim bugün geldi,kargo,notr
Dün sabah sipariş verdim bugün geldi .Paketleme çok özenliydi.Kurulumu basitti. Beğendim tavsiye ederim.💯 Güncelleme: Ağustosta almıştım 4 ay geçti bir sorunla,paketleme çok özenliydi,ambalaj,notr
Dün sabah sipariş verdim bugün geldi .Paketleme çok özenliydi.Kurulumu basitti. Beğendim tavsiye ederim.💯 Güncelleme: Ağustosta almıştım 4 ay geçti bir sorunla,beğendim tavsiye ederim,genel,pozitif
çok beğendim fp ürünü,çok beğendim fp ürünü,genel,pozitif
ürünüm elime ulaştı gayet güzel ve kibar görseldeki gibi,ürünüm elime ulaştı gayet güzel ve kibar görseldeki gibi,kargo,pozitif
sağlam ve uygun fiyat teşekkürler,sağlam ve uygun fiyat teşekkürler,fiyat,pozitif
ben çok beğendim ilk bilgisayarım alabilirsiniz,ben çok beğendim ilk bilgisayarım alabilirsiniz,genel,pozitif
Casper markası zaten kendini kanıtlamış. öğrenciler için ideal pil ömrü fena değil . Fiyatına göre çok iyi.,öğrenciler için ideal pil ömrü fena değil,batarya,pozitif
Casper markası zaten kendini kanıtlamış. öğrenciler için ideal pil ömrü fena değil . Fiyatına göre çok iyi.,fiyatına göre çok iyi,fiyat,pozitif
Biraz yavaş ama fiyatına göre güzel,fiyatına göre güzel,fiyat,pozitif
ürün tam bir FP ürünü eğer öğrenciyseniz çok fazla oyun oynamayacaksanız işinizi görür kasma donma yapmıyor gayet hızlı bir şekilde çalışıyor 1 aya yakın kullan,ürün tam bir fp ürünü eğer öğrenciyseniz çok fazla oyun oynamayacaksanız işinizi görür kasma donma yapmıyor gayet hızlı bir şekilde çalışıyor 1 aya yakın kullan,genel,pozitif
ders çalismak için aldım gayet güzel çalışıyor memnunum,ders çalismak için aldım gayet güzel çalışıyor memnunum,fiyat,pozitif
ürün güzel iyi çalışıyor bir sıkıntı yok paketleme güzeldi,ürün güzel iyi çalışıyor bir sıkıntı yok paketleme güzeldi,ambalaj,pozitif
çok güzel çok beğendim,çok güzel çok beğendim,genel,pozitif
Yeni aldığım laptopu birkaç haftadır aktif olarak kullanıyorum ve deneyimlerimi paylaşmak istedim.  Öncelikle tasarım açısından oldukça şık ve modern bir görünü,yeni aldığım laptopu birkaç haftadır aktif olarak kullanıyorum ve deneyimlerimi paylaşmak istedim,genel,notr
Paketleme için teşekkür ediyorum.,paketleme için teşekkür ediyorum,ambalaj,notr
Ürün gerçekten çok iyi kullanışlı sorunsuz elime ulaştı,ürün gerçekten çok iyi kullanışlı sorunsuz elime ulaştı,kargo,pozitif
Harika.   Tavsiye ederim,tavsiye ederim,genel,pozitif
çok iyi bir bilgisayar çok memnun kaldım  alın aldırın bence,çok iyi bir bilgisayar çok memnun kaldım alın aldırın bence,fiyat,pozitif
Ürün en fazla dizi izlemek için kullanılır çok yavaş,ürün en fazla dizi izlemek için kullanılır çok yavaş,genel,negatif
kız kardeşime aldım tez yazarken eski bilgisayarı kasıyordu bu bişgisayar hem güzel hem kullanışlı,kız kardeşime aldım tez yazarken eski bilgisayarı kasıyordu bu bişgisayar hem güzel hem kullanışlı,fiyat,notr
ürün gerçekten iyi ders çalışmak için yeterli tavsiye ederim kız arkadaşıma aldım bı tane  bı kaç gün sonra kendime de Alicam,ürün gerçekten iyi ders çalışmak için yeterli tavsiye ederim kız arkadaşıma aldım bı tane bı kaç gün sonra kendime de alicam,fiyat,pozitif
çok güzel çok memnunuz,çok güzel çok memnunuz,genel,pozitif
çok güzel çok beğendim güzel çalışıyor,çok güzel çok beğendim güzel çalışıyor,genel,pozitif
kargo sorunsuz geldi sadece Microsoft oturum açmakta sıkıntı çektim şuanda çok iyi yks için aldım ders çalışmak icin,kargo sorunsuz geldi sadece microsoft oturum açmakta sıkıntı çektim şuanda çok iyi yks için aldım ders çalışmak icin,kargo,pozitif
kargo sorunsuz geldi sadece Microsoft oturum açmakta sıkıntı çektim şuanda çok iyi yks için aldım ders çalışmak icin,kargo sorunsuz geldi sadece microsoft oturum açmakta sıkıntı çektim şuanda çok iyi yks için aldım ders çalışmak icin,fiyat,pozitif
çok güzel çok hızlı tavsiye ederim,çok güzel çok hızlı tavsiye ederim,genel,pozitif
gercekten kaliteli ders icin aldim gayet iyi ürün,gercekten kaliteli ders icin aldim gayet iyi ürün,kalite,pozitif
fiyatına göre gayet kaliteli ekranı yeterli kurtarıcı bir laptop pişman etmedi 🙏🏻🌸,fiyatına göre gayet kaliteli ekranı yeterli kurtarıcı bir laptop pişman etmedi,kalite,pozitif
fiyatına göre gayet kaliteli ekranı yeterli kurtarıcı bir laptop pişman etmedi 🙏🏻🌸,fiyatına göre gayet kaliteli ekranı yeterli kurtarıcı bir laptop pişman etmedi,fiyat,pozitif
fiyatına göre gayet kaliteli ekranı yeterli kurtarıcı bir laptop pişman etmedi 🙏🏻🌸,fiyatına göre gayet kaliteli ekranı yeterli kurtarıcı bir laptop pişman etmedi,ses_goruntu,pozitif
"kesinlikle tavsiye ediyorum, çok güzel, beğendim elime çabuk ulaştı. teşekkürler","kesinlikle tavsiye ediyorum, çok güzel, beğendim elime çabuk ulaştı",kargo,pozitif
Ses kalitesi görüntü hızı mük çok tereddüt ederek aldım ama değer,ses kalitesi görüntü hızı mük çok tereddüt ederek aldım,kalite,notr
Ses kalitesi görüntü hızı mük çok tereddüt ederek aldım ama değer,ses kalitesi görüntü hızı mük çok tereddüt ederek aldım,fiyat,notr
Ses kalitesi görüntü hızı mük çok tereddüt ederek aldım ama değer,ses kalitesi görüntü hızı mük çok tereddüt ederek aldım,ses_goruntu,notr
Ses kalitesi görüntü hızı mük çok tereddüt ederek aldım ama değer,değer,genel,notr
çok güzel  kargo hizli ve özenliydi teşekkürler,çok güzel kargo hizli ve özenliydi teşekkürler,kargo,pozitif
ürün çok güzel paketlenmesi de iyiydi teşekkürler,ürün çok güzel paketlenmesi de iyiydi teşekkürler,ambalaj,pozitif
"Çok memnunum, maaşAllah fiyatina göre mükemmel.","çok memnunum, maaşallah fiyatina göre mükemmel",fiyat,pozitif
Beklediğim gibi gelmedi bilgisayar yarım saat çalışıyor kendi kendine kapanıyor ısınma dahi yok satıcı ilgisiz oyun dahi oynamadım 9000 lira verdik az para deği,beklediğim gibi gelmedi bilgisayar yarım saat çalışıyor kendi kendine kapanıyor ısınma dahi yok satıcı ilgisiz oyun dahi oynamadım 900 lira verdik az para deği,kalite,negatif
Beklediğim gibi gelmedi bilgisayar yarım saat çalışıyor kendi kendine kapanıyor ısınma dahi yok satıcı ilgisiz oyun dahi oynamadım 9000 lira verdik az para deği,beklediğim gibi gelmedi bilgisayar yarım saat çalışıyor kendi kendine kapanıyor ısınma dahi yok satıcı ilgisiz oyun dahi oynamadım 900 lira verdik az para deği,fiyat,negatif
Şimdilik bi sorunu yok,şimdilik bi sorunu yok,genel,negatif
5 mayıstan beni kulanıyorum hiçbir sorun yaşamadım şimdiye kadar tavsiye ederim  çok iyi bence 😊😊,5 mayıstan beni kulanıyorum hiçbir sorun yaşamadım şimdiye kadar tavsiye ederim çok iyi bence,genel,pozitif
Tam bir fiyat performans ürünü. Oldukça hızlı,tam bir fiyat performans ürünü,fiyat,notr
üründe sogutulacak bir havalandirma yok -  üründe ne hikmetse bütün fişler 1cm ara ile konmuş power fişi USB HDMI lari takmak çıkarmak sorun mm rik mesafede baş,üründe sogutulacak bir havalandirma yok - üründe ne hikmetse bütün fişler 1cm ara ile konmuş power fişi usb hdmı lari takmak çıkarmak sorun mm rik mesafede baş,genel,negatif
Kardeşime aldık gerçekten güzel bir ürün tam bir fiyat performans ürünü,kardeşime aldık gerçekten güzel bir ürün tam bir fiyat performans ürünü,fiyat,pozitif
ÜRÜN TAM ANLAMIYLA MÜKEMMEL SORUNSUZ GELDİ. KEYIFLE ALABİLİRSİNİZ SIKINTI YOK,ürün tam anlamıyla mükemmel sorunsuz geldi,kargo,pozitif
Fiyat performans ürünü 👌,fiyat performans ürünü,fiyat,notr
fiyat ve performans olarak gayet iyi orta segment oyunları kasmadan oynayabilirsiniz şarj süresi ortalama paketleme sorunsuzdu gönül rahatlığıyla alabilirsiniz,fiyat ve performans olarak gayet iyi orta segment oyunları kasmadan oynayabilirsiniz şarj süresi ortalama paketleme sorunsuzdu gönül rahatlığıyla alabilirsiniz,fiyat,pozitif
fiyat ve performans olarak gayet iyi orta segment oyunları kasmadan oynayabilirsiniz şarj süresi ortalama paketleme sorunsuzdu gönül rahatlığıyla alabilirsiniz,fiyat ve performans olarak gayet iyi orta segment oyunları kasmadan oynayabilirsiniz şarj süresi ortalama paketleme sorunsuzdu gönül rahatlığıyla alabilirsiniz,batarya,pozitif
fiyat ve performans olarak gayet iyi orta segment oyunları kasmadan oynayabilirsiniz şarj süresi ortalama paketleme sorunsuzdu gönül rahatlığıyla alabilirsiniz,fiyat ve performans olarak gayet iyi orta segment oyunları kasmadan oynayabilirsiniz şarj süresi ortalama paketleme sorunsuzdu gönül rahatlığıyla alabilirsiniz,ambalaj,pozitif
Çok beğendim,çok beğendim,genel,pozitif
mükemmel ürün,mükemmel ürün,genel,pozitif
Tam bir fiat ürünü,tam bir fiat ürünü,fiyat,notr
ürün çok çok hızlı ve çok güzel paketlenmiş  geldi tebrik ve teşekkür ediyorum ürünü henüz kullanmadım ama kalitesini biliyorum bu fiyata düşünmeden alın derim,ürün çok çok hızlı ve çok güzel paketlenmiş geldi tebrik ve teşekkür ediyorum ürünü henüz kullanmadım,kargo,pozitif
ürün çok çok hızlı ve çok güzel paketlenmiş  geldi tebrik ve teşekkür ediyorum ürünü henüz kullanmadım ama kalitesini biliyorum bu fiyata düşünmeden alın derim,ürün çok çok hızlı ve çok güzel paketlenmiş geldi tebrik ve teşekkür ediyorum ürünü henüz kullanmadım,ambalaj,pozitif
ürün çok çok hızlı ve çok güzel paketlenmiş  geldi tebrik ve teşekkür ediyorum ürünü henüz kullanmadım ama kalitesini biliyorum bu fiyata düşünmeden alın derim,kalitesini biliyorum bu fiyata düşünmeden alın derim,kalite,notr
ürün çok çok hızlı ve çok güzel paketlenmiş  geldi tebrik ve teşekkür ediyorum ürünü henüz kullanmadım ama kalitesini biliyorum bu fiyata düşünmeden alın derim,kalitesini biliyorum bu fiyata düşünmeden alın derim,fiyat,notr
Yeni aldım ilk bilgisayarım sağlam geldi açtım film izlemek için aldım gayet yeterli 🤩,yeni aldım ilk bilgisayarım sağlam geldi açtım film izlemek için aldım gayet yeterli,kargo,pozitif
Yeni aldım ilk bilgisayarım sağlam geldi açtım film izlemek için aldım gayet yeterli 🤩,yeni aldım ilk bilgisayarım sağlam geldi açtım film izlemek için aldım gayet yeterli,fiyat,pozitif
ürünü simdilik güzel daha sonra güncelerim,ürünü simdilik güzel daha sonra güncelerim,genel,pozitif
Ürünün paketlemesi çok guzeldi çanta şeklinde karton bi kutuda gonderdiler laptop cantasi olmasa daha taşımak açısından guzel ve özenliydi. Casper zaten bilindi,ürünün paketlemesi çok guzeldi çanta şeklinde karton bi kutuda gonderdiler laptop cantasi olmasa daha taşımak açısından guzel ve özenliydi,kargo,notr
Ürünün paketlemesi çok guzeldi çanta şeklinde karton bi kutuda gonderdiler laptop cantasi olmasa daha taşımak açısından guzel ve özenliydi. Casper zaten bilindi,ürünün paketlemesi çok guzeldi çanta şeklinde karton bi kutuda gonderdiler laptop cantasi olmasa daha taşımak açısından guzel ve özenliydi,ambalaj,notr
Çok beğendim 😊,çok beğendim,genel,pozitif
Harika paketlenmiş ürün hasarsız ulaştı elime 2 günde geldi teşekkür ediyorum,harika paketlenmiş ürün hasarsız ulaştı elime 2 günde geldi teşekkür ediyorum,kargo,pozitif
Harika paketlenmiş ürün hasarsız ulaştı elime 2 günde geldi teşekkür ediyorum,harika paketlenmiş ürün hasarsız ulaştı elime 2 günde geldi teşekkür ediyorum,ambalaj,pozitif
çok güzel ❤️❤️❤️❤️,çok güzel,genel,pozitif
Ürün kaçak çıktı kimse telefon almasın burdan,ürün kaçak çıktı kimse telefon almasın burdan,genel,notr
