yorum,aspect,sentiment
1 günde 800 tl fark olur mu,genel,notr
1 günde 800 tl fark olur mu,fiyat,notr
1 haftada geldi telefon asla bu kadar geç gelmesini beklemiyordum paket yırtıktı neyse ki telefona bir şey olmamış onun dışında telefon tabi ki efsane😄,ambalaj,negatif
1 yıl oldu alalı. Çok memnunum hiç bir sıkıntı yaşamadım.,genel,pozitif
1 yıl önce aldığım apple 11 tlf mu garanti kapsamında vatan bil yolladım onlarda kvk ya yolladılar bir ay sonra kvk servisi benim telefonumu değişim yapıp tekra,genel,notr
"1.5 senedir kullanıyorum, 8k fiyatına aldım. ilk aldığımda gayet güzeldi, hala iş görür bir telefon ancak kamerası için öyle söyleyemeyeceğim, bir tane 50mp fot",fiyat,pozitif
"1.5 senedir kullanıyorum, 8k fiyatına aldım. ilk aldığımda gayet güzeldi, hala iş görür bir telefon ancak kamerası için öyle söyleyemeyeceğim, bir tane 50mp fot",ses_goruntu,negatif
10 yıldız kızıma aldım çok beğendi,genel,pozitif
12 gundur kargom gelmedi almayin buradan telefon magduriyet yasattilar,genel,negatif
12 gundur kargom gelmedi almayin buradan telefon magduriyet yasattilar,kargo,negatif
128 gb olması iyi oldu.,genel,pozitif
1yıl oldu alalı çok memnunum rahatlıkla alabilirsiniz,genel,pozitif
2 adet aldım çok güzeldi fiyat olarak,fiyat,pozitif
2 ay olacak alalı çok güzel kullanışlı gayet de güzel paketlenmişti çok tereddüt ettim ama güzel geldi bi sorunu yok,ambalaj,pozitif
2 aydır kullanıyorum şuanlık memnunum,genel,pozitif
"2 gün önce teslim aldığım ve kurulumunu hiç yapmadığım ürün, ekranında çökme kaynaklı hatalı ürün olarak tarafıma ulaştı. Teknosa mağazasına gittiğimde ürünle i",kargo,negatif
"2 gün önce teslim aldığım ve kurulumunu hiç yapmadığım ürün, ekranında çökme kaynaklı hatalı ürün olarak tarafıma ulaştı. Teknosa mağazasına gittiğimde ürünle i",kalite,negatif
"2 gün önce teslim aldığım ve kurulumunu hiç yapmadığım ürün, ekranında çökme kaynaklı hatalı ürün olarak tarafıma ulaştı. Teknosa mağazasına gittiğimde ürünle i",ses_goruntu,negatif
2 yıl önce 35 e almış olmam,genel,notr
2 yıldız veriyorum Trendyol un kendi mağazasından aldığım iPhone ürün için fatura gönderilmedi fatura talep ediyorum.,genel,negatif
2022 tarihi ürün gönderildi onun dışında iPhone kalitesi hepimizi biliyoruz,kalite,notr
2024’de asla alınmaz ben geçen sene aldım 8 bucuk ay oldu ve pil sağlığı 89??!?!! günde 1 kere şarj ediyorum orijinal şarj kullanıyorum şarjda oynamıyorum bu ka,kalite,negatif
2024’de asla alınmaz ben geçen sene aldım 8 bucuk ay oldu ve pil sağlığı 89??!?!! günde 1 kere şarj ediyorum orijinal şarj kullanıyorum şarjda oynamıyorum bu ka,batarya,negatif
"25 bin verdiğimiz telefonun bu şekilde özensiz paketlenmesi beni üzdü, kutunun içine atmışlar cidden çok kötü 👎🏻",ambalaj,negatif
3 Ayda pil 98 oldu,batarya,negatif
30 bin tl edecek bir cihaz değil teslimat konusu süper hızlı ama cihaz 30 binlik bi cihaz değil,kargo,pozitif
30 bin tl edecek bir cihaz değil teslimat konusu süper hızlı ama cihaz 30 binlik bi cihaz değil,fiyat,notr
35 binlik ürünü o paketle göndermeye utanmadınız mı gerçekten? Ben açarken bayağı bir utandım da. teknosadan aldım iyi yer müşteri memnuniyetini düşünür vs dedi,ambalaj,negatif
37 k ya aldım ben üzücü,fiyat,negatif
37.500 para verdik insan bi paketlemeye özen gösterir şampuan almıyoruz telefon alıyoruz kargocular zaten paketleri futbol topu gibi kullanıyor henüz kullanmaya,kargo,negatif
37.500 para verdik insan bi paketlemeye özen gösterir şampuan almıyoruz telefon alıyoruz kargocular zaten paketleri futbol topu gibi kullanıyor henüz kullanmaya,fiyat,negatif
37.500 para verdik insan bi paketlemeye özen gösterir şampuan almıyoruz telefon alıyoruz kargocular zaten paketleri futbol topu gibi kullanıyor henüz kullanmaya,ambalaj,negatif
38 e aldım çok düşmüş üzücü,fiyat,negatif
400 TL’ye yakın indirim oldu aldıktan sonra. Şimdilik bir sıkıntı yok telefonda. Şarjının daha iyi dayanmasını beklerdim. Samsung 54 telefon bu konuda daha iyiy,fiyat,pozitif
400 TL’ye yakın indirim oldu aldıktan sonra. Şimdilik bir sıkıntı yok telefonda. Şarjının daha iyi dayanmasını beklerdim. Samsung 54 telefon bu konuda daha iyiy,batarya,pozitif
"6 aydır kullanıyorum, 24.000 e almıştım. Genel olaral memnunum",genel,pozitif
8 ay oldu alalı pil sağlığı %88. Çok hızlı düşüyor pili.,batarya,negatif
ALMAYIN SAKIN !!! Ben aldım ancak gelen cihazın garanti süresi 15 ay kalmış ve ekran sarı ekran dı güvenmeyin,kalite,negatif
ALMAYIN SAKIN !!! Ben aldım ancak gelen cihazın garanti süresi 15 ay kalmış ve ekran sarı ekran dı güvenmeyin,ses_goruntu,negatif
ANNEME YA DA BABAMA DEĞİL KENDİME ALDIM. Ekranı canlı. Şık ve hafif bir telefon. Şarjı yavaş bitiyor ve hızlı şarj özelliği var hemen doluyor fakat içinden adap,batarya,pozitif
ANNEME YA DA BABAMA DEĞİL KENDİME ALDIM. Ekranı canlı. Şık ve hafif bir telefon. Şarjı yavaş bitiyor ve hızlı şarj özelliği var hemen doluyor fakat içinden adap,ses_goruntu,pozitif
Abim için aldım elimize düzgün bir şekilde ulaştı,genel,pozitif
Adres bilgisi farklı verilmiş trendyol adres bilgilerimizden farklıydı Aras kargo ürünü getiremeyiz deyip telefonu yüzümüze kapattı buradan alırsınız dedi bu ma,kargo,notr
Agustos 2023 te aldım şarz almıyor şu an ve servis garanti bilgilerime ulasamiyorum,kalite,negatif
"Alacak arkadaşlar lütfen dikkat edin benim başıma ilk defa böyle bir şey geldi telefon ilk bana ulaştığında sıfır paketliydi,kurulumu yaparken face ID kullanıla",genel,negatif
Alalı 1 yıl oldu hiç bir sorun .Yaşamadan kullanıyorum kamarasıda gayet güzel,genel,pozitif
Alalı 10 gün olmadı. Telefon inanılmaz ısınıyor. Bu normal midir? Ayrıca fatura gönderilmedi. Güvenmekle hatamı yaptım. Gerçekten çok kaygılıyım.,batarya,negatif
Alalı 20 gün oldu kamera bozuldu ön kamera açılmıyor,genel,negatif
Alalı 20 gün oldu kamera bozuldu ön kamera açılmıyor,kalite,negatif
Alalı 20 gün oldu kamera bozuldu ön kamera açılmıyor,ses_goruntu,negatif
Alalı 3 yıldan daha fazla oldu ama haalen mis gibi çalışıyor,genel,pozitif
Aldığım günden berdir herhangi bi sorun yaşamadım çok memnun kaldım tavsiye ediyorum🙏,genel,pozitif
Aldığıma pişman oldum  boş bir telefon açtığım için iade olmuyo alirken 2 kere düşünün açmadan nasıl sarj aletinin olmadığını görebilirsiniz,batarya,negatif
Aldığıma pişman oldum  boş bir telefon açtığım için iade olmuyo alirken 2 kere düşünün açmadan nasıl sarj aletinin olmadığını görebilirsiniz,batarya,negatif
Alırken tereddüt etmiştim ama baya iyi geldi 3 aydır kullanıyorum bir sıkıntı yaşamadım,genel,pozitif
Alırken çok tereddüt etmiştim sıkıntı çıkarmı acaba diye  ama beklediğimden daha güzel ve sağlam geldi kesinlikle tereddütsüz alabilirsiniz tam bir fiyat perfor,genel,pozitif
Alırken çok tereddüt etmiştim sıkıntı çıkarmı acaba diye  ama beklediğimden daha güzel ve sağlam geldi kesinlikle tereddütsüz alabilirsiniz tam bir fiyat perfor,kalite,pozitif
Alırken çok tereddüt etmiştim sıkıntı çıkarmı acaba diye  ama beklediğimden daha güzel ve sağlam geldi kesinlikle tereddütsüz alabilirsiniz tam bir fiyat perfor,fiyat,pozitif
Ambalajlı olarak elime ulaşmadı onun dışında gayet güzel f/p 👌,ambalaj,negatif
Ambalajı gayet iyi ve temiz.Lakin içinden fatura ve garanti belgesi çıkmadı.Sahsen hiç hoşuma gitmedi bu durum,genel,notr
"Annem için aldık kullanımı gayet basit, kargo paketleme her şey gayet sağlamdı",kargo,pozitif
"Annem için aldık kullanımı gayet basit, kargo paketleme her şey gayet sağlamdı",kalite,pozitif
"Annem için aldık kullanımı gayet basit, kargo paketleme her şey gayet sağlamdı",ambalaj,pozitif
Annem için aldım bir senedir sorunsuz kullanıyor,genel,pozitif
Annem için aldım gayet memnun,genel,pozitif
Anneme aldık çok beğendi,genel,pozitif
Anneme aldım memnunuz,genel,pozitif
Anneme hediye ettim. Kendim kullanmadığım için pek bir şey diyemeyeceğim ama annem memnun o yüzden 5.,genel,pozitif
Annemle babama hediye aldım kendim görmedim ama beğendiklerini söylediler,genel,pozitif
Apple 13 gibi değil kamerası falan çok farklı eşiminde 13 ü var ama arasında çok fark var orijinal ürün değil gibi belgeleri kaybettiğim için geri gönderimde ya,kalite,negatif
Apple 13 gibi değil kamerası falan çok farklı eşiminde 13 ü var ama arasında çok fark var orijinal ürün değil gibi belgeleri kaybettiğim için geri gönderimde ya,kalite,negatif
Apple kalitesi,kalite,notr
Apple kalitesi.  tlfon çok güzel sağlam geldi fakat paketlenmesi özensizdi ve faturası çıkmadı.,kalite,pozitif
Araş kargo ile lütfen çalışmayın. İşine saygısı olmayan liyakatsiz disiplinsiz sorumsuz bir sirket ve çalışanları var. 1.000 km lik yolu 3 günde geliyor ama 100,kargo,negatif
Araş kargo ile lütfen çalışmayın. İşine saygısı olmayan liyakatsiz disiplinsiz sorumsuz bir sirket ve çalışanları var. 1.000 km lik yolu 3 günde geliyor ama 100,batarya,negatif
Arka kamera fazla güzel değil ama telefon hızlı.,ses_goruntu,negatif
Arkadas gönül rahatlığıyla alabilirsiniz sorunsuz geldi kargo cok hızlı oldu perşembe gece verdim c. Tesi öglen elime ulastı sadece kargo paketi özenilmemişti,genel,pozitif
Arkadas gönül rahatlığıyla alabilirsiniz sorunsuz geldi kargo cok hızlı oldu perşembe gece verdim c. Tesi öglen elime ulastı sadece kargo paketi özenilmemişti,kargo,pozitif
Arkadaşıma almıştım beğendi,genel,pozitif
Asla buradan almanızı önermiyorum.Bir ay kullandım şarjı çok hızlı bitmeye başladı.garantiye göndermek istedim muhatap bulamadım vatan şubesi kabul etmedi.trend,genel,negatif
Asla buradan almanızı önermiyorum.Bir ay kullandım şarjı çok hızlı bitmeye başladı.garantiye göndermek istedim muhatap bulamadım vatan şubesi kabul etmedi.trend,batarya,negatif
Açılmamış kutu gedi iyiydi,ambalaj,pozitif
Aşırı iyi bir ürün,genel,pozitif
Aşırı yavaş bi firma 3 gün içinde kargoya verdiler 3 gün içinde kargo geldi 1 hafta sonra telefonu teslim alabildim.,kargo,negatif
Aşşırı geç geldi. Paketleme daha özenli olabilirdi. Telefonda sorun yok.,kargo,negatif
Aşşırı geç geldi. Paketleme daha özenli olabilirdi. Telefonda sorun yok.,ambalaj,pozitif
Babam için aldım gayet kullanışlı paketlemede sağlamdı hayasız geldi,kalite,pozitif
Babam için aldım gayet kullanışlı paketlemede sağlamdı hayasız geldi,ambalaj,pozitif
Babama aldık memnun,genel,pozitif
Babama aldım çok güzel,genel,pozitif
Babama almıştım gayet memnun telefondan,genel,pozitif
Babama almıştım paketleme çok özenli değildi ama Allahtan sorunsuz elimize ulaştı,ambalaj,pozitif
Batarya performansı çabuk düştü 100 altına,batarya,negatif
Bayıldımmmm… teslim tarihi 7 nisan gösterirken 6 nisanda geldi teşekkür ederim herkese sabırsızlıkla bekliyordum kavuştum alın aldırın fiyat olarakta dışarıya g,genel,pozitif
Bayıldımmmm… teslim tarihi 7 nisan gösterirken 6 nisanda geldi teşekkür ederim herkese sabırsızlıkla bekliyordum kavuştum alın aldırın fiyat olarakta dışarıya g,kargo,pozitif
Bayıldımmmm… teslim tarihi 7 nisan gösterirken 6 nisanda geldi teşekkür ederim herkese sabırsızlıkla bekliyordum kavuştum alın aldırın fiyat olarakta dışarıya g,fiyat,pozitif
Başarılı beğendim,genel,pozitif
Beklediğimden çok daha hızlı geldi Ayrıca ürün paketlemede mükemmeldi teşekkür ederim çok memnun kaldım herkese tavsiye ederim,genel,pozitif
Beklediğimden çok daha hızlı geldi Ayrıca ürün paketlemede mükemmeldi teşekkür ederim çok memnun kaldım herkese tavsiye ederim,kargo,pozitif
Beklediğimden çok daha hızlı geldi Ayrıca ürün paketlemede mükemmeldi teşekkür ederim çok memnun kaldım herkese tavsiye ederim,ambalaj,pozitif
Ben 1aydır kullanıyorum ve mukemellll kesinlikle tavsiye ediyorum hiç bir sıkıntı olmadı paketleme gayet güzeldi gönül rahatlığıyla alabilirsiniz 😊,genel,pozitif
Ben 1aydır kullanıyorum ve mukemellll kesinlikle tavsiye ediyorum hiç bir sıkıntı olmadı paketleme gayet güzeldi gönül rahatlığıyla alabilirsiniz 😊,ambalaj,pozitif
Ben aldıktan 1 gün sonra fiyatı 300 tl düştü inanılmaz sinirim bozuldu. Paketleme de şaka gibiydi sanki telefon değildi çorap aldık öyle bir paket,genel,negatif
Ben aldıktan 1 gün sonra fiyatı 300 tl düştü inanılmaz sinirim bozuldu. Paketleme de şaka gibiydi sanki telefon değildi çorap aldık öyle bir paket,kalite,negatif
Ben aldıktan 1 gün sonra fiyatı 300 tl düştü inanılmaz sinirim bozuldu. Paketleme de şaka gibiydi sanki telefon değildi çorap aldık öyle bir paket,fiyat,negatif
Ben aldıktan 1 gün sonra fiyatı 300 tl düştü inanılmaz sinirim bozuldu. Paketleme de şaka gibiydi sanki telefon değildi çorap aldık öyle bir paket,ambalaj,negatif
Ben aldım indirim yapıldı,fiyat,negatif
Ben telefonu kamera için almıştım telefonun arka kamerası puslu hep ve canlı çekmiyor iki tane ıphone 11 yan yana getirince diğeri daha canlı ve renkli çekiyor,ses_goruntu,negatif
"Ben telefonun kamerasını beğenmedim, şarjı da bir günü ancak çıkarıyor. İmkanı olanlar bir üst telefonlara yönelsinler.",batarya,negatif
"Ben telefonun kamerasını beğenmedim, şarjı da bir günü ancak çıkarıyor. İmkanı olanlar bir üst telefonlara yönelsinler.",ses_goruntu,negatif
Ben çooook memnunum i phoneye geçmek isteyenler mutlaka alsın,genel,pozitif
Benim motorolo 33 10 daha iyiydi,genel,pozitif
Beğendim güzel,genel,pozitif
Beğendim iyi,genel,pozitif
Beğenmek zorunda mıyım?,genel,notr
"Bir aydır kullanıyorum, herhangi bir sıkıntı yaşamadım gayet memnunum. Satıcı olarak en güvendiğim yerden aldım, paketleme gayet iyidi ve elime çok hızlı ulaştı",genel,pozitif
"Bir aydır kullanıyorum, herhangi bir sıkıntı yaşamadım gayet memnunum. Satıcı olarak en güvendiğim yerden aldım, paketleme gayet iyidi ve elime çok hızlı ulaştı",ambalaj,pozitif
Bir haftadan fazladır kullanıyorum çok memnunum gönül rahatlığıyla alabilirsiniz,genel,pozitif
Bosuk geldi super,genel,negatif
Bu cihazın beyaz rengini siparis ettim fakat siyah rengini yolladılar. Iade etmek istediğimdede ellerinde beyaz rengi mevcut olmadığından siyah gonderdiklerini,genel,negatif
Bu fiyatlarda xiaomi nin daha iyi olduğunu söyleyebilirim. Tecrübeyle sabittir.,fiyat,pozitif
Bu kadar güzel bi paketlemeyle daha önce hiç karşılaşmamıştım. Muhteşem bi paketleme çok teşekkür ederiz.,ambalaj,pozitif
Bu kadar paraya görmeden aldım çöm iyi çıktı tavsiye,genel,pozitif
Bu kadar paraya görmeden aldım çöm iyi çıktı tavsiye,fiyat,pozitif
Bu karalayanlar neye göre yazmış yorumu anlayamadım 1 senedir kullaniyorum bende gencim 23 yasindayim zaten hız tutkunuz yüzünden bozuluyor telefonlar elli kere,kalite,negatif
Bu kargoyu bu şekil yolladağınıza inanıyorum insan bi kutuya daha koyar geldiğinde kargo poşetinin üstünde de yırtıklar vardı telefon nasıl geldi bilmiyorum uma,kargo,negatif
Bu kargoyu bu şekil yolladağınıza inanıyorum insan bi kutuya daha koyar geldiğinde kargo poşetinin üstünde de yırtıklar vardı telefon nasıl geldi bilmiyorum uma,ambalaj,negatif
Bu ne abi hani nerde müşteri memnuniyeti  bu telefonu inçelicem heran gibi bir değişeni olursa o zaman görüşürüz,genel,negatif
Bu ürün halen çok güncel ve fiyatı çok iyi. Appleın en stabil iPhone'u,fiyat,pozitif
Bu ürün yenilenmiş telefon yolluyolar kutusundan tutunda telefonun kendisine kadar her şeyden anlaşılıyor,genel,negatif
Bu ürün yenilenmiş telefon yolluyolar kutusundan tutunda telefonun kendisine kadar her şeyden anlaşılıyor,kalite,negatif
Bukadar özensiz bir kargo daha olamaz sonuçta kargo bir elektronik cihaz alelacele konulmuş gönderilmiş bozulursa kesinlikle iade ederim henüz açmadım tlfnu  üz,kargo,negatif
Bukadar özensiz bir kargo daha olamaz sonuçta kargo bir elektronik cihaz alelacele konulmuş gönderilmiş bozulursa kesinlikle iade ederim henüz açmadım tlfnu  üz,kalite,negatif
Böyle özensiz paketleme görmedim arkadaş paramız bizim pul olmuş 18 bin veripte parasıyla rezillik gören ilk kişimiyim y,fiyat,negatif
Böyle özensiz paketleme görmedim arkadaş paramız bizim pul olmuş 18 bin veripte parasıyla rezillik gören ilk kişimiyim y,ambalaj,negatif
Canım telefonum çok hızlı geldi sorunsuz çıktı şuan kullanıyorum çok güzel teşekkürler trendyol,kargo,pozitif
Cihazımın alt kısmında kasasında lekeler ve izler var. Bu cihaz kullanılmış gibi. Satıcının sorunumu gidermesini talep ediyorum . Fotoğraf ektedir.,kalite,negatif
Cihazımın alt kısmında kasasında lekeler ve izler var. Bu cihaz kullanılmış gibi. Satıcının sorunumu gidermesini talep ediyorum . Fotoğraf ektedir.,kalite,negatif
Cok guzel klasik apple kalitesi her donemde her senede alinir kesinlikle,genel,pozitif
Cok guzel klasik apple kalitesi her donemde her senede alinir kesinlikle,kalite,pozitif
Cok memnun kaldım ancak ıcınde fatura garantı cıkmadı,genel,notr
Daha önce trendyoldan telefon almıştım memnun kaldığım için tekrar sipariş verdim fakat bu sefer ürün kusurlu geldi iade eder etmez para iadesi yapıldı çözüm hı,genel,negatif
Daha önce trendyoldan telefon almıştım memnun kaldığım için tekrar sipariş verdim fakat bu sefer ürün kusurlu geldi iade eder etmez para iadesi yapıldı çözüm hı,kargo,notr
Daha önce trendyoldan telefon almıştım memnun kaldığım için tekrar sipariş verdim fakat bu sefer ürün kusurlu geldi iade eder etmez para iadesi yapıldı çözüm hı,kalite,negatif
Daha önce trendyoldan telefon almıştım memnun kaldığım için tekrar sipariş verdim fakat bu sefer ürün kusurlu geldi iade eder etmez para iadesi yapıldı çözüm hı,fiyat,negatif
Dört yıldır kullandığım telefonumu arkadaşıma tavsiye sonucu aldık ömürlük bir telefon,genel,pozitif
Dün aldım bu gün 1000 lira indirim olmuş hanı dile kolay ucuz bisey almıyoruz böyle olunca da insan üzülüyo. Fiatların bu kadar değişken olmaması taraftarıyım ö,fiyat,negatif
Dün elime geçti çok güzeeeelll.  herhangi bir problem yok şimdilik. içerisinden ara kablo çıkmasına sevindim. Fiyat güncellemesinden önce aldığım için de🤌🏻,fiyat,notr
Ekim ayında aldığım telefon şarjı günde 1 kere şarj etmeme ve tak çıkar yapmama rağmen şuan %96 ve durduğu yerde bile azalıyor. Bu telefonu süs olsun diye mi al,batarya,negatif
Ekranında ufak bir çizikle geldi kullanima engel değil sıfır denen telefonun daha önceden kutusu açılmış belli,kalite,negatif
Ekranında ufak bir çizikle geldi kullanima engel değil sıfır denen telefonun daha önceden kutusu açılmış belli,ses_goruntu,negatif
"Elektronikte net üzerinden almaya karşıydım hep ama ürün sorunsuz ve hızlı bi şekilde elime ulaştı , yaklaşık 2 aydır kullanıyorum hiç bir sıkıntı yok çok memnu",kargo,pozitif
En uyguna trendyol da buldum kamerasına diyicek yok zaten mükemmel telefon tabi alabiliyosanız 13 ve üstü alın :D,genel,pozitif
En uyguna trendyol da buldum kamerasına diyicek yok zaten mükemmel telefon tabi alabiliyosanız 13 ve üstü alın :D,fiyat,pozitif
En uyguna trendyol da buldum kamerasına diyicek yok zaten mükemmel telefon tabi alabiliyosanız 13 ve üstü alın :D,ses_goruntu,pozitif
Erkek arkadaşıma aldım çok beğendi,genel,pozitif
Evet ürünüm geldi fakat ilk günden fazla ısınma oldu bu normal mi,batarya,negatif
EŞİM VE KENDİME ALDIM ÇOK GÜZELDİ PAKETLEME ORJİNAL ÜRÜN BEĞENDİK,kalite,pozitif
EŞİM VE KENDİME ALDIM ÇOK GÜZELDİ PAKETLEME ORJİNAL ÜRÜN BEĞENDİK,ambalaj,pozitif
Eşim icin almıştım sorunsuz şekilde elime ulaştı piyasadan çok daha ucuza geldi herkese tavsiye ederim,genel,pozitif
Eşim icin almıştım sorunsuz şekilde elime ulaştı piyasadan çok daha ucuza geldi herkese tavsiye ederim,kargo,pozitif
Eşim icin almıştım sorunsuz şekilde elime ulaştı piyasadan çok daha ucuza geldi herkese tavsiye ederim,fiyat,pozitif
Eşime aldım çok memnun kaldı paketleme iyi değildi biraz,genel,pozitif
Eşime aldım çok memnun kaldı paketleme iyi değildi biraz,ambalaj,negatif
Eşime hediye aldım 1 seneden beri kullanıyor çok memnun kendisi Aldiktan sonra hemen yorum yapmak istemedim kullanıp değerlendirmek daha iyi•Herkese tavsiye ede,genel,pozitif
Eşime hediye olarak aldım çokk beğendi .. Gerçekten muhhteşem bir telefon fiyatı da çokk uygundu..emeği geçen herrkese çokk teşekkürler ederimm HAAARİKASINIZZ🌟,fiyat,pozitif
Fatura tc kimlik no 111111 şeklinde hatalı olarak yazılmış düzeltilmiş yeni fatura talep ediyorum,genel,negatif
Fatura tc kimlik no 111111 şeklinde hatalı olarak yazılmış düzeltilmiş yeni fatura talep ediyorum,kalite,notr
Fatura ve garanti belgesi gelmedi rica ediyorum ilgilenin,genel,notr
Fatura yok gelmez ise cimerden şikayet edeceğim,genel,negatif
Faturam gelmedi lütfen faturayı gönderin.,genel,notr
Faturam gelmedi yollar mısınız,genel,notr
Faturamı TC me kesmediler.Telefon orjinal,kalite,pozitif
Faturamı istiyorum ben aldığım şeyin faturasını parayı ödeyince almam lazım değilmi e faturaysa e mailime atılması lazım hemen neden bekliyorum hemen faturamın,fiyat,notr
Faturamı ve garanti belgesini göndermediler burdan alacağınıza gidin mediamarktan alın,genel,notr
Faturası gelmedi?,genel,notr
Faturası yok içinde,genel,negatif
Faturası yok nasıl bi iş bu,genel,negatif
Faturasını epostaya gönderecektiniz hala gelmedi mesaj ne zaman göndereceksiniz,genel,notr
Fena sayılmaz,genel,notr
Fiyatı aşırı yükselttiler aldım şimdi indirime girmiş 2000 tl zarara girdim şaka gibi bence orijinalde değil,kalite,negatif
Fiyatı aşırı yükselttiler aldım şimdi indirime girmiş 2000 tl zarara girdim şaka gibi bence orijinalde değil,fiyat,notr
Fiyatına göre uygun ve kullanışlı bir ürün,fiyat,pozitif
Fiyatına göre çok iyi Beğendim,genel,pozitif
Fiyatına göre çok iyi Beğendim,fiyat,pozitif
Fotoğrafta çok belli olmasa da telefonun kenar kısmında ufak bir ezilme var. İade edeceğim.,kalite,negatif
Garanti belgesi içinde olmadığı için bır yıldız verıyorum gerısınde bır sıkıntı yoktu gayet sağlam bit şekilde ulaştı elıme,kalite,pozitif
"Garantisi başlamış ürün gönderildi, faturada yer alan imei bilgisi ve eklediğim görseller aynıdır. Güvenerek almayın. Konuyla ilgili yasal süreçleri başlatacağı",genel,negatif
Gayet basarili ve sorunsuz elime ulasti alacaklara simdiden hayirli olsun,kargo,pozitif
Gayet güzel,genel,pozitif
Gayet güzel 2.alışverişim bu telefondan memnunum teşekkürler,genel,pozitif
Gayet güzel kullanışlı ve sıkıntısız teslim aldım teşekkürler,kargo,pozitif
Gayet güzel kutusu paketlenmesi herseyi çok güzel tereddüt etmeden alabilirsiniz,genel,pozitif
Gayet güzel kutusu paketlenmesi herseyi çok güzel tereddüt etmeden alabilirsiniz,ambalaj,pozitif
Gayet iyi 😇,genel,pozitif
Gayet temiz güzel bi şekilde geldi imailini de okuttım edevletten orjinal ürün satıcıya teşekkürederim,kalite,pozitif
Genel olarak güzel kurulumu zor oldu bizim için sadece,genel,pozitif
Gerçekten çok güzel geldi paketlenmesi çok güzeldi güvenilebilir,ambalaj,pozitif
Guzel  cabuk kargo yok ama,kargo,pozitif
Guzel telefon 3 4 sene rahat goturur ama kargo cok kotu bi adet pat pat 1 kutu sadece  cihaz gonderiyosunuz biraz daha onem alsaniz iyi olur,kargo,notr
Guzel telefon 3 4 sene rahat goturur ama kargo cok kotu bi adet pat pat 1 kutu sadece  cihaz gonderiyosunuz biraz daha onem alsaniz iyi olur,ambalaj,notr
Gönderilen kablo bozuk çıkıyor ve arkasında durmuyorlar kesinlikle almayın 200 300 fazla verin başka yerden Alın,genel,negatif
Gönderilen kablo bozuk çıkıyor ve arkasında durmuyorlar kesinlikle almayın 200 300 fazla verin başka yerden Alın,kalite,negatif
Gönderilen kablo bozuk çıkıyor ve arkasında durmuyorlar kesinlikle almayın 200 300 fazla verin başka yerden Alın,batarya,negatif
Gönül rahatlığıyla alabilirsiniz,genel,pozitif
Gönül rahatlığıyla alabilirsiniz çok beğendim çok güzel,genel,pozitif
Güvenilir bir şekilde geldi güzel,genel,pozitif
Güvenilir ve hızlı bi şekilde geldi problemi yok cihazın tavsiye ederim,genel,pozitif
Güvenle alabilirsiniz kardeşime hediye aldım çok beğendik🤍,genel,pozitif
Güzel beğendim,genel,pozitif
Güzel beğendim 👍🏻,genel,pozitif
Güzel bir teknolojik ürün gayet güzel paketlenmiş hasarsız bir şekilde elime ulaştı teşekkürler,kargo,pozitif
Güzel bir teknolojik ürün gayet güzel paketlenmiş hasarsız bir şekilde elime ulaştı teşekkürler,ambalaj,pozitif
Güzel bir telefon,genel,pozitif
Güzel bir ürün tavsiye ederim,genel,pozitif
Güzel buldum,genel,pozitif
Güzel diğer yerlere göre uygun aldık,fiyat,pozitif
Güzel geldi sağlamdı (çeyizime aldım),kalite,pozitif
Güzel kardeşim icin aldım şuanlık bi sorun yok,genel,pozitif
Güzel kargolama ve güvenilir satıcı,kargo,pozitif
Güzel paketlenmiş hızlı kargo teşekkürler,kargo,pozitif
Güzel paketlenmiş hızlı kargo teşekkürler,ambalaj,pozitif
Güzel paketli şekilde ulaştı hızlı teslimat teşekkürler,kargo,pozitif
Güzel sorunsuz ulaştı elime teşekkürler,genel,pozitif
Güzel telefon beklediğim gibi tek sorunu geldiğinde önce şarj etmek istedim ısıdan dolayı şarj uyarısı verdi kullandıkça güncelleme yapacağım,batarya,negatif
Güzel ürün beğendim,genel,pozitif
Harika süper hiçbir sorun yok klasik Apple kalitesi,genel,pozitif
Harika süper hiçbir sorun yok klasik Apple kalitesi,kalite,pozitif
Harika. Hediye aldım. Bu fiyata bu kalite. Mükemmel,genel,pozitif
Harika. Hediye aldım. Bu fiyata bu kalite. Mükemmel,kalite,pozitif
Harika. Hediye aldım. Bu fiyata bu kalite. Mükemmel,fiyat,pozitif
Hayaldi gerçek oldu,genel,pozitif
Herkes sağlam diye iyi yorum yazıyor ürünü kullandım  1 ay yorum yapıyorum şimdiden kasıyor kamerası falan sıklıkla titriyor önermiyorum 1 2 bine sebep almayın,genel,negatif
Herkes sağlam diye iyi yorum yazıyor ürünü kullandım  1 ay yorum yapıyorum şimdiden kasıyor kamerası falan sıklıkla titriyor önermiyorum 1 2 bine sebep almayın,kalite,negatif
Herkes sağlam diye iyi yorum yazıyor ürünü kullandım  1 ay yorum yapıyorum şimdiden kasıyor kamerası falan sıklıkla titriyor önermiyorum 1 2 bine sebep almayın,ses_goruntu,negatif
Herkese tavsiye ederim paketlemesi güzeldi 2 günde geldi,genel,pozitif
Herkese tavsiye ederim paketlemesi güzeldi 2 günde geldi,ambalaj,pozitif
Herkesin faceid açılıyor parmak izde de aynısı oldu suan hepsini kaldırıp şifre ile kullanıyorum ne yapmalıyım,genel,notr
Hizli cihaz,genel,pozitif
Hiç sıkıntı yaşamadım güzel,genel,pozitif
Hızlı kargo güzel paketleme teşekkürler çok güzel bir telefon herkese tavsiye ederim teşekkürler Trendyol ürün sorunsuz geldi,genel,pozitif
Hızlı kargo güzel paketleme teşekkürler çok güzel bir telefon herkese tavsiye ederim teşekkürler Trendyol ürün sorunsuz geldi,kargo,pozitif
Hızlı kargo güzel paketleme teşekkürler çok güzel bir telefon herkese tavsiye ederim teşekkürler Trendyol ürün sorunsuz geldi,ambalaj,pozitif
"Hızlı kargo, özenli paketleme, orijinal ürün 👏",kargo,pozitif
"Hızlı kargo, özenli paketleme, orijinal ürün 👏",kalite,pozitif
"Hızlı kargo, özenli paketleme, orijinal ürün 👏",ambalaj,pozitif
Hızlı teslim aldım ikinci alışım teki babama teki amcama memnunlar bir sorun yok şuanda teşekkürler,genel,pozitif
Hızlı teslim aldım ikinci alışım teki babama teki amcama memnunlar bir sorun yok şuanda teşekkürler,kargo,pozitif
Hızlı teslimat  güzel paketleme güvenerek alabilirsiniz,genel,pozitif
Hızlı teslimat  güzel paketleme güvenerek alabilirsiniz,kargo,pozitif
Hızlı teslimat  güzel paketleme güvenerek alabilirsiniz,ambalaj,pozitif
Hızlı teslimmm,kargo,pozitif
Isınma sıkıntısı olmasa gayet iyi telefon,batarya,negatif
KURUMSAL FATURA KESİMİ YAPMADILAR,genel,negatif
KUTULAMA BENCE YETERSİZ! HARİCİNDE HERHANGİ BİR SIKINTISI YOK. TEŞEKKÜRLER,ambalaj,negatif
Kaliteli fiyat performans,kalite,pozitif
Kaliteli fiyat performans,fiyat,pozitif
Kamerası bi tuhaf gözlerimi sanki başka yere bakıyormuşum gibi gösteriyor. Anlamadım. Ayrıca 24 bin tl lik ürün alıyoruz 25 krş luk haribo gönderiyorlar. Ne ger,ses_goruntu,negatif
Kamerası bi tuhaf gözlerimi sanki başka yere bakıyormuşum gibi gösteriyor. Anlamadım. Ayrıca 24 bin tl lik ürün alıyoruz 25 krş luk haribo gönderiyorlar. Ne ger,fiyat,negatif
Kanser olmak istiyorsanız alabilir siniz ben bu kadar kötü bir satıcı bu kadar kötü bir kargo görmedim 36 bin tl ye cihaz alıyoruz kargo parası ödüyoruz birde k,kargo,negatif
Kanser olmak istiyorsanız alabilir siniz ben bu kadar kötü bir satıcı bu kadar kötü bir kargo görmedim 36 bin tl ye cihaz alıyoruz kargo parası ödüyoruz birde k,fiyat,negatif
"Kardeşim 2 yıldır kullanıyor, memnun.",genel,pozitif
Kardeşime aldım,genel,notr
Kardeşime aldım sevdi güvenilir satıcı teşekürler,genel,notr
Kardeşimin kullandığı bir ürün,genel,notr
Kargo hızlı geldi. Üründe bir problem yok. Kendi bilgilerimin bulunduğu bir fatura istiyorum fakat ulaşamıyorum firmaya.,kargo,pozitif
"Kargo ile fatura gelmedi, trendyolu aradığımda sorun olmayacağını söylediler ama telefonu satma halinde hoş bir durum değil. Telefon bilindiği gibi. Memnunum",genel,negatif
"Kargo ile fatura gelmedi, trendyolu aradığımda sorun olmayacağını söylediler ama telefonu satma halinde hoş bir durum değil. Telefon bilindiği gibi. Memnunum",kargo,negatif
Kargo paketlemesi gerçekten çok kötü. Birçok kişide memnun değil fakat halen ısrarla dikkat edilmiyor. Telefon tam korumalı bir jelatinle kaplı değildi malesef,genel,negatif
Kargo paketlemesi gerçekten çok kötü. Birçok kişide memnun değil fakat halen ısrarla dikkat edilmiyor. Telefon tam korumalı bir jelatinle kaplı değildi malesef,kargo,negatif
Kargo paketlemesi gerçekten çok kötü. Birçok kişide memnun değil fakat halen ısrarla dikkat edilmiyor. Telefon tam korumalı bir jelatinle kaplı değildi malesef,ambalaj,negatif
Kargo pat pat olmadan gelmiş bu tarz bir gönderi kanımca doğru değil. Şimdilik ürün sorunsuz 7 pula dan eşleşme yaptım oldu şükür.sağlıkla huzurla bereketle uzu,kargo,pozitif
Kargo çok  onun dısşında sorun yok,kargo,pozitif
Kargo çok geç geldi,kargo,negatif
Kargo çok hızlıydı 2 güne elime ulaştı. Hasarsız ve temiz bir şekilde geldi.  Çok beğendim çok zarif ve güzel bir telefon almak isteyenler tereddütsüz alsınlar,genel,pozitif
Kargo çok hızlıydı 2 güne elime ulaştı. Hasarsız ve temiz bir şekilde geldi.  Çok beğendim çok zarif ve güzel bir telefon almak isteyenler tereddütsüz alsınlar,kargo,pozitif
Kargo çok hızlıydı 2 güne elime ulaştı. Hasarsız ve temiz bir şekilde geldi.  Çok beğendim çok zarif ve güzel bir telefon almak isteyenler tereddütsüz alsınlar,ambalaj,pozitif
Kargo çok zor ulaştı kutu da ezilmişti,kargo,negatif
Kargo çok zor ulaştı kutu da ezilmişti,ambalaj,negatif
Kargo özenliydi. Telefon zaten güzel 👍🏻,kargo,pozitif
Kargodan dolayı1 yıldız  Aras kargo Anamur şubesi tebrikler .Adrese gelmeden teslim edemedik diye mesaj atıyor. Baya ilerletmisler meslek ahlakını.🤔🤔🤔🤔,kargo,negatif
Kargolama baştan savma yapıldı ama ürüne Allahtan hiçbir zarar gelmeden elime ulaştı,kargo,negatif
Kargolama çok kötü yani 38.binlik telefon alınıyor kutuya katıp gönderiliyor bu kadar da özensiz paketleme olamaz ya kılıfı ayrı sayfadan aldım şans eseri sağla,kargo,negatif
Kargolama çok kötü yani 38.binlik telefon alınıyor kutuya katıp gönderiliyor bu kadar da özensiz paketleme olamaz ya kılıfı ayrı sayfadan aldım şans eseri sağla,ambalaj,negatif
Kargolama çok kötü. Telefon hiç koruyucuya sarılmamış bile. Kutu telefon için büyüktü ve ezilmişti. Onun dışında telefon sorunsuz gözüküyor. Daha özen beklerdim,kargo,negatif
Kargolama çok kötü. Telefon hiç koruyucuya sarılmamış bile. Kutu telefon için büyüktü ve ezilmişti. Onun dışında telefon sorunsuz gözüküyor. Daha özen beklerdim,ambalaj,negatif
Kargolamada sıkıntı var önemsizce yapılmış kutusu ile paketlenmiş herhangi bir önlem alınmamış hiç memnun kalmadım,genel,negatif
Kargolamada sıkıntı var önemsizce yapılmış kutusu ile paketlenmiş herhangi bir önlem alınmamış hiç memnun kalmadım,kargo,negatif
Kargolamada sıkıntı var önemsizce yapılmış kutusu ile paketlenmiş herhangi bir önlem alınmamış hiç memnun kalmadım,ambalaj,negatif
Kargonun korunaklılığı hiç yeterli değildi.,kargo,negatif
Kargonun korunaklılığı hiç yeterli değildi.,ambalaj,negatif
Karşılaması zayıftı ama ürün sağlam geldi. Kargolamayı daha sağlam yapmanızı tavsiye ederim. ürün orijinal ürün güvenir.,genel,pozitif
Karşılaması zayıftı ama ürün sağlam geldi. Kargolamayı daha sağlam yapmanızı tavsiye ederim. ürün orijinal ürün güvenir.,kargo,pozitif
Karşılaması zayıftı ama ürün sağlam geldi. Kargolamayı daha sağlam yapmanızı tavsiye ederim. ürün orijinal ürün güvenir.,kalite,pozitif
Kenarları çabuk silindi,genel,negatif
Kendim için aldım çok iyi 👍,genel,pozitif
Kesimlikle almayın aldırmayın telefon arızalandı garantiye gönderdim cihazda daha önce işlem yapılmış diye garanti dışı kaldı trendyol kabul etmiyor 38 bin tlm,genel,negatif
Kesinlikle alın çok iyi bir korktum ama beklediğimden iyi geldi kutusu sağlamdı hasar yoktu teşekkürler:)),kalite,pozitif
Kesinlikle alın çok iyi bir korktum ama beklediğimden iyi geldi kutusu sağlamdı hasar yoktu teşekkürler:)),ambalaj,pozitif
Korkarak almıştım sorunsuz geldi paketleme de güzel tavsiye ederim,genel,pozitif
Korkarak almıştım sorunsuz geldi paketleme de güzel tavsiye ederim,ambalaj,pozitif
Kullandıktan sonra yorumu güncellerim şu an için güzel,genel,pozitif
Kullanış da gayet beğendim ben 36.000 TL’ye almıştım şu an bayağı fiyatlar artmış ama kullanışlı biraz küçük geldi ilk başta diğer kullandığım telefona göre ama,genel,pozitif
Kullanış da gayet beğendim ben 36.000 TL’ye almıştım şu an bayağı fiyatlar artmış ama kullanışlı biraz küçük geldi ilk başta diğer kullandığım telefona göre ama,fiyat,notr
Kutudan Fatura çıkmadı benimle iletişime geçmenizi istiyorum,genel,negatif
Kutunun içinde garanti belgesi yok,genel,negatif
Kutunun içinden fatura çıkmadı faturası nerde acaba nasıl ulaşırım,genel,negatif
Kutuya bile koymamışlar böyle sarıp göndermişler.,genel,negatif
Kutuya bile koymamışlar böyle sarıp göndermişler.,kalite,negatif
Kız kardeşime aldım çok memnun,genel,pozitif
Kızıma hediye aldım güle güle kullansın..Zaten ürün harika  bu kadar kısa sürede sorunsuz elimize ulaştı satıcıya teşekkür ederiz..,genel,pozitif
Kızıma hediye olarak aldım 2 aydır kullanıyor. Çok memnun. Kaliteli telefon kesinlikle. Hızlı şarj oluyor ve uzun süre şarjı gidiyor.,genel,pozitif
Kızıma hediye olarak aldım 2 aydır kullanıyor. Çok memnun. Kaliteli telefon kesinlikle. Hızlı şarj oluyor ve uzun süre şarjı gidiyor.,kalite,pozitif
Kızıma hediye olarak aldım 2 aydır kullanıyor. Çok memnun. Kaliteli telefon kesinlikle. Hızlı şarj oluyor ve uzun süre şarjı gidiyor.,batarya,pozitif
Malesef donuyor tuslar yazmıyor bozuk cıktı cok uzgunum ılkkez ıphon da bu soeunlarla karsılastım,genel,negatif
Malesef donuyor tuslar yazmıyor bozuk cıktı cok uzgunum ılkkez ıphon da bu soeunlarla karsılastım,kalite,negatif
Manavdan meyve almıyoruz paketlemeye özen gösterin lütfen,ambalaj,negatif
Memnun kaldım.,genel,pozitif
Memnunum 6aydır sorunsuz kullanıyorum,genel,pozitif
Merhaba kargo hiç özenli yapılmamıştı boş bir kutunun içine konulmuştu sadece kenarlarına koruma koyulması gerekirdi ki içinde elektronik bir ürün var sarsılmam,kargo,notr
Merhaba kargo hiç özenli yapılmamıştı boş bir kutunun içine konulmuştu sadece kenarlarına koruma koyulması gerekirdi ki içinde elektronik bir ürün var sarsılmam,ambalaj,notr
"Merhaba sizden almış olduğum cihazımın üst ön kısmında ekran ile kasa arasında gün ışığında ve fenerle de gözle görülür derecede bir boşluk, açıklık mevcut eski",kalite,negatif
Mükemmel bir telefon.Kullanimi kolay iyi bir tercih yapmışım.,genel,pozitif
Mükemmel bir özenli kargolama bravo,genel,pozitif
Mükemmel bir özenli kargolama bravo,kargo,pozitif
Mükemmel paketli telefon sorunsuz sıkıntısız çok iyiydi çok teşekkür ederim,genel,pozitif
Nisan ayinda aldim hala kullaniyorum sorun yok. Guvenilir. Çektiğim fotograflar kaliteli.,kalite,pozitif
O kadar para veriyosun bir adaptör  kulaklık vermiyorlar nedenn,fiyat,negatif
O kadar para veriyosun bir adaptör  kulaklık vermiyorlar nedenn,batarya,negatif
Orijinal ürün geldi teşekkür zamanında kargo teslimatı oldu teşekkürler,kargo,pozitif
Orijinal ürün geldi teşekkür zamanında kargo teslimatı oldu teşekkürler,kalite,pozitif
"Orjinal Apple ürünü,cihaz çok güzel,kızıma aldım beğenerek kullanıyor.",kalite,pozitif
Orjinal ürün geldi gayet kullanışlı güvenerek aldım teşekkürler,kalite,pozitif
Oğlum için aldım beğendim sorunsuz geldi ama şarj aleti çıkmadığı için biraz gayrıddi geldi alanlar göz önünde bulundurarak alsın derim,genel,pozitif
Oğlum için aldım beğendim sorunsuz geldi ama şarj aleti çıkmadığı için biraz gayrıddi geldi alanlar göz önünde bulundurarak alsın derim,batarya,negatif
Oğlum için almıştım kullanıyor bir sorun yok,genel,pozitif
Oğluma aldım çok beğendi bi sıkıntı yok memnun kaldık,genel,pozitif
Paket yırtık geldi sağlam kargolanmamıştı. Satıcı çok ilgisiz siyah sipariş verdim gri gönderildi alakaya maydanoz,kargo,negatif
Paket yırtık geldi sağlam kargolanmamıştı. Satıcı çok ilgisiz siyah sipariş verdim gri gönderildi alakaya maydanoz,ambalaj,negatif
Paketleme güzel kargo hızlıydı fakat ilk günden itibaren aramalarda sesim karşı tarafa gitmiyordu iade etmek zorunda kaldım üzgünüm,kargo,pozitif
Paketleme güzel kargo hızlıydı fakat ilk günden itibaren aramalarda sesim karşı tarafa gitmiyordu iade etmek zorunda kaldım üzgünüm,ses_goruntu,negatif
Paketleme güzel kargo hızlıydı fakat ilk günden itibaren aramalarda sesim karşı tarafa gitmiyordu iade etmek zorunda kaldım üzgünüm,ambalaj,pozitif
Paketleme güzeldi,ambalaj,pozitif
Paketleme harici sorunsuz geldi teşekkür ederim,ambalaj,pozitif
Paketleme iyiydi beğendim,genel,pozitif
Paketleme iyiydi beğendim,ambalaj,pozitif
Paketleme kötü -güncelleme- ; telefon çok iyi asla donmuyor kasmıyor kamerası efsane ancak şarjı çok hızlı bitiyor orijinal başlığını almama rağmen ve ısınma so,batarya,negatif
Paketleme kötü -güncelleme- ; telefon çok iyi asla donmuyor kasmıyor kamerası efsane ancak şarjı çok hızlı bitiyor orijinal başlığını almama rağmen ve ısınma so,ses_goruntu,pozitif
Paketleme kötü -güncelleme- ; telefon çok iyi asla donmuyor kasmıyor kamerası efsane ancak şarjı çok hızlı bitiyor orijinal başlığını almama rağmen ve ısınma so,ambalaj,negatif
Paketleme kötüydü buyuk kutunun icinde patpata sarılmadan oylesine konmus ve fatura garanti belgesi vs hicbir sey yok saka mı sanki manavdan domates aldım..,genel,negatif
Paketleme ve kargolama çok iyi  teslim çok hızlı kesinlikle bu satıcıdan alın herhangi bir sorun ile karşılaşmadığım için öneriyorum faturası  e postayla iletiy,kargo,pozitif
Paketleme ve kargolama çok iyi  teslim çok hızlı kesinlikle bu satıcıdan alın herhangi bir sorun ile karşılaşmadığım için öneriyorum faturası  e postayla iletiy,ambalaj,pozitif
Paketleme çok kötüydü,ambalaj,negatif
Paketleme çok özensizdi telefonun kutusunda ezikler vardı,ambalaj,negatif
Paketleme özenli ve hızlı kargo sorunsuz ürün teşekkür ederim,kargo,pozitif
Paketleme özenli ve hızlı kargo sorunsuz ürün teşekkür ederim,ambalaj,pozitif
Paketleme özenliydi,ambalaj,notr
Paketleme özensiz onun dışında sıfır kapalı kutu,ambalaj,negatif
Paketlemesi çok kötüydü telefon kutusuyla başka bi kutuya koyup göndermişler en azindan bi patpata sarılması lazımdı hasar almaması için,genel,negatif
Paketlemesi çok kötüydü telefon kutusuyla başka bi kutuya koyup göndermişler en azindan bi patpata sarılması lazımdı hasar almaması için,kalite,negatif
Paketlemesi çok özensizdi telefon normal apple mağazasından alınan gibi kapalı değil açık kutunun etrafına sadece jelatin sarılıp ısı ile yapıştırılmış. Telefon,ambalaj,negatif
"Paketlemesini beğenmedim çok sıradan gönderilmiş, ve en azından ufakta olsa bir hediye gönderilebilirdi. Bu nedenlerden ötürü puanımı düşük tuttum. Onun dışında",ambalaj,negatif
Paketlenmesi özenliydi beklediğim gibi geldi 3 günde elime ulaştı,kargo,pozitif
Paketlenmesi özenliydi beklediğim gibi geldi 3 günde elime ulaştı,ambalaj,notr
Pakette fatura veya garanti belgesi yok. Ayrıca paketleme özensiz. Garanti belgesinin e faturadaki QR kodda gözüktüğünü söylüyorlar fakat orada da gözükmüyor.,genel,negatif
Patpata bile sarılmamış dümdüz poşete sarılmış şekilde geldi yolda 500 takla atmıştır eminim,genel,negatif
"Pil sağlığı çok hızlı bir şekilde düştü ,ara sıra şebeke sorunu yaşıyorum ve telefonla konuşurken sesim bazen gitmiyor karşı tarafın seside bazen gelmiyor",genel,negatif
"Pil sağlığı çok hızlı bir şekilde düştü ,ara sıra şebeke sorunu yaşıyorum ve telefonla konuşurken sesim bazen gitmiyor karşı tarafın seside bazen gelmiyor",batarya,negatif
"Pil sağlığı çok hızlı bir şekilde düştü ,ara sıra şebeke sorunu yaşıyorum ve telefonla konuşurken sesim bazen gitmiyor karşı tarafın seside bazen gelmiyor",ses_goruntu,negatif
SAKIN BURDAN ALMAYIN YEMİN EDİYORUM SEYYAR SATICIDAN 2. EL ALSAYDIM DAHAÇABUK İLGİLENİRLERDİ. 2 HAFTADA BATARYASI ŞİŞTİ EKRAN YERİNDEN ÇIKTI. APPLE DESTEK OLMUY,genel,negatif
SAKIN BURDAN ALMAYIN YEMİN EDİYORUM SEYYAR SATICIDAN 2. EL ALSAYDIM DAHAÇABUK İLGİLENİRLERDİ. 2 HAFTADA BATARYASI ŞİŞTİ EKRAN YERİNDEN ÇIKTI. APPLE DESTEK OLMUY,batarya,negatif
SAKIN BURDAN ALMAYIN YEMİN EDİYORUM SEYYAR SATICIDAN 2. EL ALSAYDIM DAHAÇABUK İLGİLENİRLERDİ. 2 HAFTADA BATARYASI ŞİŞTİ EKRAN YERİNDEN ÇIKTI. APPLE DESTEK OLMUY,ses_goruntu,negatif
SORUNSUZ DÜZGÜN PAKETLEME VE HIZLI TESLİMAT İLE TESLİM ALDIM KULLANIYORUM SATICIYA VE TEREND YOLA TEŞEKKÜR EDERİM,kargo,pozitif
SORUNSUZ DÜZGÜN PAKETLEME VE HIZLI TESLİMAT İLE TESLİM ALDIM KULLANIYORUM SATICIYA VE TEREND YOLA TEŞEKKÜR EDERİM,ambalaj,pozitif
Samsung Kalitesi,kalite,pozitif
Samsung kalitesine  yakışmayan bir cihaz  ucuz diye almayın aynı paraya Xiaomi redmi note serisi bir telefon tercih edin,genel,negatif
Samsung kalitesine  yakışmayan bir cihaz  ucuz diye almayın aynı paraya Xiaomi redmi note serisi bir telefon tercih edin,kalite,negatif
Samsung kalitesine  yakışmayan bir cihaz  ucuz diye almayın aynı paraya Xiaomi redmi note serisi bir telefon tercih edin,fiyat,pozitif
Samsıngun en iyi telefonu hızlı geldi,kargo,pozitif
Sarji üç saat dayanıyor malesef beğenmedim kesinlikle almayınız,genel,negatif
Sarji üç saat dayanıyor malesef beğenmedim kesinlikle almayınız,batarya,negatif
Satıcı hariç iyi,genel,pozitif
Satıcıya güvenerek alabilirsiniz uzun süredir kullanıyoruz bir sıkıntı çıkmadı kutusu gayet iyi geldi,genel,pozitif
Satıcıya güvenerek alabilirsiniz uzun süredir kullanıyoruz bir sıkıntı çıkmadı kutusu gayet iyi geldi,ambalaj,pozitif
Satılan ürünlerde yani telefon bildiğim kadarıyla şarj kablosu ve başlığı olur lakin bunda kablo var başlık yok işinizi daha düzgün yapmanızı tavsiye ediyorum i,genel,pozitif
Sağ sağlam geldi teşekkür ederim sıkıntısız çok memnun kaldım,genel,pozitif
Sağ sağlam geldi teşekkür ederim sıkıntısız çok memnun kaldım,kalite,pozitif
Sağlam geldi 2 aydır kullanıyorum bir sıkıntı yok,kalite,pozitif
Sağlıklı bir şekilde geldi teşekkürler.,genel,pozitif
Severek kullanıyoruz 👌🏼,genel,pozitif
Sevgili Eşime Hediye aldım çok beğendi teşekkür ederim trendyol & teknosa hızlı kargo harika iphone,genel,pozitif
Sevgili Eşime Hediye aldım çok beğendi teşekkür ederim trendyol & teknosa hızlı kargo harika iphone,kargo,pozitif
Siparişi verdikten sonra tam 1 gün içinde teslim edildi. Fakat ürün 1 ay sonra ışıkta titreme yaparak hata vermeye başladı. Teknik servise verdim sorun görülmed,kargo,notr
Siyah söylemiştim farklı bir renk geldi,kalite,negatif
Sonunda aldım gayet güzel bir şekilde hiçbir sıkıntısı olmadan kullanıyorum bazı kurumsal mağazalarda çok çok daha ucuza aldım bunun için Trendyol a çok teşekkü,fiyat,pozitif
Sorunsuz bir şekilde geldi.,genel,pozitif
Sorunsuz bir şekilde teslim aldım teşekkürler telefon çok güzel kardeşime aldık 33809.02 ye aldım :),kargo,pozitif
Sorunsuz elime ulaştı,kargo,pozitif
Sorunsuz elime ulaştı beğendim telefonu ama 20. gün kapandi kendi kendine servise yolladım ve bir aydır telefonsuzum bir aydan sonra arayıp telefonun yapilamica,genel,negatif
Sorunsuz elime ulaştı beğendim telefonu ama 20. gün kapandi kendi kendine servise yolladım ve bir aydır telefonsuzum bir aydan sonra arayıp telefonun yapilamica,kargo,negatif
Sorunsuz geldi,genel,pozitif
"Sorunsuz geldi , tavsiye ederim",genel,pozitif
Sorunsuz geldi eşim icin aldık cok memnun,genel,pozitif
Sorunsuz geldi eşim için hediye almıştım,genel,pozitif
Sorunsuz kullanıyorum paketleme çok güzeldi sorunsuz ve hızlı geldi teşekkürler 👌🏽,kargo,pozitif
Sorunsuz kullanıyorum paketleme çok güzeldi sorunsuz ve hızlı geldi teşekkürler 👌🏽,ambalaj,pozitif
Sorunsuz ulaştı,genel,pozitif
Sorunsuz ulaştı çok güzel teşekkür ederim,genel,pozitif
Sorunsuz ve hızlı teslimat .,kargo,pozitif
Sorunsuz şekilde elime ulaştı satıcıya teşekkür ederim her şey mükemmel,genel,pozitif
Sorunsuz şekilde elime ulaştı satıcıya teşekkür ederim her şey mükemmel,kargo,pozitif
Sorunsuz şekilde elimize ulaştı ayrıca telefon kılıfı hediyesi için teşekkür ederiz 🙏,genel,pozitif
Süperrr bayıldım kargo güzeldi telefon sorunsuz,genel,pozitif
Süperrr bayıldım kargo güzeldi telefon sorunsuz,kargo,pozitif
Sürekli sorun çıkarıyo delirtiyor ya sabrediyorum bakalım nereye kadar,genel,negatif
Sıfır kutu aldığım halde ürün sanki yenilenmiş bir cihaz . iPhone’un göre yavaş bazen dokunmatiği basmıyor böyle bir şey olamaz güya Teknosa güvenilir bir satıc,genel,negatif
Sıfır kutu aldığım halde ürün sanki yenilenmiş bir cihaz . iPhone’un göre yavaş bazen dokunmatiği basmıyor böyle bir şey olamaz güya Teknosa güvenilir bir satıc,kalite,negatif
Sıfır kutuyu ben açtığım halde kenarı çizik geldi medya market satıcıdan aldım iademin gerçekleşmesini istiyorum.,kalite,negatif
Sıkıntısız bir şekilde geldi herhangi bir problem olmadı rahatlıkla alabilirsiniz,genel,pozitif
TEKNOSA DEFOLU ÜRÜN GÖNDERMİŞ. ARKADAŞLAR DİKKAT EDİN. SIFIR DİYE ALDIM. LENSLERİN OLDUĞU KISIMDA DARBE  İZLERİ MEVCUT.TEKNOSA İNSANLARI KANDIRARAK MI TİCARET Y,kalite,negatif
Tafsiye ederim istediğimiz gibi geldi memnunuz,genel,pozitif
Tam belirtildiği gibi satıcıya teşekkürler,genel,pozitif
Tam fiyat performans ürünü,fiyat,pozitif
Tam istediğim gibi hiç düşünmeden alabilirsiniz,genel,pozitif
Teknosa satısından aldım trendyol satıcısından geldi ayrıca faturası yok Allah’tan e faturası var fakat trendyol olarak geçiyor ve hiç bişeye sarılmamış küçücük,genel,negatif
Teknosadan sakın almayın sıfır ürünün flaş bölgesinde toz çıktı degişim yapmıyor servise gönderiyor,genel,negatif
Telefon  fotoğraf çekimi falan iyi sorun yok ama ısınıyor sıfır telefon nasıl ısınır dört yıl kullandığım telefon da böyle ısınma gibi bir durum olmadı,batarya,negatif
Telefon  fotoğraf çekimi falan iyi sorun yok ama ısınıyor sıfır telefon nasıl ısınır dört yıl kullandığım telefon da böyle ısınma gibi bir durum olmadı,ses_goruntu,pozitif
Telefon bozuk,genel,negatif
Telefon bozuk,kalite,negatif
Telefon cok iyi bu fiyata alınabilecek en iyi telefon kesinlikle hem de samsung kalitesiyle..tek dezavantajı sarj adaptörü cıkmaması..onun dışında tavsiye edili,genel,pozitif
Telefon cok iyi bu fiyata alınabilecek en iyi telefon kesinlikle hem de samsung kalitesiyle..tek dezavantajı sarj adaptörü cıkmaması..onun dışında tavsiye edili,kalite,pozitif
Telefon cok iyi bu fiyata alınabilecek en iyi telefon kesinlikle hem de samsung kalitesiyle..tek dezavantajı sarj adaptörü cıkmaması..onun dışında tavsiye edili,fiyat,pozitif
Telefon daha kullanmadım ama köpükle balonla bilmem neyle gönder kardeşim öyle kartona sarıp yollamışlar,genel,negatif
"Telefon dün elimize ulaştı, asla özenli bir kargo olmamıştı. Sonuçta teknolojik bir alet olduğu için telefona ayrı bir özen verilir diye düşünmüştük. Şansa tele",kargo,negatif
Telefon geldi ama faturası nıye yok. Garantisini nasıl başlatacaz,genel,negatif
Telefon güzel  hatasız iyi paketlenmiş teşekürler,ambalaj,pozitif
Telefon güzel boyutu falan da aşırı büyük değil babama aldık samsung kalitesi şaşırtmadı 🤌🏻( kargo da güzel paketleme yapmış),kargo,pozitif
Telefon güzel boyutu falan da aşırı büyük değil babama aldık samsung kalitesi şaşırtmadı 🤌🏻( kargo da güzel paketleme yapmış),kalite,pozitif
Telefon güzel boyutu falan da aşırı büyük değil babama aldık samsung kalitesi şaşırtmadı 🤌🏻( kargo da güzel paketleme yapmış),ambalaj,pozitif
Telefon güzel de paketleme konusunda biraz sıkıntılı.Sağlam geldi ve hızlı ulaştı.Paketlemeyide biraz daha özenli yaparsanız bi problem yok,kalite,pozitif
Telefon güzel de paketleme konusunda biraz sıkıntılı.Sağlam geldi ve hızlı ulaştı.Paketlemeyide biraz daha özenli yaparsanız bi problem yok,ambalaj,negatif
Telefon güzel paketleme çok kötü kargo çok geç geldi,kargo,negatif
Telefon güzel paketleme çok kötü kargo çok geç geldi,ambalaj,negatif
Telefon hakkında yorumum yok zaten belli Iphone kalitesi ancak satıcı garanti belgesini göndermedi kutu içerisinde herhangi bir garanti belgesi fatura yok ileti,kalite,negatif
Telefon iyi ama şarjdayken çok ısınıyor,batarya,negatif
Telefon ne zaman alsam pişman değilim teşekkürler Trendyol,genel,pozitif
Telefon sağlam geldi ama 38.000 alıyorsun yanında kılıf hediye edilebilirdi,kalite,pozitif
Telefon sorunusuz bir şekilde geldi  Paketleme çok iyidi Eşime aldım çok beğendi çok şuan,ambalaj,pozitif
Telefon çok güzel geldi beğendim tavsiye ediyorum,genel,pozitif
Telefon çok iyi özellikle Şarj konusunda çok memnun kaldım,genel,pozitif
Telefon çok iyi özellikle Şarj konusunda çok memnun kaldım,batarya,pozitif
Telefon şarj adaptörü neden yok çıkmadı kutudan,genel,negatif
Telefon şarjdayken dokunmatik çalışmıyor :( böyle birşey olabilir mi.,kalite,negatif
Telefon şarjdayken dokunmatik çalışmıyor :( böyle birşey olabilir mi.,batarya,negatif
Telefona söylenecek lafım yok ztn paketleme falan iyiydi ama tam 5 günde geldi ondan dolayı 2 yaldız,kargo,notr
Telefonu alalı 2 ay oldu. Birden şarj kesildi telefon şarj etmeyince garantiye gönderdim telefonumda donanımsal hata olduğunu söylediler tüm donanımsal parçalar,batarya,negatif
Telefonu alalı bir yıl yeni doldu fakat pil seviyesi aldığım ilk aydan itibaren düşmeye başladı ve Şuan %85 yalnızca kendi şarj adaptörü mlr şarj ettim özen gös,batarya,negatif
Telefonu aldım normalde benim bildiğim sıfır telefon alınca kutunun arkasında açma yeri oluyor bu telefonda yoktu,ambalaj,notr
Telefonu aldığımız ilk günden güncelleme ilk gün bile kasıyo arkadaşlar:D,genel,negatif
Telefonu henüz kullanmadık iyi görünüyor şimdilik. fakat içerisinde neden şarj adaptörü yok anlamış değilim sadece kablo var onun da iki ucu da aynı neden norma,genel,notr
Telefonu teslim aldık 2 gündür kullanıyoruz bir sıkıntı yok. Ancak kargo çok kötü ezilmiş bir vaziyette geldi. Trendyol gibi bir sitenin paketlemesine dikkat et,kargo,negatif
Telefonu teslim aldık 2 gündür kullanıyoruz bir sıkıntı yok. Ancak kargo çok kötü ezilmiş bir vaziyette geldi. Trendyol gibi bir sitenin paketlemesine dikkat et,ambalaj,negatif
Telefonu yaklaşık bir ay önce aldım ve ciddi isinma problemi var telefonda. Bu sorun tüm İphonelarda var mi yoksa bana arızalı telefon mu gönderildi bilmiyorum.,kalite,negatif
Telefonu yaklaşık bir ay önce aldım ve ciddi isinma problemi var telefonda. Bu sorun tüm İphonelarda var mi yoksa bana arızalı telefon mu gönderildi bilmiyorum.,batarya,negatif
Telefonu çok beğendim bu kadar kullanışlı olacağını ummuyordum,genel,pozitif
Telefonumda şuan bazı arızalar var garanti sürem daha dolmadı garantiye göndermek istiyorum ne yapmam lazım,genel,notr
Telefonun kendisi zaten çok güzel Dicek bir şey yok ama kargo çok uzun sürdü gelmesi gereken zamanda gelmedi bu yönden trendyol express eksiiiii,kargo,negatif
Telefonun sağ üst kısmında küçük bir çiziğe denk geldim,genel,negatif
Tereddüt etmeden alabilirsiniz hiç bir sorun yaşamadım gayet memnunum,genel,pozitif
Tereddüt etmiştim ama şuana kadar bir sorun yok memnun kaldım,genel,pozitif
Teslimatbyavaşdı yalan yok 5 günde zor geçti elime,kargo,negatif
Teşekkür ederim çok güzel kusursuz teslim aldım apple farkı,kargo,pozitif
Trendyol öğrenci desteğine uygun fatura göndermiyor.,fiyat,negatif
Uygun fiyat hızlı kargo teşekkürelr..,kargo,pozitif
Uygun fiyat hızlı kargo teşekkürelr..,fiyat,pozitif
Uzun süredir almak istiyordum ve aldım harika alınmalı,genel,pozitif
Vallaha geç geldi ama güzel geldi çok da beğendim memnun kaldım 2aydırda kullanıyorum şükür bir sorunu yok❤️‍🔥,genel,pozitif
Vallaha geç geldi ama güzel geldi çok da beğendim memnun kaldım 2aydırda kullanıyorum şükür bir sorunu yok❤️‍🔥,kargo,negatif
Vatan bilgisayardan aldım.sorunsuz ve hızlı geldi. Gayet başarılı,kargo,pozitif
Verdigim her bir liraya yazık ettim. Iphone = kalite yalanını bizzat yaşıyorum bir  güncelleme yaptı ki artık telefon ile konuşma yapmak hayal oldu hat yok ibar,kalite,negatif
Wp arka resmini degistrince mesaj yazilan kisim titriyor sebebini cozemedim insgtramda reel izlerken bazen saniyelik ekran parlakligi dusuuyor hersey kapali olm,ses_goruntu,negatif
Yaklaşık 1 aydır hiç bir sorun çıkmadı çok beğenerek kullanıyorum teşekkürler,genel,pozitif
Yaklaşık 10 ay önce aldım donma ve kasma problemi yaşıyorum bir yıl ek garanti de aldık telefonu hangi servise gönderebilirim,genel,negatif
Yavaş kargo,kargo,negatif
Yeni Geldi Elime Şimdilik Bi Sıkıntı Yok Kargo Vs Paketleme Güzel,kargo,pozitif
Yeni Geldi Elime Şimdilik Bi Sıkıntı Yok Kargo Vs Paketleme Güzel,ambalaj,pozitif
Yeni kullanmaya başladım şuanlık güzel,genel,pozitif
Yetkili satıcıdan almayı tercih ederek aldım problemsiz elime ulaştı,kargo,pozitif
Ziraat ve enpara gibi bankacılık uygulamalarında donuyor. Mobil internet hızı düşük.,genel,negatif
adığım 10 gün oldu oyun oynarken telefon yanıyor nedenini bilmiyorum aslında videolarında en güçlü oyunları bile oynarken ısınmaz diyordu,batarya,negatif
adığım 10 gün oldu oyun oynarken telefon yanıyor nedenini bilmiyorum aslında videolarında en güçlü oyunları bile oynarken ısınmaz diyordu,ses_goruntu,negatif
alalı  bir buçuk ay oldu çok güzel telefon bi sorun yaşamadım kullanışlı hızlı şarj oluyor kamerası güzel iyi ki almışım diyorum umarım uzun süre benle olur,batarya,pozitif
alalı  bir buçuk ay oldu çok güzel telefon bi sorun yaşamadım kullanışlı hızlı şarj oluyor kamerası güzel iyi ki almışım diyorum umarım uzun süre benle olur,ses_goruntu,pozitif
aldığıma pişman  oldum şarjı yarım gün dayanmıyor,genel,negatif
aldığıma pişman  oldum şarjı yarım gün dayanmıyor,batarya,negatif
almaya değer bir ürün,genel,pozitif
almaya değer bir ürün,fiyat,pozitif
alın çok güzel,genel,pozitif
amcamın oğlu na aldık çok beğendi trenyol hem uygun heme kolay ulaşılıyor sparişleri hıc ihmal etmezler teşekkür ederim,genel,pozitif
amcamın oğlu na aldık çok beğendi trenyol hem uygun heme kolay ulaşılıyor sparişleri hıc ihmal etmezler teşekkür ederim,fiyat,pozitif
android den geçiş yaptım biraz zorlanıyorum ama alışacagim  efsane aşık oldum 😂 hızlı geldi ve sağlam paketlenmisti satıcıya teşekkür ederim 🙏🏻  güncellememe,kargo,pozitif
android den geçiş yaptım biraz zorlanıyorum ama alışacagim  efsane aşık oldum 😂 hızlı geldi ve sağlam paketlenmisti satıcıya teşekkür ederim 🙏🏻  güncellememe,kalite,pozitif
android den geçiş yaptım biraz zorlanıyorum ama alışacagim  efsane aşık oldum 😂 hızlı geldi ve sağlam paketlenmisti satıcıya teşekkür ederim 🙏🏻  güncellememe,ambalaj,pozitif
annem için aldım rahat kullanıyor,genel,notr
anneme aldım çok begendik,genel,pozitif
anneme hediye aldım iyiki almışım çok güzel telefonn,genel,pozitif
anneme hediye aldım çok memnun,genel,pozitif
anneme hediye olarak almıştım ve çok da memnun kullanırken,genel,pozitif
"anneme ve kendime aldim cok memnunuz hic düşünmeden alabilirsiniz, bu pahalılıkta en güzel telefon bu",genel,pozitif
"anneme ve kendime aldim cok memnunuz hic düşünmeden alabilirsiniz, bu pahalılıkta en güzel telefon bu",fiyat,pozitif
arkadaşlar firma ürünü faturasız gönderdi kutuyu açmadığım için iade ettim defalarca fatura istemem rağmen ürünün faturasıı temin edemediler satıcı trendyola yö,genel,negatif
babam 4 aydir kullaniyor ve memnun,genel,pozitif
babama hediye olarak aldık duruşu güzel,genel,pozitif
bana gönderilen bu cihaz müthiş birde aparatlari olsaydı dahada iyi olurdu pataryasi ve kılıfı ekran koruyucu yok,genel,pozitif
beklediğim gibi tavsiye ederim,genel,pozitif
beklediğimden daha iyi,genel,pozitif
bi ton para verip içinde şarz adaptörü olmaması çok yanlış ayrıyeten para verip adaptör almak doğru değil,fiyat,negatif
bi ton para verip içinde şarz adaptörü olmaması çok yanlış ayrıyeten para verip adaptör almak doğru değil,batarya,negatif
bir sorun çıkmadı alınabilir,genel,pozitif
birkaç gün önce buradan 40bin liraya aldım şimdi aynı yerde aynı telefon 39bin liraya satılıyor. amazon'da ise 38bin liraya satılıyor.,genel,notr
bu fiyata bu ürün normal. güzel,fiyat,pozitif
bu satıcadan ürün almanızı tavsiye etmiyorum ürünlerinde sorun yaşanıyor,genel,negatif
bu urunu iade icin gonderdim kutusunu hic acmadim 20 nisanda teslim almislar hala iade inceleniyor diyor trendyol asistandan musteri hizm canli baglandim 21 is,kargo,negatif
bu urunu iade icin gonderdim kutusunu hic acmadim 20 nisanda teslim almislar hala iade inceleniyor diyor trendyol asistandan musteri hizm canli baglandim 21 is,ambalaj,negatif
cok güzel bir telefon memnun kaldim,genel,pozitif
dokunmadığı çok kötü bazen hiç basmıyor hatta kesinlikle tavsiye etmem,genel,negatif
elime sapa sağlam geldi paketleme çok özenliydi teşekkür ederim.,kalite,pozitif
elime sapa sağlam geldi paketleme çok özenliydi teşekkür ederim.,ambalaj,pozitif
esime aldikdan sonra annemede siparis  verdik sahane düşünmeden alabilirsiniz,genel,pozitif
eşim yılbaşı hediyesi aldı severek kullanıyorum gayet sağlam özenli bi şekilde geldi,kalite,pozitif
eşime aldım çok beğendi paketleme güzeldi teşekkürler almak isteyenler düşünmeden alabilir,ambalaj,pozitif
eşime doğum günü hediyesi olarak aldım memnun kaldı,genel,pozitif
eşime supriz olarak aldım çok beğendi sorunsuz elimize ulaştı gönül rahatlığı ile alabilirsiniz,genel,pozitif
f/p iyi güzel,genel,pozitif
f/p ürünü güzel,genel,pozitif
fatura gelmedi ilgilenen biri ulaşabilir mi,genel,negatif
"fatura göndermediler bakalım 1 2 gün bekleyeceğim, aksi taktirde yasal hakkımı kullanıp vergi dairesine şikayette bulunacağım. fatura gönderirlerse yorumu değiş",genel,notr
faturadan dolayı problem yaşadım destekten faydalanamadim,genel,negatif
faturam gelmedi faturayı gonderirmsnz fatura görüntüleme kısmında çıkmıyor,genel,negatif
faturam gelmedi istiyorum ikidebir asistanı atıyor oradan da gelmedi bide kurumsal  firma olacaksınız,genel,notr
faturam gelmemiş lütfen faturamı gönderin,genel,notr
faturam neden gelmedi,genel,notr
faturası için de yok,genel,negatif
faturaya tc kimlik numarası ekleniyor mu?,genel,notr
faturayla ilgili sorun çıktığı için iade etmek zorunda kaldım,genel,negatif
fena değil alinabilir,genel,pozitif
fiyat performans denilebilir,fiyat,pozitif
fiyat performans olarak güzel bir ürün. anneme aldık şuanlık memnun,genel,pozitif
fiyat performans olarak güzel bir ürün. anneme aldık şuanlık memnun,fiyat,pozitif
fiyat performans ürünü,fiyat,pozitif
fiyatina göre iyi telefon,fiyat,pozitif
fiyatı 18.500 dü 10 gün kadar önce. sepetimde durdu 2 saat. belirli sebeplerden dolayı hemen alamadım. tam satın alacaktım ki fiyatı bin tl yükseldi. çok zoruma,fiyat,notr
fiyatı ucuz kalitesi sağlam hiç düşünmeyin,kalite,pozitif
fiyatı ucuz kalitesi sağlam hiç düşünmeyin,fiyat,pozitif
fiyatına göre iyi telefon.,fiyat,pozitif
garanti belgesi ve faturası gönderilmemiş eksik geldi.,genel,negatif
garanti belgesi çıkmadı içinden . iade mi etmem gerekiyor şimdi.,genel,negatif
gayet güzel bir telefon alabilirsiniz sorunsuz geldi,genel,pozitif
gayet güzel şuan sorunsuz bir şekilde kullanıyorum,genel,pozitif
gayet yerinde fiyat performans,fiyat,pozitif
gayette iyi beğendim fiyatına göre çok iyi,genel,pozitif
gayette iyi beğendim fiyatına göre çok iyi,fiyat,pozitif
görüntü kalitesi iyi. şu an stabil çalışıyor ama hafıza doldukça yavaşlamaya başladı,kalite,pozitif
görüntü kalitesi iyi. şu an stabil çalışıyor ama hafıza doldukça yavaşlamaya başladı,ses_goruntu,pozitif
güvenle alıp kullanabilirsiniz teşekkür ederim satıcı firmaya kargoda baya hızlıydı helal,kargo,pozitif
güzel,genel,pozitif
güzel  telefon.tavsiye ederim,genel,pozitif
güzel begendik,genel,pozitif
güzel bir telefon hasarsız geldi ama güzel paketlenmemiş kırılabilirdi.,kalite,pozitif
güzel bir telefon hasarsız geldi ama güzel paketlenmemiş kırılabilirdi.,ambalaj,pozitif
güzel bir ürün iki tane aldım,genel,pozitif
güzel geldi,genel,pozitif
güzel iş görüyor ancak kutudan adaptör çıkmadığı için vede usb kablo başka adaptörlere uymadığı için ekstradan 545 tl ye adaptör almak durumunda kaldık değerlen,fiyat,negatif
güzel paketlenmiş,ambalaj,pozitif
güzel sevdim,genel,pozitif
güzel telefon,genel,pozitif
güzel telefon görünüşünü çok beğendim,genel,pozitif
güzel telefon ucuz da yani ayrıca kamerası çok güzel çekiyor. fazla para verip başka  telefon almaya gerek yok yani. gerçi bizde fazla parada yok zaten o da far,fiyat,pozitif
güzel telefon ucuz da yani ayrıca kamerası çok güzel çekiyor. fazla para verip başka  telefon almaya gerek yok yani. gerçi bizde fazla parada yok zaten o da far,ses_goruntu,pozitif
güzel ve kaliteli,kalite,pozitif
güzel ürün itina ile hazırlanmış güzel geldi,genel,pozitif
güzel ürün paketleme güzel ve hızlı geldı teşekkür ederim,ambalaj,pozitif
harika tavsiyemdir,genel,pozitif
harika ürün herkese tavsiye ederim güzel paketleme,genel,pozitif
harika ürün herkese tavsiye ederim güzel paketleme,ambalaj,pozitif
harıka cok iyi tam aradıgımız telefon kızım için aldık çok begendı,genel,pozitif
hiç tereddüt etmeden aldım ve iyiki almışım kargoda hızlıydı teşekkürler,kargo,pozitif
hoş ve güzel faturasız geldi,genel,pozitif
hızlı bir şekilde elime ulaştı Ürün  güzel paketleme biraz özensizdi,genel,pozitif
hızlı bir şekilde elime ulaştı Ürün  güzel paketleme biraz özensizdi,kargo,pozitif
hızlı bir şekilde elime ulaştı Ürün  güzel paketleme biraz özensizdi,ambalaj,negatif
hızlı geldi,kargo,pozitif
hızlı kargo,kargo,pozitif
hızlı teslimat. sorunsuz ürün,kargo,pozitif
iPhone 13 hayallerimin telefonu arkadaşlar ben aşırı memnunum tavsiye ederim,genel,pozitif
"iPhone 8 Plus, iPhone 11 ve sonrasında iPhone 13 arasında belirgin farklar olsa da,iPhone 13’te kamerada canlı renk tonları eklenmiş ve işlemci daha güçlü, anca",ses_goruntu,notr
iPhone kalitesi eşime aldım çok beğendi,kalite,notr
ikinci telefonu istedim çok güzel,genel,pozitif
ilk basta saticiyla biraz sorun yaşadık ama stogumuz kalmadi dediler ama geri gönderdiler,genel,negatif
indirmde eşime hediye almıştım çok memnun kaldık,genel,pozitif
"internete bağlanma sorunu var,",genel,negatif
iphone killer,genel,notr
istediğim gibi geldi teşekkürler,genel,pozitif
iyi,genel,pozitif
iyi gibi yani,genel,pozitif
iyi güzel sorunsuz geldi,genel,pozitif
iyi iyi iş görüyor.,genel,pozitif
işlemci sandığımdan yetersiz çıktı gündelik kullanım için alınabilir.,genel,notr
kardeşime aldım beğendi.,genel,pozitif
kardeşime aldım gayet iyi beğendi,genel,pozitif
kardeşimin doğum günü hediyesi için almıştım çok beğendi çok uygunada aldım,fiyat,pozitif
kargo hızlı paketleme guzeldi,kargo,pozitif
kargo hızlı paketleme guzeldi,ambalaj,pozitif
kargo içeriğinde faturaya rastlamadım. telefon kutusunu açmadım. kutu içindemi fatura.,kargo,notr
kargo çok hızlıydı,kargo,pozitif
kargolama paketleme çok iyi faturasyla ulasti,kargo,pozitif
kargolama paketleme çok iyi faturasyla ulasti,ambalaj,pozitif
kayıt dışıdır diye mesaj  geldi kvk lı değil mi cihaz,genel,notr
kazasız bir şekilde iPhone sağlam teslim aldık teşekkür ederiz emeği geçen herkese saygılar sevgiler diliyorum,kargo,pozitif
kazasız bir şekilde iPhone sağlam teslim aldık teşekkür ederiz emeği geçen herkese saygılar sevgiler diliyorum,kalite,pozitif
kaç gün geçti hala fatura bekliyorum,genel,negatif
kesinlikle beyaz alın,genel,notr
kesinlikle tavsiye etmiyorum Aras kargo ile çalışıyorlar ve çok sorumsuz bı kargo firimasi kargomu benden habersiz başka birine vermişler şuan çok mağdurum hiç,genel,negatif
kesinlikle tavsiye etmiyorum Aras kargo ile çalışıyorlar ve çok sorumsuz bı kargo firimasi kargomu benden habersiz başka birine vermişler şuan çok mağdurum hiç,kargo,negatif
keşke içine boş poşet koymak yerine daha güvenli ve sağlam gelmesini saglicak bişi koysaydiniz,kalite,negatif
kulaklık ve şarj olsaydı çok iyi olurdu  tlfonunum çok güzel memnun kaldım,genel,pozitif
kulaklık ve şarj olsaydı çok iyi olurdu  tlfonunum çok güzel memnun kaldım,batarya,pozitif
kullanışlı,genel,notr
kurulumunu çok zor yaptım şu anlık iyi içiniz rahat edecekse burdan alın etmeyecekse bayiden alın siz,genel,pozitif
kusurlu ürün gönderildi. sağ üstte nokta gibi şekiller var ve alt kısımda da lekeler mevcut. iade gönderiyorum,kalite,negatif
kutu özenlidi sadece fatura yoktu e-posta atıyorlar ürün orijinal garanti,kalite,pozitif
kutuda çıkardım şarja taktım olmadı ürünü garantiye gonderdim,batarya,notr
kutunun içinden şarj adaptörü çıkmadi neden,genel,negatif
küçük bir telefonu kocaman  karton kutuya koyup göndermek.  koruyucu poset dahi yoktu telefon kutunun içerisinde bi oyana bi bur yana sağlıksız geldi kargoda,kargo,notr
küçük bir telefonu kocaman  karton kutuya koyup göndermek.  koruyucu poset dahi yoktu telefon kutunun içerisinde bi oyana bi bur yana sağlıksız geldi kargoda,ambalaj,notr
kızma ve kendime aldım kullanışlı bir telfon,genel,notr
kızıma aldım teknosaya teşekür ederim sorunsuz ulaştı elime  sağlam firma,kalite,pozitif
magzadan alın kusurlu ürün gönderiyolar,kalite,negatif
memnun kaldim tmeiz media marketten geldi güzel cihaz teşekürler,genel,pozitif
memnun kaldık sorunsuz geldi,genel,pozitif
memunun kaldım almanızı tavsiye ederim,genel,pozitif
mukemmel🙏😊,genel,pozitif
mükemmel bir f/p telefonu,genel,pozitif
"mükemmel. kendim aldım, çok memnun kaldım. akabinde hanımada aldım.",genel,pozitif
naasıll memnun kaldik nasıllll bir bilsenizz sarj kablomuzda bu sekilde geldi 10 numara 5 yildız daha ne olsun bu  son olsun,genel,pozitif
naasıll memnun kaldik nasıllll bir bilsenizz sarj kablomuzda bu sekilde geldi 10 numara 5 yildız daha ne olsun bu  son olsun,batarya,pozitif
oglum icin almisrim cok memnun guzel kullanisli tskler samsung  herkes gönul rahatligiyla alabilir,genel,pozitif
ogluma aldım cok begendı ıkı gunde elime ulastı,kargo,pozitif
ogrenci vergi indiriminden faydalanmak icin alanlar asla almasin bir ton ugrasmama ragmen faturayi dogru sekilde duzenlemiyorlar paketi hic acmadan iade ettim v,fiyat,negatif
orjinal apple kutusu neden değil bilgi verir misiniz? böyle bir şey alana kadar yazmıyordu,kalite,negatif
orjinal apple kutusu neden değil bilgi verir misiniz? böyle bir şey alana kadar yazmıyordu,ambalaj,negatif
orjinal ürün hızlı teslimat ve diğer satıcılara göre uygun fiyat. insan bı hediye kılıf ekran koruyucu koyardı ama,kargo,pozitif
orjinal ürün hızlı teslimat ve diğer satıcılara göre uygun fiyat. insan bı hediye kılıf ekran koruyucu koyardı ama,kalite,pozitif
orjinal ürün hızlı teslimat ve diğer satıcılara göre uygun fiyat. insan bı hediye kılıf ekran koruyucu koyardı ama,fiyat,pozitif
orjinal ürün hızlı teslimat ve diğer satıcılara göre uygun fiyat. insan bı hediye kılıf ekran koruyucu koyardı ama,ses_goruntu,pozitif
oğlum kullanıyor ve çok güzel kamerası aşırı kullanisli,ses_goruntu,pozitif
oğluma  hediye aldım,genel,notr
paketleme güzel kargo hızlı orjinal ürün alin aldırın tskler,kargo,pozitif
paketleme güzel kargo hızlı orjinal ürün alin aldırın tskler,kalite,pozitif
paketleme güzel kargo hızlı orjinal ürün alin aldırın tskler,ambalaj,pozitif
paketleme hic guzel degildi ama telefon guzel begedim,ambalaj,negatif
paketleme ve ulaşım güzel teşekkürler,ambalaj,pozitif
paketleme çok iyi patpat ve koliyle yollamışlar araya hafta sonu girdiği icin gec geldi ama sorunsuz geldi kargo hizli olabilirdi,kargo,negatif
paketleme çok iyi patpat ve koliyle yollamışlar araya hafta sonu girdiği icin gec geldi ama sorunsuz geldi kargo hizli olabilirdi,ambalaj,pozitif
paraninin hakkını veriyor,fiyat,notr
parasina göre iyi,fiyat,pozitif
saglam ulasti elime kisa surede memnun kaldim,genel,pozitif
saglam ulasti elime kisa surede memnun kaldim,kalite,pozitif
saj cihazım gelmedi. özensiz bir paketti   hiç memnun kalmadim,genel,negatif
samsun güzel,genel,pozitif
samsung galaksy a30 dan geçitiğim için biraz boyutu küçük geldi onun dışında iyi sorunsuzdu,genel,pozitif
samsung galaxy a24 aldım oğluma bugün geldi ama içinden sarj adaptörü ve kablosu yok koskoca samsung bu kadar dustumu yazık okadar para ver bide sadece iki tara,fiyat,negatif
satıcı bir türlü faturayı yollamadı almayın arkadaslar,genel,negatif
sağlam geldi,kalite,pozitif
sağlam geldi paketleme iyi şarj kablosu arızalı geldi.Ucuz sanmayın şarj adaptörü şarj kablosu 1200yl yapıyo onuda ekleyin fiyata,kalite,negatif
sağlam geldi paketleme iyi şarj kablosu arızalı geldi.Ucuz sanmayın şarj adaptörü şarj kablosu 1200yl yapıyo onuda ekleyin fiyata,fiyat,negatif
sağlam geldi paketleme iyi şarj kablosu arızalı geldi.Ucuz sanmayın şarj adaptörü şarj kablosu 1200yl yapıyo onuda ekleyin fiyata,batarya,negatif
sağlam geldi paketleme iyi şarj kablosu arızalı geldi.Ucuz sanmayın şarj adaptörü şarj kablosu 1200yl yapıyo onuda ekleyin fiyata,ambalaj,pozitif
sevdik kardesime aldım,genel,notr
severek kullanıyoruz kesinlikle güvenle ala bilirsiniz,genel,notr
sipariş etimde biraz tereddüt ettim ama İyikii almışım tavsiye ediyorum hem uygun hemde sağlam şekilde elime ulaştı çok teşekkür ediyorum,genel,pozitif
sipariş etimde biraz tereddüt ettim ama İyikii almışım tavsiye ediyorum hem uygun hemde sağlam şekilde elime ulaştı çok teşekkür ediyorum,kargo,pozitif
sipariş etimde biraz tereddüt ettim ama İyikii almışım tavsiye ediyorum hem uygun hemde sağlam şekilde elime ulaştı çok teşekkür ediyorum,kalite,pozitif
sipariş etimde biraz tereddüt ettim ama İyikii almışım tavsiye ediyorum hem uygun hemde sağlam şekilde elime ulaştı çok teşekkür ediyorum,fiyat,pozitif
sonuna kadar güvenip alabilirsiniz içinde kablosu da var,genel,pozitif
sonuna kadar güvenip alabilirsiniz içinde kablosu da var,batarya,pozitif
sorunsuz bi şekilde geldi ve diğer yerlere göre baya uyguna aldım tavsiye ederim,genel,pozitif
sorunsuz bi şekilde geldi ve diğer yerlere göre baya uyguna aldım tavsiye ederim,fiyat,pozitif
sorunsuz bir şekilde ulaştı,genel,pozitif
sorunsuz geldi beğendim ama keşke şarj başlığı olsaydı,genel,pozitif
sorunsuz geldi beğendim ama keşke şarj başlığı olsaydı,batarya,pozitif
sorunsuz geldi elime,genel,pozitif
sorunsuz geldi telefon ama sarj aletinin kafa Kısmı cikmadi o yüzden puan kiriyorum,batarya,negatif
süper beğendim,genel,pozitif
süper iphoneden şaşmam asla,genel,pozitif
süper kalite hızlı kargo güvenilir satıcı,kargo,pozitif
süper kalite hızlı kargo güvenilir satıcı,kalite,pozitif
sıfır  telefonun ekranı cizik geldi ve paket açıktı aradım müsteri hizmetlerini bagla satıcıya  dedim öyle bişey yaapamayız diyor telefonun taksiti geldi ve tel,kalite,negatif
sıfır  telefonun ekranı cizik geldi ve paket açıktı aradım müsteri hizmetlerini bagla satıcıya  dedim öyle bişey yaapamayız diyor telefonun taksiti geldi ve tel,ses_goruntu,negatif
sıfır ürün diye pili değiştirilmiş tamir görmüş yenilenmiş telefonu göndermişler. (telefonu detaylı inceleyince kendisi gösteriyor zaten. süper zeki olmaya gere,genel,negatif
sıfır ürün diye pili değiştirilmiş tamir görmüş yenilenmiş telefonu göndermişler. (telefonu detaylı inceleyince kendisi gösteriyor zaten. süper zeki olmaya gere,kalite,negatif
sıkıntısız teslim edildi güzeş,kargo,pozitif
tahmin ettiğinden çok daha iyi ve hızlı geldi 2 gunde elime ulaştı güzelce  paketlenmişti kullanmaya devam edecem bir sorun olursa yorumumu guncellerim,kargo,pozitif
tahmin ettiğinden çok daha iyi ve hızlı geldi 2 gunde elime ulaştı güzelce  paketlenmişti kullanmaya devam edecem bir sorun olursa yorumumu guncellerim,ambalaj,pozitif
tam bir performans ürünü bir telefondan beklenilen her şeyi karşılıyor. hızı çok iyi.,genel,pozitif
tam istediğim gibi güzel bir şekilde paketlenmiş tavsiye ederim teşekkür ederim 🙂,genel,pozitif
tam istediğim gibi güzel bir şekilde paketlenmiş tavsiye ederim teşekkür ederim 🙂,ambalaj,pozitif
tavsiye ederim.,genel,pozitif
tedirginlikle aldım inşallah memnun kalırım.  Paketi dün açtığımızda köşe detayında küçük bir soyulmaya benzer Bi çizik tarzı bisey var. ses konusunda sıkıntı y,genel,pozitif
tedirginlikle aldım inşallah memnun kalırım.  Paketi dün açtığımızda köşe detayında küçük bir soyulmaya benzer Bi çizik tarzı bisey var. ses konusunda sıkıntı y,kalite,negatif
tedirginlikle aldım inşallah memnun kalırım.  Paketi dün açtığımızda köşe detayında küçük bir soyulmaya benzer Bi çizik tarzı bisey var. ses konusunda sıkıntı y,ses_goruntu,pozitif
telefon aldım ürün teslim edildi gayet iyi çıktı  yıllardır kullanıyorum,kargo,pozitif
telefon bir harika çok beğendim sorunsuz elime ulaştı teşekkür ederim,genel,pozitif
telefon bir harika çok beğendim sorunsuz elime ulaştı teşekkür ederim,kargo,pozitif
telefon guzel evet ama sarj fişi yok başligi ama kablosu var ve hic bir başlığa uymuyor kücük kaliyor onu da gönderseler sevinirdim,genel,pozitif
telefon guzel kullanışlı ancak içerisinden şarj kablosu çıkmadı,genel,pozitif
telefon guzel şarjı çabuk bitiyor,batarya,negatif
telefon güzel ama şarj adaptörü içinde olsa daha iyi olurdu onun dışında güzel,batarya,pozitif
telefon güzel fiyatına göre ama şarj adaptörü çıkmadı içinden,fiyat,pozitif
telefon nun sesi gelip gidiyor sistem sesleri telefonu sıfır diye almıştık,ses_goruntu,negatif
telefon sağlam geldi anneme aldık kamerası baya iyi güvenerek alabilirsiniz,genel,pozitif
telefon sağlam geldi anneme aldık kamerası baya iyi güvenerek alabilirsiniz,kalite,pozitif
telefon sağlam geldi anneme aldık kamerası baya iyi güvenerek alabilirsiniz,ses_goruntu,pozitif
telefon sorunsuz ulaştı ama eksik geldi sadece kablo geldi oda ikitarafıda ince şarj kafası yok?,genel,negatif
telefon çok güzel kızım için aldım çok memnun☺️,genel,pozitif
telefon çok isiniyo,batarya,negatif
telefona çok iyi uydu,genel,pozitif
telefonda sorun yok fakat orjinal kablo şarj etmiyor bozuk çıktı kurulum yapılmış telefonun hepsini gönder diyor Teknosa sadece kablo bozuk her şey neden değişs,genel,negatif
telefonda sorun yok fakat orjinal kablo şarj etmiyor bozuk çıktı kurulum yapılmış telefonun hepsini gönder diyor Teknosa sadece kablo bozuk her şey neden değişs,kalite,negatif
telefonu aldıktan sonra gece çekimi yapma zamanım olmamıştı hiç dün çekip çekip farkettim arka flashla pul pul görüntüler var hemen dönüş sağlarmısınız,ses_goruntu,negatif
telefonu oğluma aldım memnun,genel,pozitif
telefonum sarjda ve kullanirken cok isiniyor 6 ay oldu ve pil sağlığım  95,batarya,negatif
telefonun dokunmatiği arızalı çıktı servise verdim kullanamadan,kalite,negatif
telfonda sorun cıktı yetkili servisle ulasmak istiyorum satıcı mesajıma bakmıyor yardımcı olur musunuz,genel,negatif
"teslimat denildiği tarihte geldi, teslimat konusunda memnun kaldım telefonu da e devlet üzerinden imei sorgulama ile teyit ettim, herhangi bi yerinde çizik vs y",genel,pozitif
"teslimat denildiği tarihte geldi, teslimat konusunda memnun kaldım telefonu da e devlet üzerinden imei sorgulama ile teyit ettim, herhangi bi yerinde çizik vs y",kargo,pozitif
"teslimat denildiği tarihte geldi, teslimat konusunda memnun kaldım telefonu da e devlet üzerinden imei sorgulama ile teyit ettim, herhangi bi yerinde çizik vs y",kalite,negatif
"teşekkür ederiiiz babama aldım çok memnun oldu kamerası falan güzel, sağlam, yeni ve kullanışlı bir ürün almayı çok tereddüt ettim iyiki de almışım güvenilir bi",genel,pozitif
"teşekkür ederiiiz babama aldım çok memnun oldu kamerası falan güzel, sağlam, yeni ve kullanışlı bir ürün almayı çok tereddüt ettim iyiki de almışım güvenilir bi",kalite,pozitif
"teşekkür ederiiiz babama aldım çok memnun oldu kamerası falan güzel, sağlam, yeni ve kullanışlı bir ürün almayı çok tereddüt ettim iyiki de almışım güvenilir bi",ses_goruntu,pozitif
teşekkür ederim Çok hızlı çok güvenli geldi tavsiye ederim,genel,pozitif
teşekkürler,genel,pozitif
tlfn geldi güzel ama paketleme sıfır kutunun kapağı yok bide tlfn açılmıyo şarja taktım gene açılmadı  iadeye edicem şimdi,batarya,negatif
tlfn geldi güzel ama paketleme sıfır kutunun kapağı yok bide tlfn açılmıyo şarja taktım gene açılmadı  iadeye edicem şimdi,ambalaj,negatif
tr garantilimj emin değilim ama gayet iyi suanlik,genel,pozitif
"trendyoldan ve trendyol isimli satıcıdan telefon aldığım güne yazıklar olsun gerçekten. geldiğindeki özensiz paketlemeyi falan geçiyorum. ürünü alalı 2,5 ay old",ambalaj,negatif
uygun,fiyat,pozitif
"vergisiz telefon desteğinden yararlanmak için aldım, faturam henüz bana ulaşmadı maalesef. 8 gündür bekliyorum. telefonu da fatura gelmediği için açamadım. tc k",genel,negatif
yakışıklı kardeşime aldım güzel,genel,pozitif
yanında şarj aleti veya kulaklık olsaydı daha iyi olurdu.,batarya,pozitif
yorumlara bakarak aldim ürün sağlam geldi fakat çok geç geldi 3 gün sürdü ertesi gün falan da gelmedi paketleme de dandikti ama ürün sağlam sorun yok alabilirsi,kargo,negatif
yorumlara bakarak aldim ürün sağlam geldi fakat çok geç geldi 3 gün sürdü ertesi gün falan da gelmedi paketleme de dandikti ama ürün sağlam sorun yok alabilirsi,kalite,pozitif
yorumlara bakarak aldim ürün sağlam geldi fakat çok geç geldi 3 gün sürdü ertesi gün falan da gelmedi paketleme de dandikti ama ürün sağlam sorun yok alabilirsi,ambalaj,negatif
ÇOK BAŞARILI BİR ÜRÜN KESİNLİKLE TAVSİYE EDERİM.,genel,pozitif
Çift hat var yazıyor özelliklerde nereye takıcam bulamadm,genel,notr
Çok araştırıp aldım. Telefonla çok vakit geciren biri olmadığım için özellikleri beni her türlü tatmin eder diye düşünmüştüm. Kamera benim için öncelikli özelli,genel,notr
Çok başarılı ve hızlı bir teslimat tebrik ediyorum,kargo,pozitif
Çok beğendim büyük telefondan geçiş yaptım gayet kullanışlı,genel,pozitif
"Çok beğendim satıcı Trendyol olduğu için hiç bir sorun yaşamadım, çok hızlı bir şekilde elime ulaştı. Paketleme çok güzeldi.",genel,pozitif
"Çok beğendim satıcı Trendyol olduğu için hiç bir sorun yaşamadım, çok hızlı bir şekilde elime ulaştı. Paketleme çok güzeldi.",kargo,pozitif
"Çok beğendim satıcı Trendyol olduğu için hiç bir sorun yaşamadım, çok hızlı bir şekilde elime ulaştı. Paketleme çok güzeldi.",ambalaj,pozitif
Çok beğendim sorunsuz elime ulaştı 1 haftada ve çok memnunum ilk alırken tedirgin olmuştum ama kesinlikle çok iyi memnunum,genel,pozitif
Çok beğendim sorunsuz elime ulaştı 1 haftada ve çok memnunum ilk alırken tedirgin olmuştum ama kesinlikle çok iyi memnunum,kargo,pozitif
Çok geç ulaştı elime beklediğim gibi gelmedi daha kaliteli bekliyordum,kalite,negatif
Çok güzel,genel,pozitif
Çok güzel bir ürün hemde çok uygun paketleme güzeldi hayırlı olsun hanemize,fiyat,pozitif
Çok güzel bir ürün hemde çok uygun paketleme güzeldi hayırlı olsun hanemize,ambalaj,pozitif
Çok güzel geldi eşime aldım,genel,pozitif
Çok güzel paketlenmiş tşk ederim sorunsuz teslim edildi❤️,kargo,pozitif
Çok güzel paketlenmiş tşk ederim sorunsuz teslim edildi❤️,ambalaj,pozitif
Çok güzel telefon harika,genel,pozitif
Çok güzel teşekkürler,genel,pozitif
Çok güzel çok beğendim ama paketlemeye daha özen göstermelisiniz,genel,pozitif
Çok güzel çok beğendim ama paketlemeye daha özen göstermelisiniz,ambalaj,negatif
Çok güzel çok memnunum aldıktan sonra ailedekilere de iki tane daha aldık,genel,pozitif
Çok güzel ürün,genel,pozitif
Çok güzel 💖❤️‍🔥💖❤️‍🔥💖 satıcıya teşekkür ediyorum hemen kargoya verdi,kargo,pozitif
Çok hızlı bir şekilde kargoya verildi hemen ulaştı çok teşekkür ederim ürün Orjinal 24 ay garantili çok teşekkür ederim,kargo,pozitif
Çok hızlı bir şekilde kargoya verildi hemen ulaştı çok teşekkür ederim ürün Orjinal 24 ay garantili çok teşekkür ederim,kalite,pozitif
Çok hızlı geldi çok beğendim cihazi teşekkürler ederim,genel,pozitif
Çok hızlı geldi çok beğendim cihazi teşekkürler ederim,kargo,pozitif
Çok hızlı teslimat oldu.,kargo,pozitif
Çok iyi alın,genel,pozitif
Çok iyi paketlenmiş elime sağlam ulaştı erken teslim almanızı tavsiye ederim,genel,pozitif
Çok iyi paketlenmiş elime sağlam ulaştı erken teslim almanızı tavsiye ederim,kargo,pozitif
Çok iyi paketlenmiş elime sağlam ulaştı erken teslim almanızı tavsiye ederim,kalite,pozitif
Çok iyi paketlenmiş elime sağlam ulaştı erken teslim almanızı tavsiye ederim,ambalaj,pozitif
Çok iyi telefon tavsiye edilir,genel,pozitif
Çok iyi ürün,genel,pozitif
Çok iyi...,genel,pozitif
Çok kullanışlı,genel,notr
Çok kullanışlı iyi ki de almışım diyorum,genel,pozitif
Çok kötüyüm,genel,negatif
"Çok kısa sürede elime ulaştı paketlemesi de iyi ürün de güzel tavsiye ederim, teşekkürler",genel,pozitif
"Çok kısa sürede elime ulaştı paketlemesi de iyi ürün de güzel tavsiye ederim, teşekkürler",kargo,pozitif
"Çok kısa sürede elime ulaştı paketlemesi de iyi ürün de güzel tavsiye ederim, teşekkürler",ambalaj,pozitif
Çok memnun kaldım alırken tereddüt etmiştim iyi ki almışım gönül rahatlığıyla alabilirsiniz,genel,pozitif
Çok memnunum Trendyol satıcısından aldım,genel,pozitif
Çok memnunum iyikı aldım 7 aydır kullanıuorum bı problem yok,genel,pozitif
Çok memnunum yaklaşık 3 aydır kullanıyorum güvenilir alabilirsiniz,genel,pozitif
Çok memnunum. Ancak içinden hiçbir şey çıkmıyor. Pes yani. Samsung da müşterileri akıllı olmayan yerine koyuyor :D,genel,notr
Çok memnunum. Şarz kalitesi çok iyi. Tavsiye ederim.,genel,pozitif
Çok memnunum. Şarz kalitesi çok iyi. Tavsiye ederim.,kalite,pozitif
Çok pratik güEl ürün paketleme sağlam,kalite,pozitif
Çok pratik güEl ürün paketleme sağlam,ambalaj,pozitif
Çok teşekkürler ilk defa internete güvenerek aldım çok güzel öok menunum hiç problem yok,genel,pozitif
"Çok çabuk geldi inanamadık. Anneme hediye almıştım. Sorunsuz geldi, güvenip alabilirsiniz.Teşekkürler.",genel,pozitif
Çok ısınıyor,batarya,negatif
Öncelikle muazzam hızlı bir şekilde elime ulaştı.Yaklaşık 18 saatte elimdeydi telefon.Kargolama biraz daha özenli olabilirdi.Kargonun dışında ezilmeler vardı.Te,kargo,pozitif
Öncelikle muazzam hızlı bir şekilde elime ulaştı.Yaklaşık 18 saatte elimdeydi telefon.Kargolama biraz daha özenli olabilirdi.Kargonun dışında ezilmeler vardı.Te,ambalaj,negatif
Özenle paketlenmiş ve İyiki almışım çok memnunum tavsiye ederim 👍,genel,pozitif
Özenle paketlenmiş ve İyiki almışım çok memnunum tavsiye ederim 👍,ambalaj,pozitif
ÜRÜN İYİ FİYAT ÇOK YÜKSEK,fiyat,negatif
ÜRÜN İYİ FİYAT ÇOK YÜKSEK,fiyat,negatif
Ürüm sağlam bir şekilde elime teslim edildi. İçinden adaptörü de çıkıyor. Bir aydır kullanıyorum ve hiçbir sıkıntı yok teşekkür ederim,kargo,pozitif
Ürüm sağlam bir şekilde elime teslim edildi. İçinden adaptörü de çıkıyor. Bir aydır kullanıyorum ve hiçbir sıkıntı yok teşekkür ederim,kalite,pozitif
Ürün  gayet güzel satıcıya çok teşekkür ederim gayet sağlam ve başarılı bir paketleme olmuş ve kargom çok çabuk geldi güvenle alına bilir tavsiye ederim.,genel,pozitif
Ürün  gayet güzel satıcıya çok teşekkür ederim gayet sağlam ve başarılı bir paketleme olmuş ve kargom çok çabuk geldi güvenle alına bilir tavsiye ederim.,kargo,pozitif
Ürün  gayet güzel satıcıya çok teşekkür ederim gayet sağlam ve başarılı bir paketleme olmuş ve kargom çok çabuk geldi güvenle alına bilir tavsiye ederim.,kalite,pozitif
Ürün  gayet güzel satıcıya çok teşekkür ederim gayet sağlam ve başarılı bir paketleme olmuş ve kargom çok çabuk geldi güvenle alına bilir tavsiye ederim.,ambalaj,pozitif
Ürün 5 günde anca gelime ulaştı ayrıca faturası yok lütfen faturasını gönderin ürünün ayrıca paketleme çok özensiz,kargo,negatif
Ürün ambalajı şeffaf jelatin üstünde yoktu. Açılmıştı sanırım daha önce iade edilen bir ürünü tarafıma göndermişler. Ürün içerisinden faturası çıkmadı faturanın,genel,negatif
Ürün ambalajı şeffaf jelatin üstünde yoktu. Açılmıştı sanırım daha önce iade edilen bir ürünü tarafıma göndermişler. Ürün içerisinden faturası çıkmadı faturanın,kalite,negatif
Ürün anlatıldığı gibi geldi sorunsuz bi şekilde elimize ulaştı e fatura meilime geldi alalı 4 ay oldu genel olarak satıcıdan memnunum bidaha ürün alacak olursam,genel,pozitif
Ürün açılmadı sarjı yoktur umarım sarj aletim bugun saat 7 de gelecek açılmazsa iade yapacam hayal kırıklığı yaşıyorum o kadar da para verdim,fiyat,negatif
Ürün açılmadı sarjı yoktur umarım sarj aletim bugun saat 7 de gelecek açılmazsa iade yapacam hayal kırıklığı yaşıyorum o kadar da para verdim,batarya,negatif
Ürün bu kutunun içerisinde telefon da patpata sarılmış şekilde geldi hiçbir kusuru yok telefonumu şuan kullanıyorum mağazadan daha uygun olduğu için hayatımda i,fiyat,notr
Ürün bu kutunun içerisinde telefon da patpata sarılmış şekilde geldi hiçbir kusuru yok telefonumu şuan kullanıyorum mağazadan daha uygun olduğu için hayatımda i,ambalaj,notr
Ürün daha önce kullanılmış pili 99 da 128 gb aldım sürekli alam dolu diyor,kalite,negatif
Ürün elime ulaştı kargolama özensiz öyle bir kutu içerisine konulmuş içinde de irsaliye var oda yırtık bu nasıl bir dikkatsizliktir az bir miktar değil verdiğim,kargo,negatif
Ürün elime ulaştı kargolama özensiz öyle bir kutu içerisine konulmuş içinde de irsaliye var oda yırtık bu nasıl bir dikkatsizliktir az bir miktar değil verdiğim,ambalaj,negatif
Ürün elime çok güzel bir şekilde ulaştı hiç tereddüt etmeden alabilirsiniz görseldekiyle birebir aynı ve çok güzel..,genel,pozitif
Ürün elimize hatasız sorunsuz geldi güvenebilirsiniz çok teşekkür ederiz,genel,pozitif
Ürün gayet güzel herhangi bir hasar almadan geldi fakat kargo şirketi bekleyin eşim kapıyı açacak dememe rağmen telefonu kapının önüne bırakıp gitti bu kadar pa,kargo,negatif
Ürün gayet güzel herhangi bir hasar almadan geldi fakat kargo şirketi bekleyin eşim kapıyı açacak dememe rağmen telefonu kapının önüne bırakıp gitti bu kadar pa,ambalaj,pozitif
Ürün gayet güzel paketleme iyiydi bir kargo hızlıydı teşekkürler,kargo,pozitif
Ürün gayet güzel paketleme iyiydi bir kargo hızlıydı teşekkürler,ambalaj,pozitif
Ürün gayet güzel çalışıyor ancak şarj cihazı yok eksik geldi ve özensiz paketleme lütfen şarj cihazınızı  gönderin bu yüzden iki yıldız verdim orjinal şarj ciha,kalite,negatif
Ürün gayet güzel çalışıyor ancak şarj cihazı yok eksik geldi ve özensiz paketleme lütfen şarj cihazınızı  gönderin bu yüzden iki yıldız verdim orjinal şarj ciha,batarya,negatif
Ürün gayet güzel çalışıyor ancak şarj cihazı yok eksik geldi ve özensiz paketleme lütfen şarj cihazınızı  gönderin bu yüzden iki yıldız verdim orjinal şarj ciha,ambalaj,negatif
Ürün gayet iyi 3 güne elime ulaştı teşekkürler Trendyol,kargo,pozitif
Ürün geldi kapalı kutu kart yeri çalışmıyor hat okumuyor,kalite,negatif
Ürün geldi sigortası filan nasıl yapılıyor garantisi yani nerde kagıdu,genel,notr
"Ürün gelmedi saçma sapan kablosuz kulaklık yollamışlar, ilgi alaka sıfır tüketici haklarına şikayet ettim",genel,negatif
Ürün guzel paketlenmiş bir sekilde elime ulaştı  tunun içinden Salatalık değil.  samsung A24  128 gb. 4 Ram Açıklaması. Fatura Çıkmadı içinden. Elektronik fatur,genel,negatif
Ürün guzel paketlenmiş bir sekilde elime ulaştı  tunun içinden Salatalık değil.  samsung A24  128 gb. 4 Ram Açıklaması. Fatura Çıkmadı içinden. Elektronik fatur,kargo,pozitif
Ürün güzel alınır,genel,pozitif
Ürün güzel ama faturada tc kimlik no yapılmadığı icin indirimden yararlanamadin,genel,pozitif
Ürün güzel ama faturada tc kimlik no yapılmadığı icin indirimden yararlanamadin,fiyat,negatif
Ürün güzel ama garanti belgesi gelmedi,genel,pozitif
Ürün güzel ama kargolama sıfır. Patpat ı hediye olarak göndermişler herhal telefon ayrı yerde pat pat ayrı yerde. Trendyol şikayetin çok kargolama ya dikkat et,genel,negatif
Ürün güzel ama kargolama sıfır. Patpat ı hediye olarak göndermişler herhal telefon ayrı yerde pat pat ayrı yerde. Trendyol şikayetin çok kargolama ya dikkat et,kalite,negatif
Ürün güzel araştırarak sipariş verdim ancak öğrenci indiriminden yararlanmak için fsturada gerekli bilgilerin olması şart. Faturanın yeniden düzenlenmesi talebi,genel,pozitif
Ürün güzel araştırarak sipariş verdim ancak öğrenci indiriminden yararlanmak için fsturada gerekli bilgilerin olması şart. Faturanın yeniden düzenlenmesi talebi,fiyat,negatif
Ürün güzel bildiğim bir üründü zaten ama paketleme çok kötü o kadar para verip ürün alıyoruz daha koruyucu bir paketleme yapılabilirdi direkt kutuya katıp yolla,genel,pozitif
Ürün güzel bildiğim bir üründü zaten ama paketleme çok kötü o kadar para verip ürün alıyoruz daha koruyucu bir paketleme yapılabilirdi direkt kutuya katıp yolla,fiyat,negatif
Ürün güzel bildiğim bir üründü zaten ama paketleme çok kötü o kadar para verip ürün alıyoruz daha koruyucu bir paketleme yapılabilirdi direkt kutuya katıp yolla,ambalaj,negatif
Ürün güzel de içinde kulakşık şarz cihazı yok bunları satın aldımı fiyat avantajı nerde,genel,negatif
Ürün güzel de içinde kulakşık şarz cihazı yok bunları satın aldımı fiyat avantajı nerde,fiyat,negatif
Ürün güzel fakat yeni olmasına rağmen fazla kullanmama rağmen şarjzı çabuk bitiyor,genel,pozitif
Ürün güzel fakat yeni olmasına rağmen fazla kullanmama rağmen şarjzı çabuk bitiyor,batarya,negatif
Ürün güzel hakkını veriyor elime ulaştı fakat yani bizler zor geçinen insanlarız yanına bir kılıf hediye olarak koysaydınız ne olurdu veyahut bir şarz başlığı,genel,pozitif
Ürün güzel hakkını veriyor elime ulaştı fakat yani bizler zor geçinen insanlarız yanına bir kılıf hediye olarak koysaydınız ne olurdu veyahut bir şarz başlığı,kargo,pozitif
Ürün güzel paketlenmişti sorun yok,genel,pozitif
Ürün güzel paketlenmişti sorun yok,ambalaj,pozitif
Ürün güzel şekilde geldi herkes gönül rahatlığıyla alabilir.,genel,pozitif
"Ürün güzel, kızıma aldık.. Şimdilik bir sıkıntı yok gibi",genel,pozitif
Ürün güzelce paketlenmiş elime ulaştı teşekkürler ama aras kargo çok uğraştırdı,genel,pozitif
Ürün güzelce paketlenmiş elime ulaştı teşekkürler ama aras kargo çok uğraştırdı,kargo,negatif
Ürün güzelce paketlenmiş elime ulaştı teşekkürler ama aras kargo çok uğraştırdı,ambalaj,pozitif
Ürün hızlı geldi memnun kaldım herkese tavsiye ediyorum,genel,pozitif
Ürün hızlı geldi memnun kaldım herkese tavsiye ediyorum,kargo,pozitif
Ürün hızlı ve güvenli geldi kapalı kutuda geldi ama telefon sarılmamış halde açıkta idi normalde izole yapılması gerekiyor içinde zarar gorebilirdi sanliyimki b,ambalaj,notr
Ürün iyi güzel fakat kargo Aras olduğu için aşırı sıkıntılı ve yavaş,genel,pozitif
Ürün iyi güzel fakat kargo Aras olduğu için aşırı sıkıntılı ve yavaş,kargo,negatif
Ürün kaçak çıktı bir yıl sonra,genel,negatif
Ürün kaçak çıktı kimse telefon almasın burdan,genel,negatif
Ürün o kadar sağlam ve o kadar hızlı geldi ki teşekkür ederim severek kullanıyorum,kargo,pozitif
Ürün o kadar sağlam ve o kadar hızlı geldi ki teşekkür ederim severek kullanıyorum,kalite,pozitif
Ürün orjinal memnunum,genel,pozitif
Ürün orjinal memnunum,kalite,pozitif
Ürün orjinal çok hızlı geldi çok beğendim satıcıya teşekkürler,genel,pozitif
Ürün orjinal çok hızlı geldi çok beğendim satıcıya teşekkürler,kargo,pozitif
Ürün orjinal çok hızlı geldi çok beğendim satıcıya teşekkürler,kalite,pozitif
Ürün sağlam ama kutusunun hali ve hiçbir şeye sarılı olmaması trendyola güvenimi sarstı,kalite,pozitif
Ürün sağlam ama kutusunun hali ve hiçbir şeye sarılı olmaması trendyola güvenimi sarstı,ambalaj,negatif
Ürün sağlam eksiksiz geldi çok güzel paketleme teşekkür ederim güvenle almanızı tavsiye ederim,genel,pozitif
Ürün sağlam eksiksiz geldi çok güzel paketleme teşekkür ederim güvenle almanızı tavsiye ederim,kalite,pozitif
Ürün sağlam eksiksiz geldi çok güzel paketleme teşekkür ederim güvenle almanızı tavsiye ederim,ambalaj,pozitif
Ürün sağlam geldi ama farurası gelmedi,kalite,pozitif
Ürün sağlam imei numarası kayıtlı ama çok özensiz paketlenmiş mucize ile sağlam gelmiş diyebilirim,kalite,pozitif
Ürün sağlam imei numarası kayıtlı ama çok özensiz paketlenmiş mucize ile sağlam gelmiş diyebilirim,ambalaj,negatif
Ürün sorunsuz bir şekilde teslim edildi.Mağazalara göre fiyatı uygun,kargo,pozitif
Ürün sorunsuz bir şekilde teslim edildi.Mağazalara göre fiyatı uygun,fiyat,pozitif
Ürün sorunsuz geldi. Ve orjinal.,kalite,pozitif
Ürün süper ama çabuk ısınıyor ben aldıktan sonra indirime girdi 😡,fiyat,negatif
Ürün süper ama çabuk ısınıyor ben aldıktan sonra indirime girdi 😡,batarya,negatif
Ürün sıfır değil. Apple da onayladı. Değişim isteğimi reddediyor satıcı. Kesinlikle tavsiye etmiyorum. Rezillik.,genel,negatif
Ürün sıfır değil. Apple da onayladı. Değişim isteğimi reddediyor satıcı. Kesinlikle tavsiye etmiyorum. Rezillik.,kalite,negatif
Ürün sıkıntılı konuşurken karşıya sesim çok az gidiyor 25 - 30 günlük ürün daha bu satıcı firmadan ( trendyol) değişim talep ediyorum henüz değişim yapmadılar t,ses_goruntu,negatif
Ürün tam f/p ürünü babama hediye olarak aldım beğendi severek kullanıyor,genel,pozitif
Ürün telefon görüşmesi sırasında sesim karşı tarafa gitmiyor hoparlörden konuşuyorum ses gidiyor hoparlörü kapatıyorum ses gitmiyor,ses_goruntu,negatif
Ürün çok geç teslim edildi. üstelik hicbirsekilde sabitlenmemisti kutunun içinde sallana sallana gelmiş. Bu günlerde trendyol saticisindan aldığım her şeyde sor,kargo,negatif
Ürün çok geç teslim edildi. üstelik hicbirsekilde sabitlenmemisti kutunun içinde sallana sallana gelmiş. Bu günlerde trendyol saticisindan aldığım her şeyde sor,ambalaj,negatif
Ürün çok güzel diyecek yok. 1yıldızı direkt trendyola veriyorum. Ürünü trendyoldan ve trendyol satıcısından satın aldım. Aldığım gün daha faturam çıkmadan belir,genel,pozitif
Ürün çok güzel kızıma aldım zamanında geldi paketlemeyi çok güzel yapmışlar,kargo,pozitif
Ürün çok güzel kızıma aldım zamanında geldi paketlemeyi çok güzel yapmışlar,ambalaj,pozitif
Ürün çok güzel çok beğendim paketleme de güzeldi,genel,pozitif
Ürün çok güzel çok beğendim paketleme de güzeldi,ambalaj,pozitif
Ürün çok hızlı elime ulaştı ve mükemmel çok memnun kaldım,genel,pozitif
Ürün çok hızlı elime ulaştı ve mükemmel çok memnun kaldım,kargo,pozitif
Ürün çok iyi geldi paketleme gayet iyiydi hasarsız şekilde elime ulaştı teşekkürler,kargo,pozitif
Ürün çok iyi geldi paketleme gayet iyiydi hasarsız şekilde elime ulaştı teşekkürler,ambalaj,pozitif
"Ürün çok kötü paketlenmişti, ürünün kırılmamış olması büyük şans. Paketlemeyi düzgün yapmaları gerekirdi. Bu yüzden puanım 1. Alacak olanlar buna dikkat etsinle",kalite,negatif
"Ürün çok kötü paketlenmişti, ürünün kırılmamış olması büyük şans. Paketlemeyi düzgün yapmaları gerekirdi. Bu yüzden puanım 1. Alacak olanlar buna dikkat etsinle",ambalaj,negatif
Ürün şeffaf poşeti olmadan geldi sanırım daha önce açılmış bir ürünü yollamışlar. hatta sanırım değil yüzde bir milyon  üzerine kalemle çizgi çizilmiş. yani kut,ambalaj,negatif
Ürünlerin kutusu yırtık geldi kesinlikle güvenilir bir firma değil puanına göre fazla paraya burdan aldım ama tam bir pişmanlık kaç defa msj yolladım ama maales,genel,negatif
Ürünlerin kutusu yırtık geldi kesinlikle güvenilir bir firma değil puanına göre fazla paraya burdan aldım ama tam bir pişmanlık kaç defa msj yolladım ama maales,fiyat,negatif
Ürünlerin kutusu yırtık geldi kesinlikle güvenilir bir firma değil puanına göre fazla paraya burdan aldım ama tam bir pişmanlık kaç defa msj yolladım ama maales,ambalaj,negatif
Ürünü 17 Ekim 2023 tarihinde 36.299 tl ye satın aldım. Paketli bir şekilde kısa sürede elime hasarsız olarak ulaştı. Kullanmaya başladım şuan için bir sorun yaş,ambalaj,pozitif
Ürünü 17 Ekim 2023 tarihinde 36.299 tl ye satın aldım. Paketli bir şekilde kısa sürede elime hasarsız olarak ulaştı. Kullanmaya başladım şuan için bir sorun yaş,ambalaj,pozitif
Ürünü 4 ay kullandık sıfır almıştık telefoncuya satmaya götürünce ögrendik ki yenilenmiş göndermişler sim kart yerinde imei yazmıyordu güvenmeyin almayın,genel,negatif
Ürünü 4 ay kullandık sıfır almıştık telefoncuya satmaya götürünce ögrendik ki yenilenmiş göndermişler sim kart yerinde imei yazmıyordu güvenmeyin almayın,kalite,negatif
Ürünü alır almaz garantiye göndereceğim,genel,negatif
Ürünü doğru düzgün paketlemediğiniz gibi kurye de sanki içinde mikrop varmış gibi 2 tane telefon olan poşetin ucundan tuttuğu için paket yere düştü. 300 400 tll,kargo,negatif
Ürünü doğru düzgün paketlemediğiniz gibi kurye de sanki içinde mikrop varmış gibi 2 tane telefon olan poşetin ucundan tuttuğu için paket yere düştü. 300 400 tll,ambalaj,negatif
Ürünüm elime ulaştı paketlenmesi vs güzeldi herhangi bi sorun yaşamadım gayet güzel,kargo,pozitif
Ürünüm elime ulaştı paketlenmesi vs güzeldi herhangi bi sorun yaşamadım gayet güzel,ambalaj,pozitif
Ürünümü teslim aldim . hevesle kutuyu actim o kadar ozensizdiki. ne sarmislar ne koruyucu pat pata sarmislar kutuyu bir actim telefon kutuda sabit degil sallani,kargo,negatif
Ürünümü teslim aldim . hevesle kutuyu actim o kadar ozensizdiki. ne sarmislar ne koruyucu pat pata sarmislar kutuyu bir actim telefon kutuda sabit degil sallani,ambalaj,negatif
Ürünün Faturası elime ulaşmadı,genel,negatif
Ürünün SIM kart yuvası açılmıyor. Arızalı ürün göndermişsiniz üstelik de teknolojik ürünler geri iade edilemez diyorsunuz. Buradaki Benim hem zaman hem para ola,genel,negatif
Ürünün SIM kart yuvası açılmıyor. Arızalı ürün göndermişsiniz üstelik de teknolojik ürünler geri iade edilemez diyorsunuz. Buradaki Benim hem zaman hem para ola,kalite,negatif
Ürünün SIM kart yuvası açılmıyor. Arızalı ürün göndermişsiniz üstelik de teknolojik ürünler geri iade edilemez diyorsunuz. Buradaki Benim hem zaman hem para ola,fiyat,negatif
Ürünün faturası gelmedi fatura için mail attım geri dönüş te gelmedi.Faturasını gönderirmisiniz lütfen???,genel,negatif
Ürünün garantisi nerde,genel,negatif
Ürünün hoparlöründen cızırtı geliyor,ses_goruntu,negatif
Ürünün içinden çıkan kablo 10 gün olmadan arızalı geldi ve ürün jelatinsiz yollandı. Satıcı desen aşırı derece alakasız ve üslup sorunu bar. Tavsiye etmiyorum.,genel,negatif
Ürünün içinden çıkan kablo 10 gün olmadan arızalı geldi ve ürün jelatinsiz yollandı. Satıcı desen aşırı derece alakasız ve üslup sorunu bar. Tavsiye etmiyorum.,kalite,negatif
Ürünün içinden çıkan kablo 10 gün olmadan arızalı geldi ve ürün jelatinsiz yollandı. Satıcı desen aşırı derece alakasız ve üslup sorunu bar. Tavsiye etmiyorum.,batarya,negatif
Ürünün şarjı su gibi bitiyor çok ısınıyor ve iadesi olmuyor kesinlikle tavsiye etmiyorum,batarya,negatif
Ürünün şarjı su gibi bitiyor çok ısınıyor ve iadesi olmuyor kesinlikle tavsiye etmiyorum,batarya,negatif
çok beğendik güvenerek alabilirsiniz,genel,pozitif
çok garip ilk defa açılmayan kutudan çıkan üründe böyle bir çizik gördüm malesef iade değişim süreciyle ilgilenemeyeceğim için kullanacağım,kalite,negatif
çok güzel bir telefon,genel,pozitif
çok güzel bir ürün süper hızlı ve güler yüzlü teslim edilmiş çok mükemmel pakeleme çok teşekkür ederiz Trendyol ekspres,genel,pozitif
çok güzel bir ürün süper hızlı ve güler yüzlü teslim edilmiş çok mükemmel pakeleme çok teşekkür ederiz Trendyol ekspres,kargo,pozitif
çok güzel sağlam ulaştı elimize,kalite,pozitif
çok güzel teslimat da iyidir tavsiye ediyorum garanti belgesi vs var,genel,pozitif
çok güzel teslimat da iyidir tavsiye ediyorum garanti belgesi vs var,kargo,pozitif
çok güzel ürün hediye aldım çok beğendim tavsiye ederim,genel,pozitif
çok isiniyor. kardeşimle beraber aldık ve onun şarj kablosu da bozuk cikti. sıfır ürün bu şekilde olmamali.servise gönderdik ısınma ile ilgili bir çözüm yok kab,genel,negatif
çok isiniyor. kardeşimle beraber aldık ve onun şarj kablosu da bozuk cikti. sıfır ürün bu şekilde olmamali.servise gönderdik ısınma ile ilgili bir çözüm yok kab,kalite,negatif
çok iyi fiyata aldık burdan,fiyat,pozitif
çok kullanışlı bir telefon,genel,notr
çok memnunuz herşey olması gerektiği gibi,genel,pozitif
çok memnunuz teşekkürler,genel,pozitif
çok teşekkürler,genel,pozitif
çok zarif bi telefon,genel,notr
çok çabuk ısınıyor,batarya,negatif
çok çok beğendim almanızı tavsiye ederim❤️,genel,pozitif
çok özensiz sarılmıştı telefon icinden fırlamıştı hic memnun kalmadım bu arada telefonun faturasi veya garanti belgesi hic bir şekilde gelmedi gönderirseniz sev,genel,negatif
çok şükür ulaştı biraz sorunlar oldu ama elime ulaştı çok begenfim tavsiye ederim,genel,pozitif
çok şükür ulaştı biraz sorunlar oldu ama elime ulaştı çok begenfim tavsiye ederim,kargo,notr
ürün arızalı geldi önermiyorum hiçbir şekildede ilgilenilmedi.,genel,negatif
ürün arızalı geldi önermiyorum hiçbir şekildede ilgilenilmedi.,kalite,negatif
ürün arızalı çıktı Tüketici Hakem Heyeti ile birebir değişim kararı verildi 2 Ocak'tan belli ürünün değiştirilmesini bekliyorum Tam 2 aydır Trendyol ürünü değiş,kalite,negatif
ürün bozuk geldi iade ettim kabul etmediğiniz sürece değişim istiyorum lutfen,genel,negatif
ürün bozuk geldi iade ettim kabul etmediğiniz sürece değişim istiyorum lutfen,kalite,negatif
ürün bozuk geldi üzerinde çizikler vesayre şarj soket yeri arızalı geri iade ettim,genel,negatif
ürün bozuk geldi üzerinde çizikler vesayre şarj soket yeri arızalı geri iade ettim,kalite,negatif
ürün bozuk geldi üzerinde çizikler vesayre şarj soket yeri arızalı geri iade ettim,batarya,negatif
ürün bu şekilde çalıştığım işyerine gelmiş güvenlik teslim almış ben görünce şok oldum açmadım muhtemelen iade edicem,kargo,negatif
ürün elimize ulaştiginda açıp kullanmaya başladık ilk gün ekran işiğinin gidip geldiğini göz kırpar gibi olduğunu farkettik hâlâ yardımcı olunmadı garantiyle il,ses_goruntu,negatif
ürün gayet güzel beğendim sorunsuz elime ulaştı tereddütsuz alınabilir,genel,pozitif
ürün gayet güzel beğendim sorunsuz elime ulaştı tereddütsuz alınabilir,kargo,pozitif
ürün gayet güzel geldi orijinal gönül rahatlığıyla bu satıcıdan alabilirsiniz,genel,pozitif
ürün gayet güzel geldi orijinal gönül rahatlığıyla bu satıcıdan alabilirsiniz,kalite,pozitif
ürün geldi şehir disindayim eşim aldı garanti belgesi çıkmadı kiminle iletişime gircez bilemiyorum,genel,negatif
ürün güzel fakat ben alırken banka tarafından sorun yaşadım ve bunu fırsat bilip indirimli fiyatını yükseltip ben aldıktan sonra anında geri düşürmeniz gerçekte,genel,negatif
ürün güzel fakat ben alırken banka tarafından sorun yaşadım ve bunu fırsat bilip indirimli fiyatını yükseltip ben aldıktan sonra anında geri düşürmeniz gerçekte,fiyat,negatif
ürün hepsi geldi ama şarz aleti Yok,genel,negatif
ürün iyi ama ekran görüntüsü almak sor,genel,pozitif
ürün iyi ama ekran görüntüsü almak sor,ses_goruntu,pozitif
ürün iyi fakat şarj aleti neden yok bir anlam veremedim.neden müşteriyi şarj aletini dışardan almak zorunda bırakıyorlar.bence çok yalnis bir tutum.maliyetini ü,genel,pozitif
ürün iyi fakat şarj aleti neden yok bir anlam veremedim.neden müşteriyi şarj aletini dışardan almak zorunda bırakıyorlar.bence çok yalnis bir tutum.maliyetini ü,batarya,negatif
ürün iyi orijinal kesinlikle ama çiziliyor çabuk,genel,pozitif
ürün iyi orijinal kesinlikle ama çiziliyor çabuk,kalite,negatif
ürün iyi👍,genel,pozitif
ürün içeriğinde garanti belgesi çıkmadı nasıl tedarik ederim bilmiyorum,genel,negatif
ürün kısa zamanda elime ulaştı teşekkürler,kargo,pozitif
ürün paket lemesi beğendim telefonu kızıma aldım gayet çok memnun kaldım tavsiye ederim,genel,pozitif
ürün paket lemesi beğendim telefonu kızıma aldım gayet çok memnun kaldım tavsiye ederim,ambalaj,notr
ürün teslim edildi lakin faturası kesilmedi. 3 defa fatura talebinde bulundum ama hala dönüş sağlanmadı.,kargo,negatif
ürün zaten Apple kalitesi güzel kutu da biraz ezilme var köşesinde onun haricinde fatura yoktu .,kalite,negatif
ürün çok güzel tavsiye ediyorum,genel,pozitif
üründe şarj adaptörü eksik geldi. Kaploda çift ucu telefon giriş olarak geldi,genel,negatif
ürünu sadece bir kutuya koyup getirmişler hasarsız geldi a özensiz paketlenmiş,ambalaj,negatif
"ürünü alalı 6 ay oldu , telefon şarj olmuyor umarım garantide çözülür",batarya,negatif
ürünü beğendim gayet güzel şimdilik Bi sorun yok. Fakat paketleme beni çok şaşırttı bu nasıl bir şeydir. o kadar para veriyoruz gerçekten bu şekilde mi paketley,genel,pozitif
ürünü beğendim gayet güzel şimdilik Bi sorun yok. Fakat paketleme beni çok şaşırttı bu nasıl bir şeydir. o kadar para veriyoruz gerçekten bu şekilde mi paketley,fiyat,notr
ürünü beğendim gayet güzel şimdilik Bi sorun yok. Fakat paketleme beni çok şaşırttı bu nasıl bir şeydir. o kadar para veriyoruz gerçekten bu şekilde mi paketley,ambalaj,notr
"ürünü henüz kullanamadığım için bilmiyorum. 2 haftadır tckn eklenmiş fatura bekledim, her sorduğumda 2 3 iş günü belki daha kısa sürede faturanız ulaşacak denil",genel,notr
ürünü kulanmaya başladıktan bir iki ay sonra donma ve kasma yapmaya başladı malesef,genel,negatif
"ürünü paketlemek için sardıkları şişme havalı poşet süs olarak koymuşlar yanına, kargo paketinin içinde sallanıyor du",kargo,notr
"ürünü paketlemek için sardıkları şişme havalı poşet süs olarak koymuşlar yanına, kargo paketinin içinde sallanıyor du",ambalaj,notr
ürünü yeni aldım ürün güzel bir sıkıntı gözükmüyor şimdilik hızlı geçişler kullanım i iyi,genel,pozitif
ürünü öğrenci vergi indiriminden yararlanmak için alacaksanız sakın bu satıcıdan almayın 1 aydır fatura bekliyorum yok gelmiyor.  güncelleme: 2 ay geçti ben hal,genel,negatif
ürünü öğrenci vergi indiriminden yararlanmak için alacaksanız sakın bu satıcıdan almayın 1 aydır fatura bekliyorum yok gelmiyor.  güncelleme: 2 ay geçti ben hal,fiyat,negatif
ürünüm yanlış renk ve faturasız geldi,ses_goruntu,negatif
ürünün e faturasında imei bilgisi yazmıyor telefon desteği başvurusunda bulunucam yardımcı olur musunuz lütfen,genel,notr
ürünün faturasını adresime gönderir misiniz?,genel,notr
ürünün paketlenmesi güzel ve sağlamşekilde elimize ulaştı güvenle alıp kullanabilirsiniz tavsiye ederim,genel,pozitif
ürünün paketlenmesi güzel ve sağlamşekilde elimize ulaştı güvenle alıp kullanabilirsiniz tavsiye ederim,kalite,pozitif
ürünün paketlenmesi güzel ve sağlamşekilde elimize ulaştı güvenle alıp kullanabilirsiniz tavsiye ederim,ambalaj,pozitif
ürünün şarz aleti gelmedi sadece kablusu geldi bununla ilgili arkadaşlar ilgilensin,genel,negatif
üç yıldız verdim çünkü paketleme iyi değildi ve içerisinde garanti belgesi de yoktu. şimdilik bir sıkıntı yok kullandıktan sonra yorumu güncelleyeceğim.,genel,negatif
İade talebimi reddettiler,genel,negatif
İki gün önce 37.005 yüze aldım iki gün sonra 36.990 bu kadar fiyat farkı bence olmamalı çok yanıltıcıtı,fiyat,negatif
İki kişi aldık biz benimkinin çok iyi kulanmama rağmen  pil seviyesi şu an %93 diğer arkadaşım şarja tak çıkar yapıyor ama onunki %99 niye böyle oldu anlamadım.,batarya,pozitif
İlgi alaka sıfırr,genel,negatif
İlk aldığımda çok büyük tedirginlikle siparişi verdim. Yaklaşık 4-5 oldu kullanalı şimdiye kadar bir sıkıntısı çıkmadı. Satıcıya güveninden dolayı teşekkür eder,genel,pozitif
İlk başta almak istemedim orijinal ürün gelmez diye ama gönül rahatlıkla alabilirsiniz. Orijinal ve paketleme güzel. Teşekkürler,genel,pozitif
İlk başta almak istemedim orijinal ürün gelmez diye ama gönül rahatlıkla alabilirsiniz. Orijinal ve paketleme güzel. Teşekkürler,kalite,pozitif
İlk başta almak istemedim orijinal ürün gelmez diye ama gönül rahatlıkla alabilirsiniz. Orijinal ve paketleme güzel. Teşekkürler,ambalaj,pozitif
İlk defa iphone kullanıyorum kalite inanılmaz efsane bişey kargolama cok iyidi onun için ayrıca teşekkürler tek yıldız eksik vermemin nedeni şarjı çabuk bitiyor,kargo,pozitif
İlk defa iphone kullanıyorum kalite inanılmaz efsane bişey kargolama cok iyidi onun için ayrıca teşekkürler tek yıldız eksik vermemin nedeni şarjı çabuk bitiyor,kalite,negatif
İlk defa iphone kullanıyorum kalite inanılmaz efsane bişey kargolama cok iyidi onun için ayrıca teşekkürler tek yıldız eksik vermemin nedeni şarjı çabuk bitiyor,batarya,negatif
İphone 13 kalite herkes biliyor mükemmel ama bu satıcı telefonu kötü bir sekilde kolilemişti kolileme olayına 2 yıldız veriyorum,genel,pozitif
İphone 13 kalite herkes biliyor mükemmel ama bu satıcı telefonu kötü bir sekilde kolilemişti kolileme olayına 2 yıldız veriyorum,ambalaj,negatif
İyi gibi idare eder,genel,pozitif
İçim rahat aldım almak isteyenlere tavsiye ederim özellikle e devlet üzerinden imeli sorguladım ve kayıtlı çıktı çok şükür gayette özenliydi paketlemesi😌👌,genel,pozitif
İçim rahat aldım almak isteyenlere tavsiye ederim özellikle e devlet üzerinden imeli sorguladım ve kayıtlı çıktı çok şükür gayette özenliydi paketlemesi😌👌,ambalaj,pozitif
Şarj adaptörü yok,genel,negatif
Şarj aleti çıkmadı içinden almayın çok kasıyor,genel,negatif
Şarj aleti çıkmadı içinden almayın çok kasıyor,batarya,negatif
Şarj başlığı gelmedi,batarya,negatif
Şarj kablosu bozuk çıktı ve garanti belgesini göndermiyorlar servisle görüşün dediler kablonun fiyatı şuanda bin lira kadar muhattap olacağım kimse yok,genel,negatif
Şarj kablosu bozuk çıktı ve garanti belgesini göndermiyorlar servisle görüşün dediler kablonun fiyatı şuanda bin lira kadar muhattap olacağım kimse yok,kalite,negatif
Şarj kablosu bozuk çıktı ve garanti belgesini göndermiyorlar servisle görüşün dediler kablonun fiyatı şuanda bin lira kadar muhattap olacağım kimse yok,fiyat,negatif
Şarj kablosundan düşürdüm bir yıldızı nasıl şarj kablosunu göndermediniz ki yanlış ikisi de yanlış typc orjinal şarjını gönderin ya yada bu soruna çözüm bulun,kalite,negatif
Şarj kablosundan düşürdüm bir yıldızı nasıl şarj kablosunu göndermediniz ki yanlış ikisi de yanlış typc orjinal şarjını gönderin ya yada bu soruna çözüm bulun,batarya,negatif
Şarjı hızlı bitiyor ve telefon çok ısınıyor 1 hafta sonunda telefonumda yatay ve dikey cizgiler cikti fotograflarim ve renkler hep degisti asla tavsiye etmiyoru,genel,negatif
Şarjı hızlı bitiyor ve telefon çok ısınıyor 1 hafta sonunda telefonumda yatay ve dikey cizgiler cikti fotograflarim ve renkler hep degisti asla tavsiye etmiyoru,batarya,negatif
Şarjı hızlı bitiyor ve telefon çok ısınıyor 1 hafta sonunda telefonumda yatay ve dikey cizgiler cikti fotograflarim ve renkler hep degisti asla tavsiye etmiyoru,ses_goruntu,negatif
Şarjı çok hızlı bitiyor tek kötü özelliği bu,batarya,negatif
Şarzda ve kullanımda aşırı ısınıyor. Sözde sıfır tlf. Aldım,batarya,negatif
Şarzı  az gidio,batarya,negatif
Şimdilik iyi bir telefon hızlı estetik.,genel,pozitif
şarj aleti yok,batarya,negatif
şarj aleti yok böyle birşey olabilir mi ya bari telefonuda koymasaydiniz. hemen iade ediyorum,batarya,negatif
şarj aleti yoktu içinde,batarya,negatif
şarj kablosu yerine bu cıktı tam olarak şarj kablosu nerede acaba,batarya,negatif
👍güzel. kargolama da iyiydi,kargo,pozitif
🙏👍👍👍guvenilir satici,genel,pozitif
