yorum,aspect,sentiment
ASUS ASUS ASUSU,genel,notr
ürün tabiki çok güzel apple sonuçta ama trendyol çok yavaş kargoları maalesef ama sorunsuz geldi teşekkürler,genel,pozitif
ürün tabiki çok güzel apple sonuçta ama trendyol çok yavaş kargoları maalesef ama sorunsuz geldi teşekkürler,kargo,negatif
"Ürün elime bugün 5 kasım 2024 tarihinde ulaştı, kutu üzerinden doğrulamasını yaptıktan sonra kurulum için açtım. Açar açmaz karşılaştığım sorun pil için servis",kargo,notr
"Ürün elime bugün 5 kasım 2024 tarihinde ulaştı, kutu üzerinden doğrulamasını yaptıktan sonra kurulum için açtım. Açar açmaz karşılaştığım sorun pil için servis",batarya,negatif
"Kesinlikle almayın, 19 ekim 2024 tarihinde teslim aldım cihazı, garanti bitimi 26 mart 2025 gösteriyor. Daha önce kullanılmış ürünü gönderiyorlar ve BOZUK!!! Ci",genel,negatif
"Kesinlikle almayın, 19 ekim 2024 tarihinde teslim aldım cihazı, garanti bitimi 26 mart 2025 gösteriyor. Daha önce kullanılmış ürünü gönderiyorlar ve BOZUK!!! Ci",kalite,negatif
ürün hiçbir şekilde şarj olmuyor. servis öneriliyor yazıyor. paketlenmeden gönderilmiş sadece kendi kutusu ve trendyol kutusuna konmuş.,batarya,negatif
ürün hiçbir şekilde şarj olmuyor. servis öneriliyor yazıyor. paketlenmeden gönderilmiş sadece kendi kutusu ve trendyol kutusuna konmuş.,ambalaj,negatif
Ürünü 22 Aralık 2024 tarihinde satıcı trendyol asatıcı olarak sipariş verdim bugün geldi kurulumunu gerçekleştirdim. Garanti süresine bakınca 30 Ocak 2026 olduğunu fark,kargo,notr
Ürünü 22 Aralık 2024 tarihinde satıcı trendyol asatıcı olarak sipariş verdim bugün geldi kurulumunu gerçekleştirdim. Garanti süresine bakınca 30 Ocak 2026 olduğunu fark,genel,notr
Ağustosda aldım ocakta garantisi başlamış,genel,negatif
PC kurulumunu yaptıktan sonra pil seviyesi servis gösteriyordu iade ettim geri yolladılar PC yi sıfırlayıp geri yollamam söylendi sıfırladım ve tekrar yolladım,batarya,negatif
PC kurulumunu yaptıktan sonra pil seviyesi servis gösteriyordu iade ettim geri yolladılar PC yi sıfırlayıp geri yollamam söylendi sıfırladım ve tekrar yolladım,genel,negatif
batarya bozuk geldi üründe sorun yoktu servis uyarısı verdi geri iade talebi oluşturdum.,batarya,negatif
batarya bozuk geldi üründe sorun yoktu servis uyarısı verdi geri iade talebi oluşturdum.,kalite,pozitif
sıfır aldığım ürün pil servis uyarısı verdi iadeyle uğraşmadım servise gönderdim.trendyol satıcısından almıştım siz siz olun bilindik yerlerden alın,batarya,negatif
sıfır aldığım ürün pil servis uyarısı verdi iadeyle uğraşmadım servise gönderdim.trendyol satıcısından almıştım siz siz olun bilindik yerlerden alın,genel,negatif
Çok şaşkınım nasıl böyle ürün gönderirler aklım almıyor sıfır kapalı kutu pil şarj olmuyor  servis öneriliyor diyor iade yaptılar neyseki,batarya,negatif
Çok şaşkınım nasıl böyle ürün gönderirler aklım almıyor sıfır kapalı kutu pil şarj olmuyor  servis öneriliyor diyor iade yaptılar neyseki,ambalaj,notr
Ürün kusurlu gönderildi..açıldığında şarjı %1di birkaç saat durmasına rağmen dolmadı servis öneriliyor uyarısı verdi. Ayrıca daha yeni aldığım ürünün 2 yıl gara,kalite,negatif
Ürün kusurlu gönderildi..açıldığında şarjı %1di birkaç saat durmasına rağmen dolmadı servis öneriliyor uyarısı verdi. Ayrıca daha yeni aldığım ürünün 2 yıl gara,batarya,negatif
Tavsiye etmiyorum. Sıfır ürün arızalı çıktı. Şarj dolmuyor. %1 şarjla geldi. Aynı şarjla iade ettik. Paramızı aldık çok şükür.,genel,negatif
Tavsiye etmiyorum. Sıfır ürün arızalı çıktı. Şarj dolmuyor. %1 şarjla geldi. Aynı şarjla iade ettik. Paramızı aldık çok şükür.,kalite,negatif
Tavsiye etmiyorum. Sıfır ürün arızalı çıktı. Şarj dolmuyor. %1 şarjla geldi. Aynı şarjla iade ettik. Paramızı aldık çok şükür.,batarya,negatif
Garanti süresine çok az kalmış ve pil servisi uyarısı veriyo şarja takmadan çalışmıyor bilgisayarın alt tarafındada yanık izi var 3 4 bin TL üstüne koyun gidip,batarya,negatif
Garanti süresine çok az kalmış ve pil servisi uyarısı veriyo şarja takmadan çalışmıyor bilgisayarın alt tarafındada yanık izi var 3 4 bin TL üstüne koyun gidip,kalite,negatif
Pil şarj olmuyor servis öneriliyor uyarısı veriyor bu nasıl iş anlamadım acil yardım istiyorum,batarya,negatif
"Kusurlu mal satılıyor, almayın uyarıyorum sizleri. Aynı mağduriyeti yaşamanızı istemem. Bataryası ölmüş, şarja takılmadan çalışmayan bilgisayar satıyorlar. Tren",kalite,negatif
"Kusurlu mal satılıyor, almayın uyarıyorum sizleri. Aynı mağduriyeti yaşamanızı istemem. Bataryası ölmüş, şarja takılmadan çalışmayan bilgisayar satıyorlar. Tren",batarya,negatif
Pili bitmiş 3 yıl önce garantisi bitmiş ürünü bana gönderip bu durumu belgelediğim halde 15 günlük süre geçtiğin için almayan satıcı. İsterseniz siz de alın.,batarya,negatif
Pili bitmiş 3 yıl önce garantisi bitmiş ürünü bana gönderip bu durumu belgelediğim halde 15 günlük süre geçtiğin için almayan satıcı. İsterseniz siz de alın.,genel,negatif
0 ürün nasıl bozuk çıkabiliyor aklım almıyor. Pil bozuk çıktı. Pil şarj olmuyor uyarısı veriyor. Güç kablosunu çektiğim anda kapanıyor. 2-3 hafta servisle uğraş,batarya,negatif
Bana pili bozuk ürün gonderdi TRENDYOL saticisi ve degisim/iade talebimi reddedip teknik serviste kendi basimim caresine bakmam soylendi.,batarya,negatif
Bana pili bozuk ürün gonderdi TRENDYOL saticisi ve degisim/iade talebimi reddedip teknik serviste kendi basimim caresine bakmam soylendi.,genel,negatif
"Maalesef urun elime gectiginde pil servis uyarisi veriyordu, sarj olmuyordu yani hatali urun gonderildi ve iade etmek zorunda kaldim. Almanizi onermem.",batarya,negatif
"Maalesef urun elime gectiginde pil servis uyarisi veriyordu, sarj olmuyordu yani hatali urun gonderildi ve iade etmek zorunda kaldim. Almanizi onermem.",genel,negatif
Trendyol satıcısından birşey alırken artık bir değil bin kere düşünerek alışveriş yapacağım belki hiç yapmayacağım buradaki yorumlara güvenerek alışveriş yaptım,genel,negatif
Sıfır kutusunda çıkarıyorsun o da ne üründe çizikler var. Muhtemelen iade edilen ürünleri paketleyip satıyorlar. Trandyoldan alışveriş yapmayacağım bu son. Mevz,kalite,negatif
Sıfır kutusunda çıkarıyorsun o da ne üründe çizikler var. Muhtemelen iade edilen ürünleri paketleyip satıyorlar. Trandyoldan alışveriş yapmayacağım bu son. Mevz,genel,negatif
Sürekli fiyatıyla oynuyorlar,fiyat,negatif
Cihaz kusurlu çıktı. Bataryasında sıkıntı var kutuyu açtıktan sonra bilgisayarı açtığımda ilk olarak Apple logosu çıkmadı daha sonra şarja taktığımda açıldı. Şa,kalite,negatif
Cihaz kusurlu çıktı. Bataryasında sıkıntı var kutuyu açtıktan sonra bilgisayarı açtığımda ilk olarak Apple logosu çıkmadı daha sonra şarja taktığımda açıldı. Şa,batarya,negatif
Ürünü aldım pil sorunu verdi.şu an servise verdim laptopu.ilk defabilgisayar aldım trendyoldan çok üzüldüm ilk günden servise gitmesine bilgisayarımın.yetkili s,batarya,negatif
"Ürünü değişim için iade ettim. Şarjı %1 de kalıyordu sürekli, ürünün garantisini sorgulattım 50 gün kaldığını öğrendim. Yani ürün sorunluydu ben de değişime gön",batarya,negatif
"Ürünü değişim için iade ettim. Şarjı %1 de kalıyordu sürekli, ürünün garantisini sorgulattım 50 gün kaldığını öğrendim. Yani ürün sorunluydu ben de değişime gön",genel,negatif
Kargom bugün geldi fakat pil servis öneriliyor olarak gözüküyor ve şarj olmuyor,kargo,notr
Kargom bugün geldi fakat pil servis öneriliyor olarak gözüküyor ve şarj olmuyor,batarya,negatif
Ürün bozuk geldi iade aldılar ama pili vs bozuk geldi görmeden almayın buradan 2020 çıkışlı alıp stoğa koymuşlar garantisi de bitmek üzere  geldi,kalite,negatif
Ürün bozuk geldi iade aldılar ama pili vs bozuk geldi görmeden almayın buradan 2020 çıkışlı alıp stoğa koymuşlar garantisi de bitmek üzere  geldi,batarya,negatif
Ürün bataryası arızalı çıktı. Bilgisayar şarj olmuyor. Depoda yıllardır durmaktan sanırım batarya ölmüş. Firmaya gönderdim değişim için. Fakat firma bana açılmı,batarya,negatif
Ürün hiçbir şekilde şarj olmuyor kusurlu ürün gönderildi,batarya,negatif
Ürün hiçbir şekilde şarj olmuyor kusurlu ürün gönderildi,kalite,negatif
08.08.2023 tarihinde aldığım cihaz 02.02.2023 tarihibde garanti süresi başlamıştır.,genel,negatif
şimdilik ofis kullanımı için aldık ve sorunsuz gidiyor.,genel,pozitif
Oyun oynamak ve iş yapmak istiyorsanız ikisini bir arada yapabileceğiniz bir makine kesinlikle değil,genel,notr
paketleme güzel değildi. üzerinde kırılır ibaresi bile yoktu.,ambalaj,negatif
Güzel ürün zaten apple,genel,pozitif
macbook güzel geldi tenk yu,genel,pozitif
macbook güzel geldi tenk yu,kargo,pozitif
orjinalliğinden şüphe etmiştim ama trendyol orjinal olduğunu söyledi teşekkürler,genel,pozitif
Eh işte iyi buna şükür,genel,pozitif
İşletim sisteminden dolayı birçok uygulama yüklenmiyor. Bunu göz önünde bulundurun…,genel,negatif
ürün geldi. Şarja takınca sadece pil % 1 gösteriyor,batarya,negatif
ürün sarz olmuyor sadece fiste iken çalışıyor,batarya,negatif
uzay grisi sipariş ettim ancak pembe tarzında bir renk geldi ne alakaysa,genel,negatif
ürün elime ulasti fakat şarj olmuyor %1 geçmiyor,batarya,negatif
ürün hafif çizik geldi indirim ve kuponla çok uygun fiyata aldığım icin iade etmedim,kalite,negatif
ürün hafif çizik geldi indirim ve kuponla çok uygun fiyata aldığım icin iade etmedim,fiyat,pozitif
batarya bozuk geldi servise gönderdim,batarya,negatif
sıkıntı yok sadece kutuyu açtıktan sonra garanti suresini kontrol edin,genel,notr
ürün yamuk geldi,kalite,negatif
kızım için aldım üç günde elimize ulaştı,kargo,pozitif
Gayet kullanışlı. Üni öğrencisiyim,genel,pozitif
Yaklaşık 20 yıldır telefonumdan bilgisayara Apple kullanıyorum. Asla vazgeçmem,genel,pozitif
tamda istediğimiz gibi geldi teşekkür ediyorum,genel,pozitif
tamda istediğimiz gibi geldi teşekkür ediyorum,kargo,pozitif
ürünü kızıma aldım beğendi,genel,pozitif
Kardeşime aldım beğendi,genel,pozitif
çok memnunum iyi ki almışım,genel,pozitif
Yeni elime geldi çok güzel paketleme saglam ve özenli teşekkür ler trendyol,ambalaj,pozitif
Yeni elime geldi çok güzel paketleme saglam ve özenli teşekkür ler trendyol,kargo,pozitif
ürün güzel sevdim şarjı uzun süreli,genel,pozitif
ürün güzel sevdim şarjı uzun süreli,batarya,pozitif
Ürün güzeldi paketleme sağlam ve güvenilir geldi,genel,pozitif
Ürün güzeldi paketleme sağlam ve güvenilir geldi,ambalaj,pozitif
Gayet güzel oğluma aldım,genel,pozitif
Ürün elime ulaştı hemen kurulumunu yaptım. Baya beğendim. Batarya konusunda herkes servis istiyor demişti ben öyle bir sorun yaşamadım,genel,pozitif
Ürün elime ulaştı hemen kurulumunu yaptım. Baya beğendim. Batarya konusunda herkes servis istiyor demişti ben öyle bir sorun yaşamadım,batarya,pozitif
Güzel ama çok küçük oyuncak gibi paketlenmesi falan güzeldi sorunsuz geldi,genel,pozitif
Güzel ama çok küçük oyuncak gibi paketlenmesi falan güzeldi sorunsuz geldi,ambalaj,pozitif
Güzel ama çok küçük oyuncak gibi paketlenmesi falan güzeldi sorunsuz geldi,kargo,pozitif
Seviyorum merkez. Her zamanki apple rahatlığı ❤️,genel,pozitif
ürün güzel zaten Apple kalitesi güzel,genel,pozitif
ürün güzel zaten Apple kalitesi güzel,kalite,pozitif
Çok iyi bu fiyata,genel,pozitif
Çok iyi bu fiyata,fiyat,pozitif
Hızlı geldi severek kullanıyorum,kargo,pozitif
Hızlı geldi severek kullanıyorum,genel,pozitif
kaliteli ve güzel geldi.,kalite,pozitif
kaliteli ve güzel geldi.,kargo,pozitif
16 GB Ram Windows tan 8 GB RAM mac e geçiş yaptım. Oyun için almadım. Cihaz beni çok tatmin etmedi.,genel,negatif
"Ürün harika, paketlemesi çok iyi , satıcı çok ilgili , sadece kargo çok geç geldi onun için 4 yıldız veriyorum",genel,pozitif
"Ürün harika, paketlemesi çok iyi , satıcı çok ilgili , sadece kargo çok geç geldi onun için 4 yıldız veriyorum",ambalaj,pozitif
"Ürün harika, paketlemesi çok iyi , satıcı çok ilgili , sadece kargo çok geç geldi onun için 4 yıldız veriyorum",kargo,negatif
"hizlı ve özenli geldi , tesekkürler",kargo,pozitif
"hizlı ve özenli geldi , tesekkürler",ambalaj,pozitif
İstediğim bilgisayardı iyi garantisine bakıp,genel,pozitif
Bana geldiğinde hiç sarjı yoktu ürün önce açılmadı,batarya,negatif
Bana geldiğinde hiç sarjı yoktu ürün önce açılmadı,kargo,pozitif
Sıkıntısız geldi orjinal ürün,kargo,pozitif
Sıkıntısız geldi orjinal ürün,genel,pozitif
apple kalitesi,kalite,pozitif
Mümkünse daha fazla RAM i olan bir modelini tercih edin,genel,notr
Mümkünse daha fazla RAM i olan bir modelini tercih edin,batarya,notr
Çok hafif inanılmaz. Teşekkürler Trendyol,genel,pozitif
Şimdilik bir sorun yok çok şükür,genel,pozitif
"tek sıkıntı garanti süremi erkenden başlatmışlar, onun dışında sağlam geldi",genel,negatif
"tek sıkıntı garanti süremi erkenden başlatmışlar, onun dışında sağlam geldi",kargo,pozitif
Mükemmel  çok iyi,genel,pozitif
çok hafif ve zarif,genel,pozitif
Güzel iyi paketleme.,genel,pozitif
Güzel iyi paketleme.,ambalaj,pozitif
"Üründe batarya sorunu vardı, ilgili satıcı ile iletişime geçtim ve iade aldılar. Teşekkür ederim",batarya,negatif
"Üründe batarya sorunu vardı, ilgili satıcı ile iletişime geçtim ve iade aldılar. Teşekkür ederim",genel,pozitif
Sağlam paketleme güvenilir,ambalaj,pozitif
Bilgisayar güzel kargoyla ilgili sıkıntı yaşamıştık şikayetimize dönüş yaptılar,genel,pozitif
Bilgisayar güzel kargoyla ilgili sıkıntı yaşamıştık şikayetimize dönüş yaptılar,kargo,negatif
Bilgisayar güzel kargoyla ilgili sıkıntı yaşamıştık şikayetimize dönüş yaptılar,kargo,pozitif
3 günde geldi gayet iyi apple kalitesi 1 puanı faturasını yollamadıkları için kırdım,kargo,pozitif
3 günde geldi gayet iyi apple kalitesi 1 puanı faturasını yollamadıkları için kırdım,kalite,pozitif
3 günde geldi gayet iyi apple kalitesi 1 puanı faturasını yollamadıkları için kırdım,genel,negatif
"Ürün çok iyi.. sorunsuz ve hızlı ulaştı, teşekkürler.. ancak bu meblağaki bir ürün için fiyata kargo ücreti eklemenizi yadırgadım..",genel,pozitif
"Ürün çok iyi.. sorunsuz ve hızlı ulaştı, teşekkürler.. ancak bu meblağaki bir ürün için fiyata kargo ücreti eklemenizi yadırgadım..",kargo,pozitif
"Ürün çok iyi.. sorunsuz ve hızlı ulaştı, teşekkürler.. ancak bu meblağaki bir ürün için fiyata kargo ücreti eklemenizi yadırgadım..",fiyat,negatif
Biraz geç ulaştı elimize ama güzel,kargo,negatif
Biraz geç ulaştı elimize ama güzel,genel,pozitif
bilgisayar güzel ama teslim edilme süresi biraz uzun ama ürün kaliteli,genel,pozitif
bilgisayar güzel ama teslim edilme süresi biraz uzun ama ürün kaliteli,kargo,negatif
bilgisayar güzel ama teslim edilme süresi biraz uzun ama ürün kaliteli,kalite,pozitif
"ben 32kye aldım, ben aldıktan sonra fiyatının düşmesi gerçekten cok sacma...",fiyat,negatif
"ben 32kye aldım, ben aldıktan sonra fiyatının düşmesi gerçekten cok sacma...",kargo,negatif
şimdilik güzel görünüyor teşekkürler,genel,pozitif
Hızlı Kargo,kargo,pozitif
Ürün sağlam. Geç geldi,kalite,pozitif
Ürün sağlam. Geç geldi,kargo,negatif
ÜRÜNÜ ALACAKLAR DİKKAT: Ürünü aldığımda garanti süresi bitimine 24 değil 16 ay kalmıştı...,genel,negatif
Bir sıkıntı olmdı,genel,pozitif
"Harika ürün, kargo beklediğimden 1-2 gün geç geldi",genel,pozitif
"Harika ürün, kargo beklediğimden 1-2 gün geç geldi",kargo,negatif
Olması gerekenden sadece 1 gün geç geldi. Onun dışında güzel bir ürün paketleme kargo sağlam şekilde elime ulaştı.,kargo,notr
Olması gerekenden sadece 1 gün geç geldi. Onun dışında güzel bir ürün paketleme kargo sağlam şekilde elime ulaştı.,genel,pozitif
Olması gerekenden sadece 1 gün geç geldi. Onun dışında güzel bir ürün paketleme kargo sağlam şekilde elime ulaştı.,ambalaj,pozitif
Ürünü aldıktan kısa süre sonra ciddi bir indirime girdi ve taksit sayısı arttırıldı. Keşke o kampanyaya denk gelseydik.,fiyat,negatif
Fena değil,genel,notr
Çok kısa sürede geldi. Garantisi de onaylı. Ancak cihaz sarjdayken kasada elinizi gezdirdiginizde karıncalanma şeklinde elektrik kaçağı yapıyor.,kargo,pozitif
Çok kısa sürede geldi. Garantisi de onaylı. Ancak cihaz sarjdayken kasada elinizi gezdirdiginizde karıncalanma şeklinde elektrik kaçağı yapıyor.,kalite,negatif
"Bu ürünü bir yıl kullandıktan sonra söyleyebilirim ki, ürün gerçekten çok iyi ve satın aldığıma asla pişman olmadım",genel,pozitif
çok güzel bi ürün şiddetle tavsiye ederim.paketlemesi de süperdi..,genel,pozitif
çok güzel bi ürün şiddetle tavsiye ederim.paketlemesi de süperdi..,ambalaj,pozitif
Çok çok güzel torunum için aldım harika spriz oldu çok beğenildi teşekkürler,genel,pozitif
Bayıldımm çok rahat ve çok kullanışlı,genel,pozitif
Apple kaliteli tabiki tartışılmaz severek kullanıyorum:),kalite,pozitif
Apple kaliteli tabiki tartışılmaz severek kullanıyorum:),genel,pozitif
BİLGİSİYARA GÜZLİLK DEFA İNTERNETEN CESARET EDİP ALDIM MEMNUNUM,genel,pozitif
Çok iyi ben telefonumla kolay eşleşmesi için aldım mükemmel benim işimi görüyor,genel,pozitif
İnanılmaz memnunum iyi ki almışım dediğim şeylerden biri oldu. Paketleme çok güzeldi ve çok hızlı geldi. Teşekkürler Trendyol.,genel,pozitif
İnanılmaz memnunum iyi ki almışım dediğim şeylerden biri oldu. Paketleme çok güzeldi ve çok hızlı geldi. Teşekkürler Trendyol.,ambalaj,pozitif
İnanılmaz memnunum iyi ki almışım dediğim şeylerden biri oldu. Paketleme çok güzeldi ve çok hızlı geldi. Teşekkürler Trendyol.,kargo,pozitif
çok beğendim o kdr hafif ve güzel ki klavyesi de muhteşem,genel,pozitif
Çok güzel bir bilgisayar çok beğendim. İstediğiniz yere çok rahat taşıyabilirsiniz,genel,pozitif
Çok güzel paketlenmiş şekilde geldi çok teşekkür ederim çok beğendim kargo süresi de harikaydı,ambalaj,pozitif
Çok güzel paketlenmiş şekilde geldi çok teşekkür ederim çok beğendim kargo süresi de harikaydı,genel,pozitif
Çok güzel paketlenmiş şekilde geldi çok teşekkür ederim çok beğendim kargo süresi de harikaydı,kargo,pozitif
Çok beğendik ihtiyacı olanı tavsifeye ederim 😊,genel,pozitif
Çok çok iyi sorunsuz ulaştı elime mükemmellll,genel,pozitif
Çok çok iyi sorunsuz ulaştı elime mükemmellll,kargo,pozitif
Mükemmel bilgisayar her işimi hallediyor çok hafif . Şarjıda çok uzun gidiyor . Apple kalitesi,genel,pozitif
Mükemmel bilgisayar her işimi hallediyor çok hafif . Şarjıda çok uzun gidiyor . Apple kalitesi,batarya,pozitif
Mükemmel bilgisayar her işimi hallediyor çok hafif . Şarjıda çok uzun gidiyor . Apple kalitesi,kalite,pozitif
Ürün gayet güzel şarj süresi de çok iyi paketlenmesi de çok özenliydi bayıldım tek kelimeyle 💕,genel,pozitif
Ürün gayet güzel şarj süresi de çok iyi paketlenmesi de çok özenliydi bayıldım tek kelimeyle 💕,batarya,pozitif
Ürün gayet güzel şarj süresi de çok iyi paketlenmesi de çok özenliydi bayıldım tek kelimeyle 💕,ambalaj,pozitif
Çok çok güzel çok beğenerek almıştım zaten boyutu diğer bilgisayarlara göre biraz küçük olsa da ben kendime göre yeterli buluyorum çok pratik ve çok güzel,genel,pozitif
herşey çok sorunsuz elime ulaştı paketlemesi çok iyiydi herhangi bir sorun yoktu satıcıya teşekkür ederiz,kargo,pozitif
herşey çok sorunsuz elime ulaştı paketlemesi çok iyiydi herhangi bir sorun yoktu satıcıya teşekkür ederiz,ambalaj,pozitif
Sorunsuz bir şekilde elime ulaştı.Çok güzel ve kullanışlı bir bilgisayar .Ders için aldığımdan şarjı bir hafta gidiyor .Almanızı tavsiye ederim,kargo,pozitif
Sorunsuz bir şekilde elime ulaştı.Çok güzel ve kullanışlı bir bilgisayar .Ders için aldığımdan şarjı bir hafta gidiyor .Almanızı tavsiye ederim,genel,pozitif
Sorunsuz bir şekilde elime ulaştı.Çok güzel ve kullanışlı bir bilgisayar .Ders için aldığımdan şarjı bir hafta gidiyor .Almanızı tavsiye ederim,batarya,pozitif
Eşim işleri için aldı çok güzel memnun,genel,pozitif
"Arkadaşlar cidden çok güzel, rengi konusunda silver ile arasında kalmıştım ama iyi ki bu rengi seçmişim",genel,pozitif
güzel ve sorunsuz. Tavsiye ederim.,genel,pozitif
Uzun süre Pro kullandım çok memnundum MacBook ömürlük bilgisayar ve sorunsuz teslim aldım,genel,pozitif
Uzun süre Pro kullandım çok memnundum MacBook ömürlük bilgisayar ve sorunsuz teslim aldım,kargo,pozitif
Üründen aşırı derecede memnunum şarjı çok uzun süre gidiyor ayrıca çok konforlu taşıması çok kolay,genel,pozitif
Üründen aşırı derecede memnunum şarjı çok uzun süre gidiyor ayrıca çok konforlu taşıması çok kolay,batarya,pozitif
Kardeşime almıştım . Yüksek lisans öğrencisi . Beğendi . Sorun çıkmadı . Teşekkürler . Ekonomik durumu kısıtlı olanlar hala bu modeli düşünebilir . Bence çok gü,genel,pozitif
Mükemmel bir şey okul için kullanacağım,genel,pozitif
Mükemmel görselin aynısı paket leme çok iyi,genel,pozitif
Mükemmel görselin aynısı paket leme çok iyi,ambalaj,pozitif
cok güzel kardeşime hediye aldım çok mutlu oldu,genel,pozitif
Çok kibar çok güzel ürün. Yazılım öğrencisi olarak almak istedim...,genel,pozitif
Tam istediğim gibi geldi herkese tavsiye ediyorum,genel,pozitif
Kızıma aldım çok beğendi kalite her zaman farkettiriyor,genel,pozitif
Kızıma aldım çok beğendi kalite her zaman farkettiriyor,kalite,pozitif
"çok beğendim, kesinlikle tavsiye ederim. şimdilik bir sorun yok gibi geldi çok teşekkür ederim :)",genel,pozitif
Ürün elime sorunsuz ulaştı satıcı trendyol olarak aldım hiç bir sorun yoktu 4 aydır kullanıyorum memnunum,kargo,pozitif
Ürün elime sorunsuz ulaştı satıcı trendyol olarak aldım hiç bir sorun yoktu 4 aydır kullanıyorum memnunum,genel,pozitif
Paketlemesi çok güzeldi. Hiçbir zarar görmemiş. Okul için aldım. Çok güzel.,ambalaj,pozitif
Paketlemesi çok güzeldi. Hiçbir zarar görmemiş. Okul için aldım. Çok güzel.,genel,pozitif
Fiyat performansı memnunum şarjı harika,fiyat,pozitif
Fiyat performansı memnunum şarjı harika,batarya,pozitif
"Çok beğendik ve memnun kaldık inceliği, rengi çok iyi",genel,pozitif
Çok hızlı ve sorunsuz bir şekilde elime ulaştı teşekkür ederim,kargo,pozitif
Çok güzel okul işi için aldım,genel,pozitif
aylardır kullanıyorum şarjı hızlı dolup yavaş bitiyor bilişimci kadar bilemem özelliklerini ama öğrenciler için birebirr,batarya,pozitif
aylardır kullanıyorum şarjı hızlı dolup yavaş bitiyor bilişimci kadar bilemem özelliklerini ama öğrenciler için birebirr,genel,pozitif
Çok kullanışlı ve benim için yeterli bi bilgisayar okul için ideal ama iş için bilemiyorum,genel,pozitif
ürün gayet güzel ve kullanışlı severek kullanıyorum,genel,pozitif
Bu kadar para vererek iyi mi yaptım bilmiyorum ama zaten ihtiyacım vardı...,genel,pozitif
Sapasağlam sorunsuz hızlı ve güvenli şekilde elime ulaştı çok teşekkürler,kargo,pozitif
kızım için aldım. Çok memnun,genel,pozitif
Çok memnunuz sorunsuz,genel,pozitif
çok hızlı bir şekilde elime ulaştı çok memnunum,kargo,pozitif
çok hızlı bir şekilde elime ulaştı çok memnunum,genel,pozitif
Araştırarak aldım.Kullanış açısından telefonumla uyumu açısından kolaylık sağlayacağını düşündüğüm için tercih ettim.,genel,notr
Bu gün siparişim elime ulaştı. çok memnun kaldım. teşekkür ediyorum.,kargo,pozitif
Bu gün siparişim elime ulaştı. çok memnun kaldım. teşekkür ediyorum.,genel,pozitif
Gerçekten çok kullanışlı tasarımına falan bayıldım,genel,pozitif
çok hziki geldi çok güzel herkese tavsiye ederim,kargo,pozitif
çok hziki geldi çok güzel herkese tavsiye ederim,genel,pozitif
Mükemmel ürün efsane hızlı bir kargo 10 saat icinde elimdeydi,genel,pozitif
Mükemmel ürün efsane hızlı bir kargo 10 saat icinde elimdeydi,kargo,pozitif
Çok teşekkürler çok beğendim çok memnun kaldım,genel,pozitif
Günlük işlerim için dijital marketing için aldım gayet güzel satıcı da iyi,genel,pozitif
"Çok hızlı ulaşdı elime, acelem var oldugunu söyledim hemen gönderdiler sagolsun...",kargo,pozitif
"Çok hızlı ulaşdı elime, acelem var oldugunu söyledim hemen gönderdiler sagolsun...",genel,pozitif
ürünü sorgulattım orijinal ürün. Sorunsuz ve çok hızlı geldi teşekkürleerr,genel,pozitif
ürünü sorgulattım orijinal ürün. Sorunsuz ve çok hızlı geldi teşekkürleerr,kargo,pozitif
Çok beğendim sorunsuz teslim edildi👍🏻,genel,pozitif
Çok beğendim sorunsuz teslim edildi👍🏻,kargo,pozitif
harika sorunsuz ulaştı,genel,pozitif
harika sorunsuz ulaştı,kargo,pozitif
çok memnun kaldım kargo cok hızlıydı sapasağlam geldi,genel,pozitif
çok memnun kaldım kargo cok hızlıydı sapasağlam geldi,kargo,pozitif
Çok güzel cihaz memnunum normalden uygun fiyata aldım,genel,pozitif
Çok güzel cihaz memnunum normalden uygun fiyata aldım,fiyat,pozitif
Çok hızlı geldi çok memnunum,kargo,pozitif
Çok hızlı geldi çok memnunum,genel,pozitif
her zamanki gibi troy kalitesi çok teşekkür ediyorum,kalite,pozitif
Hafifliği inceliği ve taşınabilir olması sebebiyle MacBook’a geçiş yaptım gayet memnunum,genel,pozitif
Bir günde elime ulaştı işletim sistemi ideal ve çok işlevsel bir kullanım aramayanlara yeterli.,kargo,pozitif
Bir günde elime ulaştı işletim sistemi ideal ve çok işlevsel bir kullanım aramayanlara yeterli.,genel,pozitif
kizim için aldım çok memnun,genel,pozitif
çok güzel iyi ki almışım dediğim şeylerden biri deprem bölgesinde olmama rağmen 24 saat geçmeden elime ulaştı teşekkürlerr🫶🏻,genel,pozitif
çok güzel iyi ki almışım dediğim şeylerden biri deprem bölgesinde olmama rağmen 24 saat geçmeden elime ulaştı teşekkürlerr🫶🏻,kargo,pozitif
Çok seviyorum ürünü çok memnunum,genel,pozitif
"Ürünü 1 aydır kullanıyorum, genel olarak Apple kalitesi belli oluyor. Ekran çözünürlüğü çok kaliteli...",kalite,pozitif
"Ürünü 1 aydır kullanıyorum, genel olarak Apple kalitesi belli oluyor. Ekran çözünürlüğü çok kaliteli...",ses_goruntu,pozitif
oğlum için aldım çok memnun,genel,pozitif
Çok memnunum. Çok teşekkür ediyorum. 💻🙏🏻,genel,pozitif
çok beğendim. apple bilgisayar için son derece ekonomik ve kullanışlı bir bilgisayar...,genel,pozitif
çok beğendim. apple bilgisayar için son derece ekonomik ve kullanışlı bir bilgisayar...,fiyat,pozitif
"Mükemmel, renk güzel,kargo hızlıydı teşekkürler",genel,pozitif
"Mükemmel, renk güzel,kargo hızlıydı teşekkürler",kargo,pozitif
gayet güzel bir şekilde elimize geçti.ambalj paketi güzel di,kargo,pozitif
gayet güzel bir şekilde elimize geçti.ambalj paketi güzel di,ambalaj,pozitif
MacBook kalitesi harika,kalite,pozitif
Sorunsuz bir şekilde elimize ulaştı teşekkürler trendyol,kargo,pozitif
Mükemmel düşünmeden alın çok güzel bir ürün kendime aldım her şeyi yapabilirsiniz bu macbookta harika,genel,pozitif
Hızlı ve ambalajı sağlam sıkıntısız bir şekilde geldi ve memnunum,kargo,pozitif
Hızlı ve ambalajı sağlam sıkıntısız bir şekilde geldi ve memnunum,ambalaj,pozitif
Hızlı ve ambalajı sağlam sıkıntısız bir şekilde geldi ve memnunum,genel,pozitif
yaptığım ilk şey sims yüklemek oldu çok hızlı fan sesi çıkaran 30 kilo eski bilgisayarımdan sonra çok iyi geldi,genel,pozitif
Ürünü zaten anlatmaya gerek yok satıcıya da çok teşekkürler paketleme kargo çok iyiydi,genel,pozitif
Ürünü zaten anlatmaya gerek yok satıcıya da çok teşekkürler paketleme kargo çok iyiydi,ambalaj,pozitif
Ürünü zaten anlatmaya gerek yok satıcıya da çok teşekkürler paketleme kargo çok iyiydi,kargo,pozitif
Ürün paketlemesi çok güzel ve problemsiz geldi 👍,ambalaj,pozitif
Ürün paketlemesi çok güzel ve problemsiz geldi 👍,kargo,pozitif
çok incecik ve çok kullanışlı zamanında teslimat teşekurler,genel,pozitif
çok incecik ve çok kullanışlı zamanında teslimat teşekurler,kargo,pozitif
Alalı 2 hafta oldu.Şimdilik memnunum.Kullanımı kolay.Korunaklı bir şekilde geldi.Şarjı fulltime kullanmıyorsanız epey uzun süre gidiyor.Isınmıyor ve ses yapmıyo,genel,pozitif
Alalı 2 hafta oldu.Şimdilik memnunum.Kullanımı kolay.Korunaklı bir şekilde geldi.Şarjı fulltime kullanmıyorsanız epey uzun süre gidiyor.Isınmıyor ve ses yapmıyo,kargo,pozitif
Alalı 2 hafta oldu.Şimdilik memnunum.Kullanımı kolay.Korunaklı bir şekilde geldi.Şarjı fulltime kullanmıyorsanız epey uzun süre gidiyor.Isınmıyor ve ses yapmıyo,batarya,pozitif
Alalı 2 hafta oldu.Şimdilik memnunum.Kullanımı kolay.Korunaklı bir şekilde geldi.Şarjı fulltime kullanmıyorsanız epey uzun süre gidiyor.Isınmıyor ve ses yapmıyo,ses_goruntu,pozitif
uzun araştırmalar sonucunda bu bilgisayarı almaya karar verdim.çok memnunum...,genel,pozitif
Kızım ses vs görüntü kalitesinin çok iyi olduğunu söyledi tavsiye ediyoruz 👏😍,ses_goruntu,pozitif
Gayet güvenilir ve uygun fiyatlı aldım 10 aydır kullanıyorum teşekkürler,fiyat,pozitif
Gayet güvenilir ve uygun fiyatlı aldım 10 aydır kullanıyorum teşekkürler,genel,pozitif
Sorunsuz geldii çok hoşş 🥰,kargo,pozitif
Sorunsuz geldii çok hoşş 🥰,genel,pozitif
Paketlemesi çok iyiydi garanti sorgulamasını direkt apple müşteri hizmetleriyle yaptım teşekkürler,ambalaj,pozitif
Paketlemesi çok iyiydi garanti sorgulamasını direkt apple müşteri hizmetleriyle yaptım teşekkürler,genel,pozitif
Elime sorunsuz ulaştı kargo hızlı teşekkürler Trendyol,kargo,pozitif
Paketlemesini çok iyiydi sorunsuz elime ulaştı çok tereddütt etmiştim...,ambalaj,pozitif
Paketlemesini çok iyiydi sorunsuz elime ulaştı çok tereddütt etmiştim...,kargo,pozitif
paketleme çok iyiydi. verdiği tarihten de önce geldi. çok memnun kaldım tavsiye ederim,ambalaj,pozitif
paketleme çok iyiydi. verdiği tarihten de önce geldi. çok memnun kaldım tavsiye ederim,kargo,pozitif
paketleme çok iyiydi. verdiği tarihten de önce geldi. çok memnun kaldım tavsiye ederim,genel,pozitif
aşırı güzel apple kalitesini hicbir seye değişmem ben bi sıkıntı yasamadım garanti konusunda vs sadece dizi ve video izlemek icin kullanıyorum,genel,pozitif
aşırı güzel apple kalitesini hicbir seye değişmem ben bi sıkıntı yasamadım garanti konusunda vs sadece dizi ve video izlemek icin kullanıyorum,kalite,pozitif
kısa sürede elime ulaştı çok memnunum,kargo,pozitif
kısa sürede elime ulaştı çok memnunum,genel,pozitif
çok güzel paketlenmişti 2 günde elimde oldu satıcıya teşekkürler,ambalaj,pozitif
çok güzel paketlenmişti 2 günde elimde oldu satıcıya teşekkürler,kargo,pozitif
Hızlı ve eksiksiz ulaştı teşekkürler,kargo,pozitif
çok kararsizdim ama yorumlara bakarak aldım uzay grisi rengi tam istediğim gibi geldi,genel,pozitif
apple kalitesi mükemmel şarj kullanım süresi de harika,kalite,pozitif
apple kalitesi mükemmel şarj kullanım süresi de harika,batarya,pozitif
Gayet güzel bir paketleme ile geldi tercih edebilirsiniz,ambalaj,pozitif
Çok begendim ince kullanışlı kesinlikle alın kaliteli,genel,pozitif
Çok begendim ince kullanışlı kesinlikle alın kaliteli,kalite,pozitif
Ürün çok iyi paketlenmiş ve kaliteli bir ürün. Zamanında teslimi sağlandı...,ambalaj,pozitif
Ürün çok iyi paketlenmiş ve kaliteli bir ürün. Zamanında teslimi sağlandı...,kalite,pozitif
Ürün çok iyi paketlenmiş ve kaliteli bir ürün. Zamanında teslimi sağlandı...,kargo,pozitif
"ben ofis ve okul için aldım, özellikle şarjı çok iyi gidiyor",batarya,pozitif
Apple kalitesi zaten bildiğimiz bir şey pil saati çok iyi benim gibi ders çalışanlar için sürekli prizde kullanmayıp her yere götürebilmek çok avantaj,kalite,pozitif
Apple kalitesi zaten bildiğimiz bir şey pil saati çok iyi benim gibi ders çalışanlar için sürekli prizde kullanmayıp her yere götürebilmek çok avantaj,batarya,pozitif
severek kullanıyorum teşekkürlerr,genel,pozitif
çok kullanışlı kalite çok begendim aşırı iyi,genel,pozitif
çok kullanışlı kalite çok begendim aşırı iyi,kalite,pozitif
Ürün çok başarılı akademi için çok uygun 💕,genel,pozitif
Kutusunda çok güzel geldi ve orjinal çok teşekkürler trendyol💐,ambalaj,pozitif
Kutusunda çok güzel geldi ve orjinal çok teşekkürler trendyol💐,genel,pozitif
Sorunsuz alışveriş. Laptop zaten mükemmel.,genel,pozitif
Ablama doğum günü hediyesi olarak aldım çok mutlu oldu sorunsuz geldi paketleme güzeldi,kargo,pozitif
Ablama doğum günü hediyesi olarak aldım çok mutlu oldu sorunsuz geldi paketleme güzeldi,ambalaj,pozitif
bayıldım çok güzel uzun zamandır istiyordum çok iyi paketlenmişti hiçbir hasar yoktu bütün belgeleri faturaları içindeydi kurulumu da gayet basitti öğrenciyim y,genel,pozitif
bayıldım çok güzel uzun zamandır istiyordum çok iyi paketlenmişti hiçbir hasar yoktu bütün belgeleri faturaları içindeydi kurulumu da gayet basitti öğrenciyim y,ambalaj,pozitif
🍏Severek kullanıyoruz.,genel,pozitif
güzel ürün sorunsuzdu güzel paketlenmisti,genel,pozitif
güzel ürün sorunsuzdu güzel paketlenmisti,ambalaj,pozitif
Elime sorunsuz ulaştı hızlı kargo ve paketlenmesi çok iyiydi,kargo,pozitif
Elime sorunsuz ulaştı hızlı kargo ve paketlenmesi çok iyiydi,ambalaj,pozitif
İlk defa MacBook kullanıyorum. Çok beğendim. Çok hızlı ve Premium hissettiriyor...,genel,pozitif
Elime sorunsuz ulaştı paketlemesi de iyiydi teşekkürler,kargo,pozitif
Elime sorunsuz ulaştı paketlemesi de iyiydi teşekkürler,ambalaj,pozitif
"İlk apple bilgisayarım, piyasada 22k iken 18.5e aldım trendyol satıcısından...",fiyat,pozitif
"İlk apple bilgisayarım, piyasada 22k iken 18.5e aldım trendyol satıcısından...",genel,pozitif
everyone garantisinde sıkıntı yaşamış ama ben hiçbir şekilde sıkıntı yaşamadım...,genel,pozitif
"Babamın özür hediyesiydi, paketleme iyiydi ürüne zaten diyecek bir şey yok çok güzel.",ambalaj,pozitif
"Babamın özür hediyesiydi, paketleme iyiydi ürüne zaten diyecek bir şey yok çok güzel.",genel,pozitif
Beğendim satıcının paketlemesi de iyiydi,genel,pozitif
Beğendim satıcının paketlemesi de iyiydi,ambalaj,pozitif
Çok memnunum şarjı uzun gidiyor ve sağlam. Fazla sekmelerde kasma olmuyor AMA microsofta alışmış biri olarak kullanımda çok zorlanıyorum...,batarya,pozitif
Çok memnunum şarjı uzun gidiyor ve sağlam. Fazla sekmelerde kasma olmuyor AMA microsofta alışmış biri olarak kullanımda çok zorlanıyorum...,kalite,pozitif
Çok memnunum şarjı uzun gidiyor ve sağlam. Fazla sekmelerde kasma olmuyor AMA microsofta alışmış biri olarak kullanımda çok zorlanıyorum...,genel,notr
Hayatımda aldığım en en doğru karar mac almakkk çok memnunummm,genel,pozitif
En uygun buradaydi. Ancak garanti tarihi eylülde almama ragmen...,fiyat,pozitif
En uygun buradaydi. Ancak garanti tarihi eylülde almama ragmen...,genel,negatif
Sorunsuz ve sağlam bir şekilde geldi paketleme gayet güzeldi,kargo,pozitif
Sorunsuz ve sağlam bir şekilde geldi paketleme gayet güzeldi,ambalaj,pozitif
Çok iyi oğluma aldım,genel,pozitif
Hasarsız mükemmel paketleme ile geldi,kargo,pozitif
Hasarsız mükemmel paketleme ile geldi,ambalaj,pozitif
Çok iyi ve kullanışlı bir ürün,genel,pozitif
O kadar güzel kiii çok memnunumm,genel,pozitif
Bayıldımm küçük hafif ses kalitesi görüntü kalitesi harika 💖💖💖 kargo da çok özenli ve hızlıydı,genel,pozitif
Bayıldımm küçük hafif ses kalitesi görüntü kalitesi harika 💖💖💖 kargo da çok özenli ve hızlıydı,ses_goruntu,pozitif
Bayıldımm küçük hafif ses kalitesi görüntü kalitesi harika 💖💖💖 kargo da çok özenli ve hızlıydı,kargo,pozitif
Ürün gayet güzel ses kalitesi ve şarj durumu özellikle uygulamaları da gayet hızlı açıyor,genel,pozitif
Ürün gayet güzel ses kalitesi ve şarj durumu özellikle uygulamaları da gayet hızlı açıyor,ses_goruntu,pozitif
Ürün gayet güzel ses kalitesi ve şarj durumu özellikle uygulamaları da gayet hızlı açıyor,batarya,pozitif
çok memnunum,genel,pozitif
Gayet sağlam ve çabuk ulaştı elime. Çok memnunum,kalite,pozitif
Gayet sağlam ve çabuk ulaştı elime. Çok memnunum,kargo,pozitif
Gayet sağlam ve çabuk ulaştı elime. Çok memnunum,genel,pozitif
Ürün gayet iyi çok güzel geldi :),genel,pozitif
Ürün gayet iyi çok güzel geldi :),kargo,pozitif
Harika bir ürün çok tereddüt ederek almıştım. satıcı çok hızlı ve güzel paketlemişti...,genel,pozitif
Harika bir ürün çok tereddüt ederek almıştım. satıcı çok hızlı ve güzel paketlemişti...,kargo,pozitif
Harika bir ürün çok tereddüt ederek almıştım. satıcı çok hızlı ve güzel paketlemişti...,ambalaj,pozitif
üründen çok memnunum,genel,pozitif
Muazzam bir ürün trendyoldan en uygun fiyata aldım sorgulattım ürün orijinal bir sıkıntısı yok çok beğendim,genel,pozitif
Muazzam bir ürün trendyoldan en uygun fiyata aldım sorgulattım ürün orijinal bir sıkıntısı yok çok beğendim,fiyat,pozitif
Hızlı ve sorunsuz ulaştı,kargo,pozitif
aşığımmm bilgisayarıma inanılmaz rahat,genel,pozitif
"yanlış ürün gönderildi, şarj aleti de orjinal gibi durmuyor emin değilim...",genel,negatif
"yanlış ürün gönderildi, şarj aleti de orjinal gibi durmuyor emin değilim...",batarya,negatif
"yanlış ürün gönderildi, şarj aleti de orjinal gibi durmuyor emin değilim...",ambalaj,pozitif
Sadece internette gezmek için alacaksanız alın. Herhangi bir program yüklenemiyor...,genel,notr
hiç begenmedim çok yavas zaten açıp kurarken anlamalıydım sayı tuşları çalışmıyo...,genel,negatif
hiç begenmedim çok yavas zaten açıp kurarken anlamalıydım sayı tuşları çalışmıyo...,kalite,negatif
berbst kağnı,genel,negatif
arkadaşlar ürün bozuk geri gönderdim gene bana gönderdiler...,kalite,negatif
arkadaşlar ürün bozuk geri gönderdim gene bana gönderdiler...,genel,negatif
ürünü aldım ama işlemci düşük sadece ofis işleri için idare eder.,genel,notr
"google de sekmeler açtığınızda birden cok , hemen kasıyor...",genel,negatif
Kullanılmış bilgisayar gönderdiler bana başkası adına şifreli hemde...,genel,negatif
Hiçbir şekilde güvenli değil bu site indirimde aldığım ürün kargolandı ama iptal ettiler...,genel,negatif
"Açılmiş sonradan paketlenmiş bilgisayar gönderdiler, laptop'un üstünde çizik vardı...",ambalaj,negatif
"Açılmiş sonradan paketlenmiş bilgisayar gönderdiler, laptop'un üstünde çizik vardı...",kalite,negatif
kesinlikle uzak durun almayın aldırmayın aynı anda iki işlemi birden yapamıyorsunuz...,genel,negatif
EKRANDA ARADA BİR  DALGALANMALI PİKSELLEŞME VAR...,ses_goruntu,negatif
EKRANDA ARADA BİR  DALGALANMALI PİKSELLEŞME VAR...,genel,negatif
"Bana daha önce kullanılmış, kurulumu yapılmış ikinci el bilgisayar gönderdiler...",genel,negatif
ürünü satıyorlar ürün arızalandıktan sonra kesinlikle ilgi alaka sıfır...,genel,negatif
Arızalı ve kullanılmış geldi iade ettim...,kalite,negatif
Arızalı ve kullanılmış geldi iade ettim...,genel,negatif
Aldıktan 1 gün sonra 1000tl indirime girmesi canımı sıktı,fiyat,negatif
Windows 11 kurulu şekilde gelmedi ayrıca görüntü kalitesi ciddi anlamda kötü iade edeceğim,genel,negatif
Windows 11 kurulu şekilde gelmedi ayrıca görüntü kalitesi ciddi anlamda kötü iade edeceğim,ses_goruntu,negatif
bilgisayar çok aşırı yavaş. hiç bişey indirmememe  rağmen.,genel,negatif
Sayı tuşları basılı kalıyordu o yüzden iade...,kalite,negatif
Sayı tuşları basılı kalıyordu o yüzden iade...,fiyat,negatif
cihaz garantisi 7 ay önce başlamış,genel,negatif
yavaş çalışıyor nedenn,genel,negatif
Öğrenci indirimiyle aldım faturama 1111 yazmislar...,fiyat,pozitif
Öğrenci indirimiyle aldım faturama 1111 yazmislar...,genel,negatif
Anlayamadım dünden beri şarjda 1 gün kaldı nerdeyse ama şarjı açtığımda 95ti...,batarya,negatif
BÖYLE BİR REZİLLİK YOK 1 haftadır ürünü bekliyorum. kargoya verildi olarak gösterip vermediler...,kargo,negatif
Ekran goryntusu vozuldu,ses_goruntu,negatif
"Bu cihazı tavsiye etmiyorum  çok kötü, ram arttıramıyorsunuz ram ana karta sabit olduğu için büyük sorun...",genel,negatif
Çok yavaş hiç tavsiye etmiyorum bişey yapılmıyor,genel,negatif
Ofis kullanımı için aldık açılması 15 dk sürüyor...,genel,negatif
ürün arızalı çıktı,kalite,negatif
Çok yavaş çalışıyor keşke almasaydim,genel,negatif
"Ekranda kusur vardı, çizgiler vardı",ses_goruntu,negatif
Faturam yok,genel,negatif
Bilgisayar gerçekten cok donuyor iade edicem,genel,negatif
aldığım ürünün klavyesi çalışmıyor ve çok donuyor hiç beğenmedim tavsiye etmiyorum,kalite,negatif
aldığım ürünün klavyesi çalışmıyor ve çok donuyor hiç beğenmedim tavsiye etmiyorum,genel,negatif
128 gb hdd yok pcde sadece ssd takılı aşırı kasıyor...,genel,negatif
sakin almayın sürekli olarak güncelleme geliyor çok pişmanım...,genel,negatif
15 gündür bende ve aşırı kasıyor youtube dan bile video izleneceyecek kadar...,genel,negatif
"öncelikle şunu belirteyim, 5 para etmez .",genel,negatif
çok yavaş kesinlikle tavsiye etmiyorum,genel,negatif
yeni kurdum acayip yavaş ve kasıyor almanızı tavsiye etmem...,genel,negatif
faturam gönderilmedi,genel,negatif
Neden fatura iletmiyorsunuz...,genel,negatif
sıfır diye aldığım bilgisayar kullanılmış çıktı...,genel,negatif
Ürün yanlış geldi. Firma çok ilgisiz. 2 kere iade etmeme rağmen...,genel,negatif
kusurlu geldi,kalite,negatif
çok kötü çok kötü hiç tavsiye etmiyorum paranıza yazık,genel,negatif
çok kötü çok kötü hiç tavsiye etmiyorum paranıza yazık,fiyat,negatif
Çok kötü bi bilgisayar . O kadar yavaş ki youtube a zor giriyorum...,genel,negatif
Aşırı yavaş bir sayfadan başka bir sayfaya asla girmiyorsunuz sakın ama sakın almayın !,genel,negatif
ürün dün elime ulaştı ve kullanılmış murat bulut adına 2024 de dosyalar indirilmiş,genel,negatif
"rezil ettiniz beni bilgisayari iki aydır kullanıyorum. kasıyor, donuyor sürekli...",genel,negatif
Dün aldım Pc Windows 11 yüklü ve kasıyor! Herhangi bir uygulama bastığınızda rahat 10 sn bekliyorsunuz! Güzel şeyleri ise ekranı büyük ve klavyeleri güzel bu ka,genel,negatif
Dün aldım Pc Windows 11 yüklü ve kasıyor! Herhangi bir uygulama bastığınızda rahat 10 sn bekliyorsunuz! Güzel şeyleri ise ekranı büyük ve klavyeleri güzel bu ka,ses_goruntu,pozitif
Dün aldım Pc Windows 11 yüklü ve kasıyor! Herhangi bir uygulama bastığınızda rahat 10 sn bekliyorsunuz! Güzel şeyleri ise ekranı büyük ve klavyeleri güzel bu ka,kalite,pozitif
ders çalışırım diye aldım ama çok yeterli değil tavsiye etmem,genel,negatif
Ürün elime geçti ama iki gündür bilgisayarı açmakla uğraşıyorum. Sistem yüklü gelmedi onu geçtim bilgisayar ekranında sadece Lenovo yazısı var hiçbir şekilde aç,genel,negatif
Bilgisayarı kısa süreli aldım yani 1-1.5 yıl beni götürsün de yenilerim diye... Ama alalı bir hafta olmadı şu,genel,negatif
Yanlış şarj gönderilmiş beğenmedim,batarya,negatif
Yanlış şarj gönderilmiş beğenmedim,genel,negatif
aşırı yavaş ve sesi asiri az cikiyor ayrica sesde arada takılmalarda oluyor.,genel,negatif
aşırı yavaş ve sesi asiri az cikiyor ayrica sesde arada takılmalarda oluyor.,ses_goruntu,negatif
Çok donuyor 3 dkka da bir donma oluyor,genel,negatif
ürünün içine insan bir şarj aleti gonderiri cihaz elime ulaştı ama sarj aletini bulamıyoruz...,batarya,negatif
Bilgisayar güzel ama mause hediye denildi gelmedi,genel,pozitif
Bilgisayar güzel ama mause hediye denildi gelmedi,genel,negatif
sürekli donuyor yavaş çalışıyor.sistemi çok ağır çalışıyor,genel,negatif
çok yavaş çalışıyor açılması bir saat ama film ders dinlemek için güzel...,genel,negatif
çok yavaş çalışıyor açılması bir saat ama film ders dinlemek için güzel...,ses_goruntu,pozitif
çok yavaş tavsiye etmem,genel,negatif
Bi baskasini iadesini mi gonderdiler anlamadim bilgisayar acilmiyo,genel,negatif
çok beğenmedim geri iade edildi,genel,negatif
15 Kasım 2025 tarihinde teslim aldım fakat garanti 24 ay yerine 21 ay diyor... Firma telefonları açmıyor hoparlör cızı,genel,negatif
15 Kasım 2025 tarihinde teslim aldım fakat garanti 24 ay yerine 21 ay diyor... Firma telefonları açmıyor hoparlör cızı,ses_goruntu,negatif
Arkadaşlar hiçbişekilde bilgisayarın dilini Türkçeye çeviremedim,genel,notr
baya yavas.biraz daha verip daha hizli bisey alinirsa uzun yillar kullanilir.cozunurluk vs de kotu,genel,negatif
baya yavas.biraz daha verip daha hizli bisey alinirsa uzun yillar kullanilir.cozunurluk vs de kotu,ses_goruntu,negatif
Ürünü elime ulaştı çok güzel kargolama yapılmış lakin ekran karanlık bilgisayar açılıyor lakin ekran görüntüsü yok maalesef,kargo,pozitif
Ürünü elime ulaştı çok güzel kargolama yapılmış lakin ekran karanlık bilgisayar açılıyor lakin ekran görüntüsü yok maalesef,ses_goruntu,negatif
Ürün de çok donma var ve çok çabuk ısınıyor,genel,negatif
Ekran kalitesi zayıf ama kullanımı güzel . Açıkça fena değil ama istediğim performans yok.,ses_goruntu,negatif
Ekran kalitesi zayıf ama kullanımı güzel . Açıkça fena değil ama istediğim performans yok.,genel,pozitif
Ekran kalitesi zayıf ama kullanımı güzel . Açıkça fena değil ama istediğim performans yok.,genel,negatif
Çok yavaş ve düşündüğünüz gibi asla değil fp ürünü altında,genel,negatif
çok donuyor çok bssit,genel,negatif
Arkadaşlar bu kadar donması sizce normal mi ? İkinci el de benim mi haberim yok çok güzel bilgisayar ama çok donuyor bir saçmalık var,genel,negatif
Arkadaşlar bu kadar donması sizce normal mi ? İkinci el de benim mi haberim yok çok güzel bilgisayar ama çok donuyor bir saçmalık var,genel,pozitif
ürünü iade etmek durumunda kaldım. çoğu kişi iadede sorun yaşamış... ben ürünü beğenmedim asla kullanılabilir gibi değil.,genel,negatif
ki ürünü aldık aynı üründen ve aynı satıcıdan seri numarasına göre ve yetkili servis lenovo'ya göre ürün bozuk iade alındı...,kalite,negatif
ki ürünü aldık aynı üründen ve aynı satıcıdan seri numarasına göre ve yetkili servis lenovo'ya göre ürün bozuk iade alındı...,genel,negatif
Sesi çok az ekranı iyi değil pek beğenmedim maalesef,ses_goruntu,negatif
Sesi çok az ekranı iyi değil pek beğenmedim maalesef,genel,negatif
Sevmedim fiyatı pahalı,genel,negatif
Sevmedim fiyatı pahalı,fiyat,negatif
iyi değil tuhaf ses çıkıyor,genel,negatif
iyi değil tuhaf ses çıkıyor,ses_goruntu,negatif
güzel ürün okul vs işleri için uygundur.,genel,pozitif
Gayet güzel sesi kullanımı her şey çok şükür...,genel,pozitif
Gayet güzel sesi kullanımı her şey çok şükür...,ses_goruntu,pozitif
Hepsi cok iyi çok teşekkür ederim 🙏🏿,genel,pozitif
Ürün güzel sağlam geldi paketlemesi çok iyi kurulumu da kolay oldu sadece arada kasıyor ve biraz yavaş ama iş görür,genel,pozitif
Ürün güzel sağlam geldi paketlemesi çok iyi kurulumu da kolay oldu sadece arada kasıyor ve biraz yavaş ama iş görür,kargo,pozitif
Ürün güzel sağlam geldi paketlemesi çok iyi kurulumu da kolay oldu sadece arada kasıyor ve biraz yavaş ama iş görür,ambalaj,pozitif
Ürün güzel sağlam geldi paketlemesi çok iyi kurulumu da kolay oldu sadece arada kasıyor ve biraz yavaş ama iş görür,genel,negatif
Fiyat performans ürünü,fiyat,notr
fiyatına göre başarılı bir ürün,fiyat,pozitif
Bi öğrenci için uygun fiyat ve performans,fiyat,pozitif
ürün çok beğendim ..,genel,pozitif
bu fiyata cok bi performans beklemeyin tabii ama ders ve dizi icin super,fiyat,notr
bu fiyata cok bi performans beklemeyin tabii ama ders ve dizi icin super,genel,pozitif
Hızlı teslimat özenli kargolama ve ofis işleri için iyi yalnız bilgisayar çok yavaş,kargo,pozitif
Hızlı teslimat özenli kargolama ve ofis işleri için iyi yalnız bilgisayar çok yavaş,ambalaj,pozitif
Hızlı teslimat özenli kargolama ve ofis işleri için iyi yalnız bilgisayar çok yavaş,genel,pozitif
Hızlı teslimat özenli kargolama ve ofis işleri için iyi yalnız bilgisayar çok yavaş,genel,negatif
"4 gb ram idare eder, zaten sistem 3 gb da çalışıyor...",genel,notr
Yani f/p diyebilirim önce herhangi bir şeyi kurmak zorunda kalmıyorsunuz ama kurulumu ağır işledi...,genel,notr
ya bilgisayarım bozuldu acaba nerde tamir ettirebilirim,kalite,negatif
Kara cuma indirimlerinden aldım. Ucuz diye almıştım açıkçası... biraz pişmanım. Nerdeyse sürekli donuyor,fiyat,pozitif
Kara cuma indirimlerinden aldım. Ucuz diye almıştım açıkçası... biraz pişmanım. Nerdeyse sürekli donuyor,genel,negatif
acilen dönüş yaparmisiniz kargomuz geldi ama pin şifre var o ne acill,kargo,notr
acilen dönüş yaparmisiniz kargomuz geldi ama pin şifre var o ne acill,genel,negatif
Biraz yavaş ama idare eder,genel,notr
"şubat ayında aldım ,ilk başta güzeldi ama şu an donmaya başladı bile . çok kulanmıyorum da sadece arada okulla ilgili işlerde falan . :(",genel,negatif
Aldıktan sonra fiyat ucuzladı,fiyat,negatif
Herkese çanta hediye edildi neden bana çanta hediyesi yanında verilmedi...,genel,negatif
Ürün iyi güzel ama sanki biraz yavaş gibi yine de iş görür,genel,pozitif
Ürün iyi güzel ama sanki biraz yavaş gibi yine de iş görür,genel,negatif
işimi görür güzel,genel,pozitif
çok kadıyor bazen,genel,negatif
Biraz yavaş,genel,negatif
görünüşü boyutu falan bayağı iyi ancak hızıni hiç beğenmedim...,genel,pozitif
görünüşü boyutu falan bayağı iyi ancak hızıni hiç beğenmedim...,genel,negatif
Sağlam geldi ama görüntü kalitesini pek beğenemedim,kargo,pozitif
Sağlam geldi ama görüntü kalitesini pek beğenemedim,ses_goruntu,negatif
f/p biraz kasıyodu ama idare eder,genel,notr
Şarjı çabuk bitiyor onun dışında şimdlik güzel,batarya,negatif
Şarjı çabuk bitiyor onun dışında şimdlik güzel,genel,pozitif
şarj adaptörü yok lütfen şarj aletini bana tedarik edilmesini istiyorum,batarya,negatif
Sadece dizi film izleme amacıyla almıştım yavaş olduğunu düşünüyorum beklediğim performans yok,genel,negatif
"ürün çok yavaş, sorun nasil cözülür acaba",genel,negatif
ilk açılırken falan çok kasıyor geç açılıyor ama kullanılabilir,genel,negatif
pil ömrü zayıf ve çogu şey yüklenmiyor eba bile,batarya,negatif
pil ömrü zayıf ve çogu şey yüklenmiyor eba bile,genel,negatif
bir süre sonra çok donma yapıyor onun dışında iyi,genel,negatif
bir süre sonra çok donma yapıyor onun dışında iyi,genel,pozitif
Hoparlörde sıkıntı vardı geldiğinde. Çok kasıyor daha hiçbirşey yüklü olmamasına rağmen...,ses_goruntu,negatif
Hoparlörde sıkıntı vardı geldiğinde. Çok kasıyor daha hiçbirşey yüklü olmamasına rağmen...,genel,negatif
yavaş bir ürün. hızlı bir şey arıyorsanız bu değil.,genel,negatif
motoru çok çabuk ısınıyor soğutucu almanızı tavsiye ederim,genel,negatif
Markası ve uygun fiyat oluşu artısı. İnce bir laptop. Ama performans zayıf...,fiyat,pozitif
Markası ve uygun fiyat oluşu artısı. İnce bir laptop. Ama performans zayıf...,genel,pozitif
Markası ve uygun fiyat oluşu artısı. İnce bir laptop. Ama performans zayıf...,genel,negatif
Yavaş çalışıyor 😔,genel,negatif
bir keptop çantasıyla gönderilebilirdi. şimdilik kullanımı orta okul ödevleri vs küçük işler için yeterli...,genel,notr
Fiyatına göre fena değil gibi şimdilik,fiyat,notr
Youtubedan video izlerken bile kasıyor bazen memnun kalmadım ne beklediğinize bağlı.,genel,negatif
şarzi aşırı hızlı bitiyor ve kasma var yani degmez,batarya,negatif
şarzi aşırı hızlı bitiyor ve kasma var yani degmez,genel,negatif
İçinden şarj çıkmadı,batarya,negatif
Sürekli donup duruyor yorumlara bakarak almıştım ama beğenmedim hatta 2. El mi diye düşündüm,genel,negatif
İndirmek istediğim dosyalar inmiyor bilgisayar desteklemiyor diyor anlamadım yani,genel,negatif
Mouse yollanmamış hediye olarak yazıyor ama kargoda ürün yoktu,genel,negatif
biraz ağır daha şimdiden ve uykuya geçer kapanır dige beklerken sabaha kdr açık kalmış ısınmış,genel,negatif
yaa bilgsayarı sadece bir dil olarak kullana biliyoruz ayrica alala sadece beş gün oldu ve bi anda dondu...,genel,negatif
Fiyat performans ürünü kasıyor donuyor idare eder,genel,notr
donması şaşırtıyor güzel duruyor ama kullanışlı değil,genel,negatif
donması şaşırtıyor güzel duruyor ama kullanışlı değil,genel,pozitif
fiyat performans olarak gayet iyi tam öğrenci bilgisayari,fiyat,pozitif
fiyat performans olarak gayet iyi tam öğrenci bilgisayari,genel,pozitif
Kurulumunda ufak sorun yaşadım ama hallettim paketlemesi çok özenliydi gayet hızlı ben ders çalışmak için aldım...,ambalaj,pozitif
Kurulumunda ufak sorun yaşadım ama hallettim paketlemesi çok özenliydi gayet hızlı ben ders çalışmak için aldım...,genel,pozitif
yeğenim için aldık fiyatına göre süper,fiyat,pozitif
Sorunsuz geldi çok zarif ve çok şık okul ders için kesinlikle öneririm,kargo,pozitif
Sorunsuz geldi çok zarif ve çok şık okul ders için kesinlikle öneririm,genel,pozitif
bilgisayari bir iki aydır kullanıyorum problem yok fp memnunum,genel,pozitif
evliyiz mutluyuz huzurluyuz,genel,notr
Kardeşim için aldık paketlemesi güzeldi fiyat performans,ambalaj,pozitif
Kardeşim için aldık paketlemesi güzeldi fiyat performans,fiyat,notr
kardeşime aldım kullanıyor bence güzel memnun şimdilik,genel,pozitif
iyi bı sorunu yok 2 aydır kullanıyorum,genel,pozitif
Güzel kardeşim için aldık dersleri için,genel,pozitif
memnun kaldik,genel,pozitif
güzel uni için aldım yeterki,genel,pozitif
kurulumunda zorlandım dilini de henüz değiştiremedim ama basit işlevler için gayet yeterli,genel,pozitif
kurulumunda zorlandım dilini de henüz değiştiremedim ama basit işlevler için gayet yeterli,genel,negatif
cok iyi geldi saglam geldi paketlemesi iyiydi,kargo,pozitif
cok iyi geldi saglam geldi paketlemesi iyiydi,ambalaj,pozitif
tam bir fiyat performans ürünü,fiyat,notr
çok memnunum bu fiyata piyasadaki güzel ürünlerden biri.,genel,pozitif
çok memnunum bu fiyata piyasadaki güzel ürünlerden biri.,fiyat,pozitif
ürün çok güzel paketlenmiş çok zarif şık bir ürün kurulumu çok kolay oldu...,ambalaj,pozitif
ürün çok güzel paketlenmiş çok zarif şık bir ürün kurulumu çok kolay oldu...,genel,pozitif
bilgisayarım geldi aşırı özenli paketlenmişti ince ve kibar kurulum vs için halledildi biraz yavaş gibi ama fiyatına göre uygun,ambalaj,pozitif
bilgisayarım geldi aşırı özenli paketlenmişti ince ve kibar kurulum vs için halledildi biraz yavaş gibi ama fiyatına göre uygun,genel,pozitif
bilgisayarım geldi aşırı özenli paketlenmişti ince ve kibar kurulum vs için halledildi biraz yavaş gibi ama fiyatına göre uygun,genel,negatif
bilgisayarım geldi aşırı özenli paketlenmişti ince ve kibar kurulum vs için halledildi biraz yavaş gibi ama fiyatına göre uygun,fiyat,pozitif
İş görür güzel bi bilgisayar,genel,pozitif
Ögrencı kullanımına göre ideal bence,genel,notr
👍ders çalışmak için yeterli,genel,notr
genel olqrak güzel tavsiye ederim,genel,pozitif
sağlam kargo ve güzel paketleme kurulumlu geldi çok begendim sadece bir tık yavaş,kargo,pozitif
sağlam kargo ve güzel paketleme kurulumlu geldi çok begendim sadece bir tık yavaş,ambalaj,pozitif
sağlam kargo ve güzel paketleme kurulumlu geldi çok begendim sadece bir tık yavaş,genel,pozitif
sağlam kargo ve güzel paketleme kurulumlu geldi çok begendim sadece bir tık yavaş,genel,negatif
İş görüyor bişiler izlemek ve ofis işleri için uygun,genel,pozitif
"Kurulumu yeni yapıyorum,gayet güzel ve sağlam gözüküyor",kalite,pozitif
"Kurulumu yeni yapıyorum,gayet güzel ve sağlam gözüküyor",genel,pozitif
güzel cihaz kurlumu kolay oldu ancak biraz kasıyor ama iş görür,genel,pozitif
güzel cihaz kurlumu kolay oldu ancak biraz kasıyor ama iş görür,genel,negatif
fiyatına göre çok iyi,genel,pozitif
fiyatına göre çok iyi,fiyat,pozitif
hızlı ve işimi görüyo,genel,pozitif
Gayet kullanışlı alınabilir,genel,notr
babama aldik fiyat performans ürünü,fiyat,notr
Güzel bir bilgisayar,genel,pozitif
güzel ben 3aydır kullanıyorum sarjı hızlı doluyo film izlemek için kullanıyprum,genel,pozitif
güzel ben 3aydır kullanıyorum sarjı hızlı doluyo film izlemek için kullanıyprum,batarya,pozitif
fiyat performans ürünü,fiyat,notr
tam bir fiyat performans ürünü iş için aldım,fiyat,notr
"Çok ağır.. eski tip bir laptop, ev tipi.. iş görür",genel,notr
Basit işler için ideal. Ekrana bayıldım çerçeveler oldukça ince iş görür.,genel,notr
Basit işler için ideal. Ekrana bayıldım çerçeveler oldukça ince iş görür.,ses_goruntu,pozitif
Zarif bir bilgisayar iş görür,genel,notr
Biraz yavaş ama güzel beğendim,genel,negatif
Biraz yavaş ama güzel beğendim,genel,pozitif
Fiyatına göre kullanışlı bir ürün.,fiyat,notr
Fiyat performans çok bir şey beklemeyin günlük kullanım için ideal,fiyat,notr
cok iyi cok begendim,genel,pozitif
guzel ve kullanisli,genel,notr
oyun için olmasada dersler için yeterli bir bilgisayar,genel,notr
yani taksit ile aldım ama umarım birşey olmadan kullanırım.,genel,notr
Fiyat performans,fiyat,notr
fiyatına göre fena değil.,fiyat,pozitif
Hakkını veriyor.,genel,notr
ben beğendim güzel,genel,pozitif
çok kullanışlı ve hafif ben kpss için aldım işimi görüyor şuanlık...,genel,notr
iyi güzel kullanışlı,genel,pozitif
Tek kelime ile harikaa çok güzeldi çok beğendim almanızı tavsiye ederim,genel,pozitif
cidden mükemmel bir ürün bayıldım tavsiye ediyorum şiddetle,genel,pozitif
Ürün elime ulaştı paketleme gerçekten çok mükemmeldi cihazı kurdum...,kargo,pozitif
Ürün elime ulaştı paketleme gerçekten çok mükemmeldi cihazı kurdum...,ambalaj,pozitif
Bilgisayarım sorunsuz geldi üç gün içerisinde elime ulaştı çok memnun kaldım teşekkür ederimmm,kargo,pozitif
Bilgisayarım sorunsuz geldi üç gün içerisinde elime ulaştı çok memnun kaldım teşekkür ederimmm,genel,pozitif
Ofis için aldım gayet hızlı kurulumu kolay...,genel,pozitif
Kızıma aldım çok beğendi Üniversite için kullanıyor.Çok memnun .Görüntü olarakta hafif ve güzel,genel,pozitif
çok beğendim hızlıca elime ulaştı ben ders için aldım güvenerek isteyebilirsiniz,genel,pozitif
çok beğendim hızlıca elime ulaştı ben ders için aldım güvenerek isteyebilirsiniz,kargo,pozitif
Herşey istediğim gibi Bu sefer kargo sarıtu ürün herşey mükemmel...,kargo,pozitif
Herşey istediğim gibi Bu sefer kargo sarıtu ürün herşey mükemmel...,fiyat,pozitif
sağlam geldi şarz iyi bulutut bağlantı var...,kargo,pozitif
sağlam geldi şarz iyi bulutut bağlantı var...,batarya,pozitif
sağlam geldi şarz iyi bulutut bağlantı var...,kalite,pozitif
Tam istediğim boyutta ve hafiflikte lenovo bence çok iyi bir marka...,genel,pozitif
Ürünü çok beğendim . Sorunsuz bir şekilde elime ulaştı...,genel,pozitif
Ürünü çok beğendim . Sorunsuz bir şekilde elime ulaştı...,kargo,pozitif
Ben erkek arkaşıma hediye aldım Baya sağlam güzel paketlenmiş...,kalite,pozitif
Ben erkek arkaşıma hediye aldım Baya sağlam güzel paketlenmiş...,ambalaj,pozitif
Gerçekten tereddüt ederek aldım iyikide almışım... ses kalitesi görüntü kalitesi mükemmel,genel,pozitif
Gerçekten tereddüt ederek aldım iyikide almışım... ses kalitesi görüntü kalitesi mükemmel,ses_goruntu,pozitif
valla paketleme on numara sağ saglim geldi baya şik ve güzel...,ambalaj,pozitif
valla paketleme on numara sağ saglim geldi baya şik ve güzel...,kargo,pozitif
valla paketleme on numara sağ saglim geldi baya şik ve güzel...,genel,pozitif
simdilik memnunum sorunsuz açıldı kuruluma gerek yok,genel,pozitif
Ben çok beğendim almak isteyip tereddütte kalan arkadaşlarıma kesinlikle tavsiye ediyorum,genel,pozitif
gayet güzel kurulumunu yaptım ince zarif...,genel,pozitif
iyiki almışım gerçekten çok iyi. paketleme normaldi ürün baya güzel iş görür...,genel,pozitif
iyiki almışım gerçekten çok iyi. paketleme normaldi ürün baya güzel iş görür...,ambalaj,notr
çok çok iyi ben ders için aldım asla donma yapmıyor,genel,pozitif
5 sınıf oğlum için aldık. Memnunuz,genel,notr
ürün son derece güzel kurulumu oldukça kolay kendiniz rahatlıkla yapabilirsiniz ses ve görüntü kalitesi de gayet güzel,genel,pozitif
ürün son derece güzel kurulumu oldukça kolay kendiniz rahatlıkla yapabilirsiniz ses ve görüntü kalitesi de gayet güzel,ses_goruntu,pozitif
Ürün u kızıma aldim çok begendi teşekkür ederim,genel,pozitif
Ürün beklediğimden çok daha güzel geldi paketlemesi de çok iyiydi fiyatı da şimdiki bilgisayarlara göre çok uygun...,genel,pozitif
Ürün beklediğimden çok daha güzel geldi paketlemesi de çok iyiydi fiyatı da şimdiki bilgisayarlara göre çok uygun...,ambalaj,pozitif
Ürün beklediğimden çok daha güzel geldi paketlemesi de çok iyiydi fiyatı da şimdiki bilgisayarlara göre çok uygun...,fiyat,pozitif
ürün 10 numara 5 yıldiz efsanee tam benim aradigimm,genel,pozitif
"tereddütlerım vardı akşam, sıparıs, verdım sabahında geldı kızım ıcın...",kargo,pozitif
"tereddütlerım vardı akşam, sıparıs, verdım sabahında geldı kızım ıcın...",genel,pozitif
teşekkür ederim gayet memnunum çok beğendim,genel,pozitif
"oğluma aldık. çok memnun, çok kullanışlı. ev kullanıcısı için harika. hızlı teslimat için teşekkürler.",genel,pozitif
"oğluma aldık. çok memnun, çok kullanışlı. ev kullanıcısı için harika. hızlı teslimat için teşekkürler.",kargo,pozitif
leptop çok güzel hızlı geldi teşekkür ederim,genel,pozitif
leptop çok güzel hızlı geldi teşekkür ederim,kargo,pozitif
Bir aydan az bir süredir kullanıyorum. Üniversite ve ofis işleri almıştım. Şimdilik her şey güzel,genel,pozitif
Güzel ürün ben ders çalışmak için almıştım işimi görüyor,genel,pozitif
kardeşime aldım çok güzel...,genel,pozitif
harika teşekkür ederim herşey için iyiki varsınız,genel,pozitif
ben beğendim sadece YouTube ve PDFlerim için kısacası kpss çalışacaktım...,genel,pozitif
beklediğimden de iyi çıktı satıcı çok ilgi teşekkürler,genel,pozitif
Öğrenci için almıştım çok süper,genel,pozitif
Öncelikle firmaya teşekkür ederim 1 günde Elime ulaştı Alıcak olan arkadaşlara tavsiye ederim...,kargo,pozitif
Öncelikle firmaya teşekkür ederim 1 günde Elime ulaştı Alıcak olan arkadaşlara tavsiye ederim...,genel,pozitif
çok beğendim fiyat olarak da çok uygun,genel,pozitif
çok beğendim fiyat olarak da çok uygun,fiyat,pozitif
Kızım için aldım çok beğendi teşekkürler,genel,pozitif
Ürünü alırken başlarda tereddüt etmiştim alsam mı almasam mı diye kararsız kalmıştım. Laptop kurulumu kendisi yapıyor Şarjı dayanaklı Paketleme kusursuz yapılmı,genel,notr
Ürünü alırken başlarda tereddüt etmiştim alsam mı almasam mı diye kararsız kalmıştım. Laptop kurulumu kendisi yapıyor Şarjı dayanaklı Paketleme kusursuz yapılmı,batarya,pozitif
Ürünü alırken başlarda tereddüt etmiştim alsam mı almasam mı diye kararsız kalmıştım. Laptop kurulumu kendisi yapıyor Şarjı dayanaklı Paketleme kusursuz yapılmı,ambalaj,pozitif
hemşirelik öğrencisiyim ben memnunum kullanışı rahat gayet iyi .,genel,pozitif
kuzenim üniversite için almıştı çok memnun kalınca bana da tavsiye etti...,genel,pozitif
Kuzenim almıştı bende ondan görüp aldım çok hafif ince ve fiyatına göre iyi bir ürün...,genel,pozitif
Kuzenim almıştı bende ondan görüp aldım çok hafif ince ve fiyatına göre iyi bir ürün...,fiyat,pozitif
Ürün elime ulaştı paketleme çok özenliydi tavsiye ederim...,kargo,pozitif
Ürün elime ulaştı paketleme çok özenliydi tavsiye ederim...,ambalaj,pozitif
gerçekten müthiş bir ürün. öğrenciyim ve işimi görüyor şarjı çok uzun süre gidiyor ses kalitesi beklediğimden de iyi bayıldımmm...,genel,pozitif
gerçekten müthiş bir ürün. öğrenciyim ve işimi görüyor şarjı çok uzun süre gidiyor ses kalitesi beklediğimden de iyi bayıldımmm...,batarya,pozitif
gerçekten müthiş bir ürün. öğrenciyim ve işimi görüyor şarjı çok uzun süre gidiyor ses kalitesi beklediğimden de iyi bayıldımmm...,ses_goruntu,pozitif
Beklediğimden daha iyi eski Laptopda benim aynı markaydı bozulunca acil laptop ihtiyacım oldu...,genel,pozitif
çok beğendim gayet güzel ve hızlı geldi,genel,pozitif
çok beğendim gayet güzel ve hızlı geldi,kargo,pozitif
çok güzel bir ürün iyi paketlenmisti hızlı kargo,genel,pozitif
çok güzel bir ürün iyi paketlenmisti hızlı kargo,ambalaj,pozitif
çok güzel bir ürün iyi paketlenmisti hızlı kargo,kargo,pozitif
ben bilgisayarı beğendim tam bir fiyat performans ürünü çok şık ince duruyor ve kolay taşınabiliyor,genel,pozitif
ben bilgisayarı beğendim tam bir fiyat performans ürünü çok şık ince duruyor ve kolay taşınabiliyor,fiyat,notr
Mayis ayında aldim 5380 e memnunum günlük işleri yapıyorum...,fiyat,pozitif
Mayis ayında aldim 5380 e memnunum günlük işleri yapıyorum...,genel,pozitif
ürün guzel bir şekilde paketlenmiş ve sağlam elimize geçti...,ambalaj,pozitif
ürün guzel bir şekilde paketlenmiş ve sağlam elimize geçti...,kargo,pozitif
ürün guzel bir şekilde paketlenmiş ve sağlam elimize geçti...,genel,pozitif
Gerçekten laptop mükemmel paketleme harikaydı,genel,pozitif
Gerçekten laptop mükemmel paketleme harikaydı,ambalaj,pozitif
tavsiye ederim bilgisayar çok güzel çalışıyor maşallah,genel,pozitif
Beklediğim den çok daha güzel geldi hiç bir hasar yoktu bilgisayar asla kasmıyor...,genel,pozitif
kızıma üniversitesi için aldım çok uygun fiyata ve umduğumuz dan daha iyi çıktı...,fiyat,pozitif
kızıma üniversitesi için aldım çok uygun fiyata ve umduğumuz dan daha iyi çıktı...,genel,pozitif
ürün iyi paketleme güzeldi severek kullanıyorum,genel,pozitif
ürün iyi paketleme güzeldi severek kullanıyorum,ambalaj,pozitif
Ürün sapa sağlam geldi bir gün sonra kargo teslim edildi . İş yerim için aldım...,kargo,pozitif
Ürün sapa sağlam geldi bir gün sonra kargo teslim edildi . İş yerim için aldım...,kalite,pozitif
gayet iyi kurulumu basit gayet hızlı sıfır kutusunda geliyor...,genel,pozitif
çok güzel şık ve kullanışlı tavsiye ederim almak isteyen alsin bende okul için aldım tavsiye ederim,genel,pozitif
sorunsuz geldi paketleme sağlam yapılmıştı satıcıya teşekkürler...,kargo,pozitif
sorunsuz geldi paketleme sağlam yapılmıştı satıcıya teşekkürler...,ambalaj,pozitif
Çantamla çok güzel kombin oldu,genel,pozitif
efsane işimi rahatlıkla görür öğrenciler için tavsiye ederim,genel,pozitif
Çok güzel sağlam geldi 11 inde şipariş verdim ayın 12 si geldi...,kargo,pozitif
Çok güzel sağlam geldi 11 inde şipariş verdim ayın 12 si geldi...,kalite,pozitif
Ürün gayet sağlam kurulum kolay paketleme gayet iyiydi...,kalite,pozitif
Ürün gayet sağlam kurulum kolay paketleme gayet iyiydi...,ambalaj,pozitif
Ürün gayet sağlam kurulum kolay paketleme gayet iyiydi...,genel,pozitif
online eğitim için aldım çok kullanışlı şık bı laptop,genel,pozitif
Gerçekten bayıldım özellikle de hemen yorum yapmak istemedim tam bir ay oldu kullanalı...,genel,pozitif
Yaklaşık 3 4 aydır kullanıyorum kesinlikle hiç bir sorun yaşamadım...,genel,pozitif
Kurulumu kendim yaptım çok güzel zarif bir bilgisayar beğendim kargo da sağlam geldi,genel,pozitif
Kurulumu kendim yaptım çok güzel zarif bir bilgisayar beğendim kargo da sağlam geldi,kargo,pozitif
Hasarsız geldi paketleme çok iyiydi teşekkür ederim,kargo,pozitif
Hasarsız geldi paketleme çok iyiydi teşekkür ederim,ambalaj,pozitif
aslında 2 tane sipariş verecektim ama bı sorun yaşamaktan korktum... Ürün çok güzel hızlı kargolama da güzel,genel,pozitif
aslında 2 tane sipariş verecektim ama bı sorun yaşamaktan korktum... Ürün çok güzel hızlı kargolama da güzel,kargo,pozitif
ürün güzel satışı çok güzel paketlemiş göndermişti...,genel,pozitif
ürün güzel satışı çok güzel paketlemiş göndermişti...,ambalaj,pozitif
6 aydır kullanıyorum çok memnunum f/p ürünü,genel,pozitif
6 aydır kullanıyorum çok memnunum f/p ürünü,fiyat,notr
öncelikle satıcı ürünü çok kısa süre içerisinde kargoladı ve elime ulaştı. bilgisayar tam bir öğrenci bilgisayarı alalı birkaç hafta oldu oyun vs indirince yava,kargo,pozitif
öncelikle satıcı ürünü çok kısa süre içerisinde kargoladı ve elime ulaştı. bilgisayar tam bir öğrenci bilgisayarı alalı birkaç hafta oldu oyun vs indirince yava,genel,pozitif
öncelikle satıcı ürünü çok kısa süre içerisinde kargoladı ve elime ulaştı. bilgisayar tam bir öğrenci bilgisayarı alalı birkaç hafta oldu oyun vs indirince yava,genel,negatif
siz ne biçim satıcısınız bozuk ürünü bana kakaladınız 2 günde bozuldu ürün açıldı diye kabul etmiyorsunuz böyle saçmalık mı olur yazıklar olsun,kalite,negatif
siz ne biçim satıcısınız bozuk ürünü bana kakaladınız 2 günde bozuldu ürün açıldı diye kabul etmiyorsunuz böyle saçmalık mı olur yazıklar olsun,genel,negatif
Kesinlikle tavsiye etmiyorum satıcıya sorup almıştım. Fakat daha alalı 1 hafta olmadan güncelleme alırken donup kaldı. Garantiye gönderdim içerisine herhangi bi,genel,negatif
Youtubeye girmek 15 dk sürüyor tavsiye etmiyorum,genel,negatif
"paranızı çöp etmeyin kesinlikle almayın daha alalı bir ay olmadı kendi kendine ses gidiyor geri gelmiyor, film izlerken donuyor ekran, sarji 5 dakikada bitiyor",ses_goruntu,negatif
"paranızı çöp etmeyin kesinlikle almayın daha alalı bir ay olmadı kendi kendine ses gidiyor geri gelmiyor, film izlerken donuyor ekran, sarji 5 dakikada bitiyor",genel,negatif
"paranızı çöp etmeyin kesinlikle almayın daha alalı bir ay olmadı kendi kendine ses gidiyor geri gelmiyor, film izlerken donuyor ekran, sarji 5 dakikada bitiyor",batarya,negatif
hayatımda gördüğüm en kötü bilgisayar olabilir iade etsem şu dakikada iade edebilirdim bilgisayarı açıyorum Bir saat sonra bekliyorum ki açılsın ben hayatta bu,genel,negatif
kargom kayıp 😒,kargo,negatif
çok yavaş maalesef iade,genel,negatif
ürünün birkaç yerinde çizik ses sistemi çok kötü,kalite,negatif
ürünün birkaç yerinde çizik ses sistemi çok kötü,ses_goruntu,negatif
Aşırı derece de yavaş ve donma yapıyor Google dahi giremiyor daha önce hiç böyle bir laptop görmedim. İade ediyorum.,genel,negatif
Ürün kendi kendine kasıp dönüyor açılmıyor bazen tema vs tıkanıyor..,genel,negatif
ben ürünü iade ettim ucretimi talep ediyorum,genel,negatif
Ürün 6 ay içinde kullanılmaz hale geldi servis 16 bin tl istedi garantili olmasıda  bir işe taramıyor bu konuda ne yapabilirsiniz,kalite,negatif
Ürün 6 ay içinde kullanılmaz hale geldi servis 16 bin tl istedi garantili olmasıda  bir işe taramıyor bu konuda ne yapabilirsiniz,genel,negatif
kamerası çalışmıyo internet çok kasıyor ayrıca çok yavaş hiç beğenmedim iade ettim,kalite,negatif
kamerası çalışmıyo internet çok kasıyor ayrıca çok yavaş hiç beğenmedim iade ettim,genel,negatif
abi bu ne ya 5 para etmez bu ürün. Yazık değil mi bize. zaten bir hafta da ancak geldi. çıka çıka tam bir hayal kırıklığı çıktı.  en az 3 saat sürdü yüklenip aç,genel,negatif
abi bu ne ya 5 para etmez bu ürün. Yazık değil mi bize. zaten bir hafta da ancak geldi. çıka çıka tam bir hayal kırıklığı çıktı.  en az 3 saat sürdü yüklenip aç,kargo,negatif
ürün ü iade etmek istiyorum az önce iletişim numarası istedim reddedildi param çöpe gitti tüketici haklarına şikayette bulunacam.,genel,negatif
Hard disk olanı almıştım fakat bana ssd olmayanı gönderilmiş bir türlü kurulum yapamadık iade ettim Casper kalitesi diye düşünmüştüm rezil olduk paramızla,genel,negatif
Hard disk olanı almıştım fakat bana ssd olmayanı gönderilmiş bir türlü kurulum yapamadık iade ettim Casper kalitesi diye düşünmüştüm rezil olduk paramızla,kalite,negatif
Güncellenemedi kaç saattir açılamadı,genel,negatif
Ekran ikinci kullanımda gitti. Resmen depoda durmuş bozuk ürünü satmışsınız. Şikayet edeceğim.,ses_goruntu,negatif
Ekran ikinci kullanımda gitti. Resmen depoda durmuş bozuk ürünü satmışsınız. Şikayet edeceğim.,kalite,negatif
15 kasımda sizden aldım leptop bilgisayar kılavye yazıyı çok geç yazıyor neyden olabilir nasıl yapabilirim acilen dönüş yapsanız,kalite,negatif
15 kasımda sizden aldım leptop bilgisayar kılavye yazıyı çok geç yazıyor neyden olabilir nasıl yapabilirim acilen dönüş yapsanız,genel,negatif
Çok kötü yavaş,genel,negatif
"Çok kötü daha 1 ayı bitmeden kasmaya başladı, bilgisayardan ses gelmiyor ALMAYIN aldırtmayın!!!!!  çok kötü aldığıma çok pişmanım",genel,negatif
"Çok kötü daha 1 ayı bitmeden kasmaya başladı, bilgisayardan ses gelmiyor ALMAYIN aldırtmayın!!!!!  çok kötü aldığıma çok pişmanım",ses_goruntu,negatif
Almayın aldırmayın bir youtubeye girmek için yarım saate açılmasını bekledim aşırı donuyor daha sabah geldi bilgisayar yeni açtım. Fiyatı uygun diyecekseniz dem,genel,negatif
Almayın aldırmayın bir youtubeye girmek için yarım saate açılmasını bekledim aşırı donuyor daha sabah geldi bilgisayar yeni açtım. Fiyatı uygun diyecekseniz dem,fiyat,pozitif
Almayın aldırmayın bir youtubeye girmek için yarım saate açılmasını bekledim aşırı donuyor daha sabah geldi bilgisayar yeni açtım. Fiyatı uygun diyecekseniz dem,kargo,pozitif
aşşırı yavaş. daha yeni olmasına rağmen böyleyse ileride nasıl olur bilemiyorum. basit işler için almama rağmen onları dahi tin tin anca yapıyor. iadeye gönderd,genel,negatif
Güncellenmiyor,genel,notr
keşke almadaydim  ya saçma sapan hiç bir özelliği olmayan ağır çalışan bir bilgisayar tavsiye etmiyorum. ve aşırı hızlı bitiyor şarji dandik bir bilgisayar 👎,genel,negatif
keşke almadaydim  ya saçma sapan hiç bir özelliği olmayan ağır çalışan bir bilgisayar tavsiye etmiyorum. ve aşırı hızlı bitiyor şarji dandik bir bilgisayar 👎,batarya,negatif
Kesinlikle tavsiye etmiyorum bilgisayarı kurarken hafıza doldu şarjdayken olan şarjıda bitti şuan garantiye gitti ürün şarj 5 dkka bile dayanmıyor,genel,negatif
Kesinlikle tavsiye etmiyorum bilgisayarı kurarken hafıza doldu şarjdayken olan şarjıda bitti şuan garantiye gitti ürün şarj 5 dkka bile dayanmıyor,batarya,negatif
beğenmedim maalesef çok yavaş,genel,negatif
Aşırı donuyor iade ettim kabul etmediler. Açılan kullanılan ürün iade alınmıyormuş. Ben bunu kullanmadan yavaş olup olmadığını nereden bileceğim. Tek yaptığım t,genel,negatif
bozuk bilgisayar Gönderdiler.Sıfır bilgisayar açılmıyor 4 saat oldu halâ güncelleştirme devam ediyor diyor.Sıfır bilgisayar bu nasıl olabilir .değişim istedik y,kalite,negatif
bozuk bilgisayar Gönderdiler.Sıfır bilgisayar açılmıyor 4 saat oldu halâ güncelleştirme devam ediyor diyor.Sıfır bilgisayar bu nasıl olabilir .değişim istedik y,genel,negatif
Cok yavas donuyor,genel,negatif
malesef böyle rezil bir şey görmedim 3 saattir ugrasiyoruz bi oturum acmadi bi İnternet bağlantısı yok diyip duruyor yorumlara da baktım malesef kronik sorunu b,genel,negatif
Çöpün çöpü 5 para etmez,genel,negatif
valla sesi gidiyor soyleyim,ses_goruntu,negatif
ya daha bugün aldım ama PlayStore inmiyor hiçbir şey inmiyor ne yapacağımı bilmiyorum yaa iade edilirse iade edeceğim,genel,negatif
daha çok yeni olduğu için performansına dair yorum yapamıyorum. ısınma sorunu yaşamadık paket kargo çok iyiydi hasarsızca geldi. ben Word vb. Office programları,genel,notr
daha çok yeni olduğu için performansına dair yorum yapamıyorum. ısınma sorunu yaşamadık paket kargo çok iyiydi hasarsızca geldi. ben Word vb. Office programları,kargo,pozitif
daha çok yeni olduğu için performansına dair yorum yapamıyorum. ısınma sorunu yaşamadık paket kargo çok iyiydi hasarsızca geldi. ben Word vb. Office programları,ambalaj,pozitif
Dünyanın en kötü bilgisayarı kasma donma ne ararsan var,genel,negatif
Ürün istediğim ses kalitesinde olmadığı için iademi kabul etmediler tredyol beni aradı kendileri de değil alıcak olan kişiler biraz daha para verip kaliteli ola,ses_goruntu,negatif
Ürün istediğim ses kalitesinde olmadığı için iademi kabul etmediler tredyol beni aradı kendileri de değil alıcak olan kişiler biraz daha para verip kaliteli ola,genel,negatif
Çok yavaştı. Memnun kalmadık 1 hafta kullandık servislik oldu. Sonra başkasına satmak zorunda kaldık.,genel,negatif
1 yıldız bile hak etmiyor mecburiyetten onu da verdim hayatım da aldığım en dandik en kötü ürün ürünün kusurlu olmasına rağmen iade veya değişim almadılar yazık,genel,negatif
kızıma aldım çok kötü sürekli serviste ve dihim yapmıyorlar sarzi takılıyken bile kapaniuor,genel,negatif
kızıma aldım çok kötü sürekli serviste ve dihim yapmıyorlar sarzi takılıyken bile kapaniuor,batarya,negatif
bilgisayar hatalı çıktı kamera ve bulutut  hata veriyor sesi çok az ve kurulum yaptıktan sonra sürekli güncelleme yapıyor cihaz çok yavaş iade kodu oluşturdum d,kalite,negatif
bilgisayar hatalı çıktı kamera ve bulutut  hata veriyor sesi çok az ve kurulum yaptıktan sonra sürekli güncelleme yapıyor cihaz çok yavaş iade kodu oluşturdum d,ses_goruntu,negatif
bilgisayar hatalı çıktı kamera ve bulutut  hata veriyor sesi çok az ve kurulum yaptıktan sonra sürekli güncelleme yapıyor cihaz çok yavaş iade kodu oluşturdum d,genel,negatif
Ürünü alalı 1 ay bile olmadan bozuldu ekran kapandı açılmıyo garanti kağıdı kayboldu gönderemedim elimde öyle kaldı ne yapmam gerekiyo garanti servisine faturay,kalite,negatif
Ürünü alalı 1 ay bile olmadan bozuldu ekran kapandı açılmıyo garanti kağıdı kayboldu gönderemedim elimde öyle kaldı ne yapmam gerekiyo garanti servisine faturay,ses_goruntu,negatif
Bir kaç gün önce elime ulaştı bugün kullanmak için açtım çok basit programlar yükledim googlechrome ve capcut bunları bile kaldırmadı o kadar yavaşki laptopu ka,genel,negatif
5 para etmez ürün bugün teslim aldım şarjdan çıkardığın anda laptop batarya boş diyip kapanıyor bulaşmayın,batarya,negatif
5 para etmez ürün bugün teslim aldım şarjdan çıkardığın anda laptop batarya boş diyip kapanıyor bulaşmayın,genel,negatif
Ocak ayında aldım 1 aydır kullanıyordum ki 15 gündür sürekli kapanıyor ve canı istediği zaman açılıyor malesef ki ucuz etin yahnisi yenmiyor !,genel,negatif
ses sıkıntısı var,ses_goruntu,negatif
Ben ilk defa aldım ve çok pişmanım çalıştığım için ilk kullanmadım ve fark etmedim ama çok yavaş çalışıyor ve sürekli bir sayfada takılıp kalıyor kullanışını hi,genel,negatif
bilgisayar sürekli kendi kendine kapanıyor,genel,negatif
sakın yanılıp almayın pişmanlık gidin iyi birşey alın tablet vs alın ama bu asla hem yavaş hem kendi kendine kapanıyor pişman olursunuz elimden cıkarmaya calısı,genel,negatif
ürününüz halen donuyor nasıl gönderebilirim işlem yapılmıyor,genel,negatif
cok kasıyor 5 ay oldu alalı cidden hiç bişeyde yuklu degil,genel,negatif
ürün kargo hızı mükemmel onun dışında aşırı donuyor kurulumu daha yapamadım...,kargo,pozitif
ürün kargo hızı mükemmel onun dışında aşırı donuyor kurulumu daha yapamadım...,genel,negatif
Çok kasıyor Öyle böyle değil yani 65 yaşın üzeri için alacaksanız efsane  ele geçmez,genel,negatif
Nasıl bir bilgisayar anlamadım. Alalı 1 hafta olmadı 3-4 gündür donuyor sistemi yavaş. Bu paraya demekki bu ürün. 9250 aldım indirimle. Keşke başka marka baksay,genel,negatif
uygun diye almıştım ilk açtığımda ekran karıncalandı bekledim defalarca başa sardı asla açmadı. sizi bilmem ama bu tür şeyleri gidip mağazadan almak daha iyi.,fiyat,pozitif
uygun diye almıştım ilk açtığımda ekran karıncalandı bekledim defalarca başa sardı asla açmadı. sizi bilmem ama bu tür şeyleri gidip mağazadan almak daha iyi.,ses_goruntu,negatif
uygun diye almıştım ilk açtığımda ekran karıncalandı bekledim defalarca başa sardı asla açmadı. sizi bilmem ama bu tür şeyleri gidip mağazadan almak daha iyi.,genel,negatif
çok kasıyor kızım için almıştım hiç beğenmedim,genel,negatif
şarjı 3 4 saat falan dayanıyor birazda yavaş doluyor uzun süreçte pek iyi olmaz  2 3 sekme açıkken bile çok kasıyor fiyatında altında bir performans malesef,batarya,negatif
şarjı 3 4 saat falan dayanıyor birazda yavaş doluyor uzun süreçte pek iyi olmaz  2 3 sekme açıkken bile çok kasıyor fiyatında altında bir performans malesef,genel,negatif
Çok yavaş kesinlikle almanızı tavsiye etmiyorum,genel,negatif
Aşırı yavaş ya,genel,negatif
Çok yavaş bazen donuyor,genel,negatif
Bi süredir kullanılıyorum ama donuyor ekranı çok geç açılıyor,genel,negatif
Çok kasıyor youtube falan zor kullanıyorum,genel,negatif
Gerçek güzel ve kullanışlı ben yks ye hazırlandığım için almıştım beğendim teşekkür ederim,genel,pozitif
Normal bir süre sonra kullanamıyor kizim çok donyor yavaş çalişyır,genel,negatif
Aldıktan 3 ay sonra sesi çıkmamaya başladı ara ara kasmaya başladı,ses_goruntu,negatif
Aldıktan 3 ay sonra sesi çıkmamaya başladı ara ara kasmaya başladı,genel,negatif
ürün güzeldi ama benim işimi tam olarak görmediği için iade etmek zorunda kaldım,genel,pozitif
ürün güzeldi ama benim işimi tam olarak görmediği için iade etmek zorunda kaldım,genel,negatif
hızlı geldi fiyat performans ürünü 1 haftadır kullanıyorum ağır iş kaldırcak bir pc değil office uygulamaları için ideal youtube dan video izlerkende can sıkıcı,kargo,pozitif
hızlı geldi fiyat performans ürünü 1 haftadır kullanıyorum ağır iş kaldırcak bir pc değil office uygulamaları için ideal youtube dan video izlerkende can sıkıcı,fiyat,notr
hızlı geldi fiyat performans ürünü 1 haftadır kullanıyorum ağır iş kaldırcak bir pc değil office uygulamaları için ideal youtube dan video izlerkende can sıkıcı,genel,pozitif
hızlı geldi fiyat performans ürünü 1 haftadır kullanıyorum ağır iş kaldırcak bir pc değil office uygulamaları için ideal youtube dan video izlerkende can sıkıcı,genel,negatif
sürekli kasma yapıyor dönüyor yavaş yavaş çalışıyor bunu nasıl düzeltebilirim,genel,negatif
Fiyat performans ürünü sadece ders için aldım biraz yavaş kamera açılmıyor diyenler de olmuş...,fiyat,notr
Fiyat performans ürünü sadece ders için aldım biraz yavaş kamera açılmıyor diyenler de olmuş...,genel,negatif
bilgisayar yavas cok hizli bsy beklemeyin,genel,negatif
Kameram calısmıyor,kalite,negatif
Çok yavaş çalışıyor idare edicm artık,genel,negatif
Ürün Orta Seviye Bir Bilgisayar İş Görür,genel,notr
yavaş çalışıyor ama fp ürünü,genel,negatif
yavaş çalışıyor ama fp ürünü,fiyat,notr
Hala kurulmadı bekliyorum ekran gidiyo en baştan tekrar %0 oluyor anlamadım .,ses_goruntu,negatif
Hala kurulmadı bekliyorum ekran gidiyo en baştan tekrar %0 oluyor anlamadım .,genel,negatif
idare eder dileyelim ram4 olunca kasıyor bazen,genel,notr
fena değil kullanışlı fp ürünü,genel,pozitif
fena değil kullanışlı fp ürünü,fiyat,notr
bu ekranda kaldı ne ileri gidiyor ne geri napicam,genel,negatif
Ürün güzel kargolanmıştı fakat bataryası ölü geldi. Bunları kontrol etmeden gönderiyorsunuz sonra insanlar uğraşıyor sizin emeğinizede alan kişiyede yazık.,ambalaj,pozitif
Ürün güzel kargolanmıştı fakat bataryası ölü geldi. Bunları kontrol etmeden gönderiyorsunuz sonra insanlar uğraşıyor sizin emeğinizede alan kişiyede yazık.,batarya,negatif
aldıktan iki ay sonra daha doğru düzgün kullanmama rağmen şarji hiç dolmuyor prizden çıkardığım an kapanıyor hep 0 gösteriyor,batarya,negatif
malesefki çok ağır,genel,negatif
pın istiyor nasıl yapicam onu,genel,notr
ürünü aldık sık tasarım güzel ama şarj olmuyor dolduramiyor şarjı bataryadanmi şarj aletinde bilmiyorum zaten hiç kullanılmamış oğlum kullanamadı  şarj erken bi,genel,pozitif
ürünü aldık sık tasarım güzel ama şarj olmuyor dolduramiyor şarjı bataryadanmi şarj aletinde bilmiyorum zaten hiç kullanılmamış oğlum kullanamadı  şarj erken bi,batarya,negatif
şimdiden kasıyor ☹️,genel,negatif
çok kasıyor hiç birsey yüklü olmamasına rağmen işlerinde trenyol için kullanılmasına rağmen şarjı yarım gün yetmiyor çok kasıyor çok ağır,genel,negatif
çok kasıyor hiç birsey yüklü olmamasına rağmen işlerinde trenyol için kullanılmasına rağmen şarjı yarım gün yetmiyor çok kasıyor çok ağır,batarya,negatif
günlük kullanım için çok güzel tavsiye edilirr,genel,pozitif
en alt seviye şarkı aralıksız 4 saat gidiyor şimdilik sadece internet ve film izliyorum oyun oynamadım oynamaz sanırım,batarya,notr
en alt seviye şarkı aralıksız 4 saat gidiyor şimdilik sadece internet ve film izliyorum oyun oynamadım oynamaz sanırım,genel,notr
kutu içerisinden şarj kablosu ve adaptör çıkmadı. ürün eksık geldı,batarya,negatif
kutu içerisinden şarj kablosu ve adaptör çıkmadı. ürün eksık geldı,ambalaj,negatif
Ürün geldi fakat kamerası açılmıyor siyah ekran nasıl düzeltebilirim,kalite,negatif
arada kasması dışında sorun yok,genel,notr
ürün gayet iyi kullanılır,genel,pozitif
Ürün günlük kullanım için iyi ama ciddi ısınma problemi var alacak arkadaşlar bunu göze alıp almalı,genel,pozitif
Ürün günlük kullanım için iyi ama ciddi ısınma problemi var alacak arkadaşlar bunu göze alıp almalı,genel,negatif
Ses çok kısık,ses_goruntu,negatif
Ürün sorunsuz teslim edildi fakat kurulum da sorun yaşıyorum cihaz ilk kurulum da Wi-Fi bulmuyor,kargo,pozitif
Ürün sorunsuz teslim edildi fakat kurulum da sorun yaşıyorum cihaz ilk kurulum da Wi-Fi bulmuyor,genel,negatif
Bu fiyatta bu bilgisayar anca ama yani beğenmedim,fiyat,notr
Bu fiyatta bu bilgisayar anca ama yani beğenmedim,genel,negatif
işte idare eder iş görür sınava hazırlanıyorum işimi goruyorum ha dersen Cook iyi değil eh işte F/P ürün,genel,pozitif
öncelikle satıcıya çok tesekkür ederim bizi iade konusunda mağdur etmediği için.  Bilgisayar çok yavaş kurulum yapamadık. tercihimize göre iade ettik başka mode,genel,pozitif
öncelikle satıcıya çok tesekkür ederim bizi iade konusunda mağdur etmediği için.  Bilgisayar çok yavaş kurulum yapamadık. tercihimize göre iade ettik başka mode,genel,negatif
Begenmedım ekran kalıtesını,ses_goruntu,negatif
elime ulaştı sorunsuz bir şekilde yeni kullanmaya başladım  biraz kasıyor gibi,kargo,pozitif
elime ulaştı sorunsuz bir şekilde yeni kullanmaya başladım  biraz kasıyor gibi,genel,negatif
Daha geleli 1 hafta olmadı ses sistemi gitti bı türlüde çözülmedi ne biçim iş bu,ses_goruntu,negatif
Daha geleli 1 hafta olmadı ses sistemi gitti bı türlüde çözülmedi ne biçim iş bu,genel,negatif
ürün çok yavaştı kaplumbağa gibi malesef iade,genel,negatif
Yorumumu tekrar güncelemek zorunda kaldım çünkü laptopun ses seviyesi hiç iyi değil video izliyorsun ses kısık şarkı dinliyorsun ses kısık,ses_goruntu,negatif
güzel  kyllanışlı,genel,pozitif
Altı ay oldu alalı üç ay sonra kendiliğinden kapandı garantiye yolladım bir hafta içinde geldi. şimdi tekrar kendiliğinden kapandı yolladım bir kaç arıza saydıl,genel,negatif
müthiş bu fiyata bu performans harika kendime aldım birde komşuma önerdim ona da aldık,fiyat,pozitif
müthiş bu fiyata bu performans harika kendime aldım birde komşuma önerdim ona da aldık,genel,pozitif
Bugün geldi bi tık yavaş ama gayet güzel saglam bi şekilde ulaştı fare içinde ayrıca teşekkür ederim,kargo,pozitif
Bugün geldi bi tık yavaş ama gayet güzel saglam bi şekilde ulaştı fare içinde ayrıca teşekkür ederim,genel,negatif
Bugün geldi bi tık yavaş ama gayet güzel saglam bi şekilde ulaştı fare içinde ayrıca teşekkür ederim,genel,pozitif
Kargo gayet hızlıydı paketleme de iyiydi.Cok ağır bilgisayar işleriyle uğraşmayacağım için ideal.Satıcıya teşekkür ederim.:),kargo,pozitif
Kargo gayet hızlıydı paketleme de iyiydi.Cok ağır bilgisayar işleriyle uğraşmayacağım için ideal.Satıcıya teşekkür ederim.:),ambalaj,pozitif
Kargo gayet hızlıydı paketleme de iyiydi.Cok ağır bilgisayar işleriyle uğraşmayacağım için ideal.Satıcıya teşekkür ederim.:),genel,pozitif
ürün süper  paketleme harika,genel,pozitif
ürün süper  paketleme harika,ambalaj,pozitif
hızlı teslimat paketlemesi baya İyi güzel görünüyor  fiyatına göre çok iyi alınır,kargo,pozitif
hızlı teslimat paketlemesi baya İyi güzel görünüyor  fiyatına göre çok iyi alınır,ambalaj,pozitif
hızlı teslimat paketlemesi baya İyi güzel görünüyor  fiyatına göre çok iyi alınır,fiyat,pozitif
hızlı teslimat paketlemesi baya İyi güzel görünüyor  fiyatına göre çok iyi alınır,genel,pozitif
güzel beğendim İnşallah bi sorun olmaz,genel,pozitif
güzel ürünl,genel,pozitif
Fiyatına göre iyi ince kolay taşınabilir şarj aleti çok hafif kullanışlı ekran açılım özelliği de çok iyi özellikler olarak bu fiyata çok iyi,fiyat,pozitif
Fiyatına göre iyi ince kolay taşınabilir şarj aleti çok hafif kullanışlı ekran açılım özelliği de çok iyi özellikler olarak bu fiyata çok iyi,genel,pozitif
Fiyatına göre iyi ince kolay taşınabilir şarj aleti çok hafif kullanışlı ekran açılım özelliği de çok iyi özellikler olarak bu fiyata çok iyi,batarya,pozitif
Süper değil ama güzel ben dizi izlemek için aldım işimi görüyor,genel,pozitif
hiç güzel değil,genel,negatif
"yorum yapmadan önce 5 gün kullandım. cihaz çabuk ısınıyor, şarjı iyi gidiyor, daha çoğu şey indirmememe rağmen kasıyor biraz. bu yüzden bir puan kırdım. genel o",genel,negatif
"yorum yapmadan önce 5 gün kullandım. cihaz çabuk ısınıyor, şarjı iyi gidiyor, daha çoğu şey indirmememe rağmen kasıyor biraz. bu yüzden bir puan kırdım. genel o",batarya,pozitif
Öğrenci işi güzel,genel,pozitif
aldım ama hâlâ doğru düzgün kullanmadım sanki yavaş çalışıyor açıkçası keşke mağazasından alsaydım diyorum kurulumunu yanlış yapmışta olabilirim,genel,negatif
fiyatına göre gayet iyi,fiyat,pozitif
fiyatına göre gayet iyi,genel,pozitif
iyi kullanisli,genel,pozitif
Ürün bir günde elime ulaştı paketleme vs gayet iyiydi iki saat falan uğraştım ısınıyor normla mi bilmiyrpum ama .,kargo,pozitif
Ürün bir günde elime ulaştı paketleme vs gayet iyiydi iki saat falan uğraştım ısınıyor normla mi bilmiyrpum ama .,ambalaj,pozitif
Ürün bir günde elime ulaştı paketleme vs gayet iyiydi iki saat falan uğraştım ısınıyor normla mi bilmiyrpum ama .,genel,negatif
Müzik ve fılıme bıre bır,genel,pozitif
güzel memnunuz kardesime aldik,genel,pozitif
Bir süredir kullanıyorum çok memnunum,genel,pozitif
"..,?!?,…,,???!!",genel,notr
Beğendim bayadır kullanıyorum iş görür. Bir puanıda bir kaç saat açık kalınca arada yeniden başlatmak gerekiyor kasıyor ve görüntü gidiyor ordan kırdım.,genel,pozitif
Beğendim bayadır kullanıyorum iş görür. Bir puanıda bir kaç saat açık kalınca arada yeniden başlatmak gerekiyor kasıyor ve görüntü gidiyor ordan kırdım.,genel,negatif
Beğendim bayadır kullanıyorum iş görür. Bir puanıda bir kaç saat açık kalınca arada yeniden başlatmak gerekiyor kasıyor ve görüntü gidiyor ordan kırdım.,ses_goruntu,negatif
fiyatına göre çok iyii,fiyat,pozitif
fiyatına göre çok iyii,genel,pozitif
Fiyata göre performansi iyi. Cederon yine düşünmeyin yeni nesil işlemci ve ssd hdd var. Bilgisayar ortama hızda. Casper marka iyi. Firma ürününün arkasında duru,fiyat,pozitif
Fiyata göre performansi iyi. Cederon yine düşünmeyin yeni nesil işlemci ve ssd hdd var. Bilgisayar ortama hızda. Casper marka iyi. Firma ürününün arkasında duru,genel,pozitif
iyi kullanışlı bir ürün,genel,pozitif
Fiyat performans olarak güzel sadece bir tık yavaş gibi geldi bana,fiyat,notr
Fiyat performans olarak güzel sadece bir tık yavaş gibi geldi bana,genel,negatif
Vasat ürün,genel,negatif
Merhaba sizden yeni aldığım Casper Nirvana bilgisayarın resmi web sitesinde şarj süresi 8-10 arasında belirtiliyor ancak maximum 4 saat sonunda şarjı bitiyor. N,batarya,negatif
Görüntü kalitesi biraz düşük onun dışında sesi vs güzel günlük kullanıma uygun,ses_goruntu,negatif
Görüntü kalitesi biraz düşük onun dışında sesi vs güzel günlük kullanıma uygun,ses_goruntu,pozitif
Görüntü kalitesi biraz düşük onun dışında sesi vs güzel günlük kullanıma uygun,genel,pozitif
Ürün güzel ve hızlı geldi teşekkür ediyorum,genel,pozitif
Ürün güzel ve hızlı geldi teşekkür ediyorum,kargo,pozitif
acil ihtiyacım olduğu için aldım genel olarak memnunum ince ve kibar bir tasarımı var kullanımı keyifli görsel olarak da hoş,genel,pozitif
Öğrenci indirimiyle aldım,fiyat,notr
Uzun zamandır kullanıyorum memnunum,genel,pozitif
idare eder,genel,notr
ürünün görünüş fena değil ama hiçbişey yüklü değil. Herşeyi kendin indiriyosun,genel,notr
ürünüm elime ulaştı fakat şarj cihazı ile ilgili bir sorun var bu konu hakkında yardımcı olabilir misiniz. şarj olmuyor.,kargo,pozitif
ürünüm elime ulaştı fakat şarj cihazı ile ilgili bir sorun var bu konu hakkında yardımcı olabilir misiniz. şarj olmuyor.,batarya,negatif
Günlük kullanım için ideal,genel,pozitif
günlük kullanım için gayet ideal bir ürün fiyat performans ürünü diyebilirim. çok yüksek bir performans beklemeyin derim.,fiyat,notr
günlük kullanım için gayet ideal bir ürün fiyat performans ürünü diyebilirim. çok yüksek bir performans beklemeyin derim.,genel,pozitif
diski biraz düşük,genel,negatif
Yeni aldım çok güzel paketlenmiş herhangi bir yerinde kırık çizik vs yok gayet memnun kaldım,ambalaj,pozitif
Yeni aldım çok güzel paketlenmiş herhangi bir yerinde kırık çizik vs yok gayet memnun kaldım,kalite,pozitif
Yeni aldım çok güzel paketlenmiş herhangi bir yerinde kırık çizik vs yok gayet memnun kaldım,genel,pozitif
ben indirdimdeyken aldım gayet iyi iş görür,fiyat,pozitif
ben indirdimdeyken aldım gayet iyi iş görür,genel,pozitif
beğendim beklediğim gibi geldi,genel,pozitif
Gayet güzel,genel,pozitif
Kargo aşırı hızlıydı ben ilçede oturuyorum siparişimin ertesi günü geldi.  Ben pek anlamam bilgisayar özelliklerinden baktığım zaman öyle hoş yani,kargo,pozitif
beklediğimden iyi geldi çok iyi paketlenmiş,genel,pozitif
beklediğimden iyi geldi çok iyi paketlenmiş,ambalaj,pozitif
Bir puanı ses kalitesinden kırdım sanki sesi çok az geliyor yüksek seste müzik dinlemek isteyenler için ekstra ses sistemi hopörlörü gerekecek tasarımı kullanım,ses_goruntu,negatif
resimdeki gibi henüz herhangi bir sıkıntı yaşamadım,genel,notr
ürünü beğendim paketlemesi çok iyiydi  ders çalışmak için çok güzel bir bilgisayar,genel,pozitif
ürünü beğendim paketlemesi çok iyiydi  ders çalışmak için çok güzel bir bilgisayar,ambalaj,pozitif
Ben okul için slayt yaparım diye aldım şuanlık iş görüyor paketleme sağlamdı,genel,notr
Ben okul için slayt yaparım diye aldım şuanlık iş görüyor paketleme sağlamdı,ambalaj,pozitif
memnun sağlam geldi teşekkürler herkese tavsiye ederim,genel,pozitif
memnun sağlam geldi teşekkürler herkese tavsiye ederim,kargo,pozitif
Ürün çok güzel teşekkür ederim hiç tereddütsüz alabilirsiniz,genel,pozitif
gayet iyi kargoda gayet güzel gelsi,genel,pozitif
gayet iyi kargoda gayet güzel gelsi,kargo,pozitif
Oğluma doğum günü hediyesi aldım çok mutlu elinden hiç düşürmüyor satıcı çok güzel kargolamış sorunsuz geldi teşekkür ederim,genel,pozitif
Oğluma doğum günü hediyesi aldım çok mutlu elinden hiç düşürmüyor satıcı çok güzel kargolamış sorunsuz geldi teşekkür ederim,kargo,pozitif
çok güzel kızlarım beyendi,genel,pozitif
Ürün hızlı bir şekilde elime ulaştı.cihaz günlük işler için gayet yeterli ve kullanışlı fazla bi şey beklemek doğru olmaz.tasarımı şık ve güzel fiyat performans,kargo,pozitif
Ürün hızlı bir şekilde elime ulaştı.cihaz günlük işler için gayet yeterli ve kullanışlı fazla bi şey beklemek doğru olmaz.tasarımı şık ve güzel fiyat performans,genel,pozitif
Ürün hızlı bir şekilde elime ulaştı.cihaz günlük işler için gayet yeterli ve kullanışlı fazla bi şey beklemek doğru olmaz.tasarımı şık ve güzel fiyat performans,fiyat,notr
Aylar sonra yorumum. Win 11 de çok kasıyor. Win 8 de kullanıyorum. Daha akışkan oluyor. Celeron olduğu için kasmasını normal karşılıyorum. 1.1ghz hız veriyor. B,genel,notr
Aylar sonra yorumum. Win 11 de çok kasıyor. Win 8 de kullanıyorum. Daha akışkan oluyor. Celeron olduğu için kasmasını normal karşılıyorum. 1.1ghz hız veriyor. B,genel,negatif
Harika sorunsuz elime ulaştı teşekkürler,genel,pozitif
Harika sorunsuz elime ulaştı teşekkürler,kargo,pozitif
Harika walla,genel,pozitif
cok güzel tavsiye ederim,genel,pozitif
Gönül rahatlığıyla tercih edebilirsiniz. Üründen de memnunum paketlemesinden de. Teşekkürler 🙏🏻,genel,pozitif
Gönül rahatlığıyla tercih edebilirsiniz. Üründen de memnunum paketlemesinden de. Teşekkürler 🙏🏻,ambalaj,pozitif
Alıp alınabilecek en kötü bilgisayar diyebilirim ekran görüntüsü kötü ses iletimi kötü alır almaz daha açar açmaz kasmalar yaptı günlük çalışan birinin işine bi,genel,negatif
Alıp alınabilecek en kötü bilgisayar diyebilirim ekran görüntüsü kötü ses iletimi kötü alır almaz daha açar açmaz kasmalar yaptı günlük çalışan birinin işine bi,ses_goruntu,negatif
Bugün elime geçti çabuk  düzgün paketli idi şu anda kurulumunu yapıyorum satıcıya teşekkürler.,kargo,pozitif
Bugün elime geçti çabuk  düzgün paketli idi şu anda kurulumunu yapıyorum satıcıya teşekkürler.,ambalaj,pozitif
Bugün elime geçti çabuk  düzgün paketli idi şu anda kurulumunu yapıyorum satıcıya teşekkürler.,genel,notr
biraz yavaş onun dışında bir problem yok,genel,negatif
biraz yavaş onun dışında bir problem yok,genel,pozitif
Sorunsuz geldi teşekkürler,kargo,pozitif
Ürün gayet kullanışlı sadece 1 tık yavaş oda normal sağlam geldi,genel,pozitif
Ürün gayet kullanışlı sadece 1 tık yavaş oda normal sağlam geldi,genel,negatif
Ürün gayet kullanışlı sadece 1 tık yavaş oda normal sağlam geldi,kargo,pozitif
Fiyatına göre gayet başarılı bir ürün. ofis işleri için çok ideal.,fiyat,pozitif
Fiyatına göre gayet başarılı bir ürün. ofis işleri için çok ideal.,genel,pozitif
hayatımda gördüğüm en kötü bilgisayar şarjı çabuk bitiyor donuyor hiç Bir uygulamaya inmiyor,genel,negatif
hayatımda gördüğüm en kötü bilgisayar şarjı çabuk bitiyor donuyor hiç Bir uygulamaya inmiyor,batarya,negatif
Çok hızlı kargoydu dün sipariş verdim bugün elimdeydi . Güzel notunuz için teşekkür ederim 🙏 . Kardeşim kullanıyor çok memnun kardeşimden dolayı aldım,kargo,pozitif
Çok hızlı kargoydu dün sipariş verdim bugün elimdeydi . Güzel notunuz için teşekkür ederim 🙏 . Kardeşim kullanıyor çok memnun kardeşimden dolayı aldım,genel,pozitif
merhaba ben umut bir şey diyicem tek şikayetim biraz geç geldi tabi kars uzak fakat bilgisayarımı çok sevdim casper a trendyola ve babama teşekkür ederim,kargo,negatif
merhaba ben umut bir şey diyicem tek şikayetim biraz geç geldi tabi kars uzak fakat bilgisayarımı çok sevdim casper a trendyola ve babama teşekkür ederim,genel,pozitif
Ürün görseldeki gibi Fiyatı uygun çocuklar icin aldık kullanışlı uygun fiyata bilgisayar almayı düşününen için ideal tavsiye ederim.,fiyat,pozitif
Ürün görseldeki gibi Fiyatı uygun çocuklar icin aldık kullanışlı uygun fiyata bilgisayar almayı düşününen için ideal tavsiye ederim.,genel,pozitif
5 yıldız koydum ki ilklerde oldun ama kesinlikle alınmaz paranıza yazık sürekli donuyor sürekli sesi gidiyor sürekli ısınıyor sürekli bağlantı hatası yani gerek,genel,negatif
5 yıldız koydum ki ilklerde oldun ama kesinlikle alınmaz paranıza yazık sürekli donuyor sürekli sesi gidiyor sürekli ısınıyor sürekli bağlantı hatası yani gerek,ses_goruntu,negatif
Güzel beğendim,genel,pozitif
merhaba aldığım ürünün garantisine nasıl ulaşabilirim,genel,notr
Ürün mükemmel çok hızlı kaliteli tasarım şık fıyatıda uygun,genel,pozitif
Ürün mükemmel çok hızlı kaliteli tasarım şık fıyatıda uygun,kalite,pozitif
Ürün mükemmel çok hızlı kaliteli tasarım şık fıyatıda uygun,fiyat,pozitif
sorunsuz tskler,genel,pozitif
mükkemmel bi bilgisayar 3 ay oldu alalı kullananlı daha pratik bişi isterseniz daha küçük boyutlu veya tablet bakabilirsiniz ama bu mükemmel 1 yıl oldu kullanıy,genel,pozitif
Fiyatına göre en iyisi,fiyat,pozitif
Fiyatına göre en iyisi,genel,pozitif
Kargom geldi çok beğendik fiyat performans ürünü,kargo,pozitif
Kargom geldi çok beğendik fiyat performans ürünü,genel,pozitif
Kargom geldi çok beğendik fiyat performans ürünü,fiyat,notr
teşekkürler,genel,notr
bilgisayar güzel paketli geldi kullandığımda guncellerim,ambalaj,pozitif
bilgisayar güzel paketli geldi kullandığımda guncellerim,genel,notr
Çok iyi çok güzel,genel,pozitif
yazı yazıyosunuz 10 saniye sonra gözüküyor ekranda videolar donuyor iade edeceğim 5 yıldız üstte görünsün diye veriyorum,genel,negatif
Beğendim severek kullanıyorum,genel,pozitif
fiyat performans ürünü çok güzel iş için aldım,fiyat,notr
fiyat performans ürünü çok güzel iş için aldım,genel,pozitif
"casper kalitesi, görüntü, ses gayet iyi, beğendim, bundan önceki laptopumda casperdi",kalite,pozitif
"casper kalitesi, görüntü, ses gayet iyi, beğendim, bundan önceki laptopumda casperdi",ses_goruntu,pozitif
"casper kalitesi, görüntü, ses gayet iyi, beğendim, bundan önceki laptopumda casperdi",genel,pozitif
Sorunsuz geldi güzel ürün,kargo,pozitif
Sorunsuz geldi güzel ürün,genel,pozitif
ders ve çalışma için 10 numara,genel,pozitif
görüntü güzel ama arada kasıyor çok yüklenmeden arada kullanacağın bir ürün,ses_goruntu,pozitif
görüntü güzel ama arada kasıyor çok yüklenmeden arada kullanacağın bir ürün,genel,negatif
Tam bir fiyat performans ürünü.Ders çalışmak ve Office programlarını kullanmak için almıştım.İşimi görecek kalitede.,fiyat,notr
Tam bir fiyat performans ürünü.Ders çalışmak ve Office programlarını kullanmak için almıştım.İşimi görecek kalitede.,genel,pozitif
arada sırada kasıyor,genel,negatif
ben sunum için kullanıyorum işime yarıyor. büyüklüğü iyi,genel,pozitif
teşekkürler.  herşey yolunda 6 aydır kullanıyorum,genel,pozitif
"Tek kelime ile harika, kaplaması ambalajı, kargoya veriliş hızı mükemmel",genel,pozitif
"Tek kelime ile harika, kaplaması ambalajı, kargoya veriliş hızı mükemmel",ambalaj,pozitif
"Tek kelime ile harika, kaplaması ambalajı, kargoya veriliş hızı mükemmel",kargo,pozitif
oğlum için aldım çok güzel tavsiye ediyorum,genel,pozitif
çok memnum  iki üç aydır kullanıyorum tavsiye ederim ☺️,genel,pozitif
Mükkemel bir şey alın,genel,pozitif
Gayet güzel ve ideal bir genişliği var bi sıkıntısı çıkmadı şuana kadar tavsiye ederim🥰,genel,pozitif
cihazı alalı 20 gün oldu gerçekten cihaz çok güzel kullanışlı teşekkür ederim,genel,pozitif
Dün sabah sipariş verdim bugün geldi .Paketleme çok özenliydi.Kurulumu basitti. Beğendim tavsiye ederim.💯 Güncelleme: Ağustosta almıştım 4 ay geçti bir sorunla,kargo,pozitif
Dün sabah sipariş verdim bugün geldi .Paketleme çok özenliydi.Kurulumu basitti. Beğendim tavsiye ederim.💯 Güncelleme: Ağustosta almıştım 4 ay geçti bir sorunla,ambalaj,pozitif
Dün sabah sipariş verdim bugün geldi .Paketleme çok özenliydi.Kurulumu basitti. Beğendim tavsiye ederim.💯 Güncelleme: Ağustosta almıştım 4 ay geçti bir sorunla,genel,pozitif
çok beğendim fp ürünü,genel,pozitif
çok beğendim fp ürünü,fiyat,notr
ürünüm elime ulaştı gayet güzel ve kibar görseldeki gibi,kargo,pozitif
ürünüm elime ulaştı gayet güzel ve kibar görseldeki gibi,genel,pozitif
sağlam ve uygun fiyat teşekkürler,kalite,pozitif
sağlam ve uygun fiyat teşekkürler,fiyat,pozitif
ben çok beğendim ilk bilgisayarım alabilirsiniz,genel,pozitif
Casper markası zaten kendini kanıtlamış. öğrenciler için ideal pil ömrü fena değil . Fiyatına göre çok iyi.,genel,pozitif
Casper markası zaten kendini kanıtlamış. öğrenciler için ideal pil ömrü fena değil . Fiyatına göre çok iyi.,batarya,notr
Casper markası zaten kendini kanıtlamış. öğrenciler için ideal pil ömrü fena değil . Fiyatına göre çok iyi.,fiyat,pozitif
Biraz yavaş ama fiyatına göre güzel,genel,negatif
Biraz yavaş ama fiyatına göre güzel,fiyat,notr
Biraz yavaş ama fiyatına göre güzel,genel,pozitif
ürün tam bir FP ürünü eğer öğrenciyseniz çok fazla oyun oynamayacaksanız işinizi görür kasma donma yapmıyor gayet hızlı bir şekilde çalışıyor 1 aya yakın kullan,fiyat,notr
ürün tam bir FP ürünü eğer öğrenciyseniz çok fazla oyun oynamayacaksanız işinizi görür kasma donma yapmıyor gayet hızlı bir şekilde çalışıyor 1 aya yakın kullan,genel,pozitif
ders çalismak için aldım gayet güzel çalışıyor memnunum,genel,pozitif
ürün güzel iyi çalışıyor bir sıkıntı yok paketleme güzeldi,genel,pozitif
ürün güzel iyi çalışıyor bir sıkıntı yok paketleme güzeldi,ambalaj,pozitif
çok güzel çok beğendim,genel,pozitif
Yeni aldığım laptopu birkaç haftadır aktif olarak kullanıyorum ve deneyimlerimi paylaşmak istedim.  Öncelikle tasarım açısından oldukça şık ve modern bir görünü,genel,notr
Yeni aldığım laptopu birkaç haftadır aktif olarak kullanıyorum ve deneyimlerimi paylaşmak istedim.  Öncelikle tasarım açısından oldukça şık ve modern bir görünü,genel,pozitif
Paketleme için teşekkür ediyorum.,ambalaj,pozitif
Ürün gerçekten çok iyi kullanışlı sorunsuz elime ulaştı,genel,pozitif
Ürün gerçekten çok iyi kullanışlı sorunsuz elime ulaştı,kargo,pozitif
Harika.   Tavsiye ederim,genel,pozitif
çok iyi bir bilgisayar çok memnun kaldım  alın aldırın bence,genel,pozitif
Ürün en fazla dizi izlemek için kullanılır çok yavaş,genel,negatif
kız kardeşime aldım tez yazarken eski bilgisayarı kasıyordu bu bişgisayar hem güzel hem kullanışlı,genel,pozitif
ürün gerçekten iyi ders çalışmak için yeterli tavsiye ederim kız arkadaşıma aldım bı tane  bı kaç gün sonra kendime de Alicam,genel,pozitif
çok güzel çok memnunuz,genel,pozitif
çok güzel çok beğendim güzel çalışıyor,genel,pozitif
kargo sorunsuz geldi sadece Microsoft oturum açmakta sıkıntı çektim şuanda çok iyi yks için aldım ders çalışmak icin,kargo,pozitif
kargo sorunsuz geldi sadece Microsoft oturum açmakta sıkıntı çektim şuanda çok iyi yks için aldım ders çalışmak icin,genel,negatif
çok güzel çok hızlı tavsiye ederim,genel,pozitif
gercekten kaliteli ders icin aldim gayet iyi ürün,kalite,pozitif
gercekten kaliteli ders icin aldim gayet iyi ürün,genel,pozitif
fiyatına göre gayet kaliteli ekranı yeterli kurtarıcı bir laptop pişman etmedi 🙏🏻🌸,fiyat,pozitif
fiyatına göre gayet kaliteli ekranı yeterli kurtarıcı bir laptop pişman etmedi 🙏🏻🌸,kalite,pozitif
fiyatına göre gayet kaliteli ekranı yeterli kurtarıcı bir laptop pişman etmedi 🙏🏻🌸,ses_goruntu,pozitif
"kesinlikle tavsiye ediyorum, çok güzel, beğendim elime çabuk ulaştı. teşekkürler",genel,pozitif
"kesinlikle tavsiye ediyorum, çok güzel, beğendim elime çabuk ulaştı. teşekkürler",kargo,pozitif
Ses kalitesi görüntü hızı mük çok tereddüt ederek aldım ama değer,ses_goruntu,pozitif
Ses kalitesi görüntü hızı mük çok tereddüt ederek aldım ama değer,genel,pozitif
çok güzel  kargo hizli ve özenliydi teşekkürler,genel,pozitif
çok güzel  kargo hizli ve özenliydi teşekkürler,kargo,pozitif
çok güzel  kargo hizli ve özenliydi teşekkürler,ambalaj,pozitif
ürün çok güzel paketlenmesi de iyiydi teşekkürler,genel,pozitif
ürün çok güzel paketlenmesi de iyiydi teşekkürler,ambalaj,pozitif
"Çok memnunum, maaşAllah fiyatina göre mükemmel.",genel,pozitif
"Çok memnunum, maaşAllah fiyatina göre mükemmel.",fiyat,pozitif
Beklediğim gibi gelmedi bilgisayar yarım saat çalışıyor kendi kendine kapanıyor ısınma dahi yok satıcı ilgisiz oyun dahi oynamadım 9000 lira verdik az para deği,genel,negatif
Şimdilik bi sorunu yok,genel,pozitif
5 mayıstan beni kulanıyorum hiçbir sorun yaşamadım şimdiye kadar tavsiye ederim  çok iyi bence 😊😊,genel,pozitif
Tam bir fiyat performans ürünü. Oldukça hızlı,fiyat,notr
Tam bir fiyat performans ürünü. Oldukça hızlı,genel,pozitif
üründe sogutulacak bir havalandirma yok -  üründe ne hikmetse bütün fişler 1cm ara ile konmuş power fişi USB HDMI lari takmak çıkarmak sorun mm rik mesafede baş,genel,negatif
Kardeşime aldık gerçekten güzel bir ürün tam bir fiyat performans ürünü,genel,pozitif
Kardeşime aldık gerçekten güzel bir ürün tam bir fiyat performans ürünü,fiyat,notr
ÜRÜN TAM ANLAMIYLA MÜKEMMEL SORUNSUZ GELDİ. KEYIFLE ALABİLİRSİNİZ SIKINTI YOK,genel,pozitif
ÜRÜN TAM ANLAMIYLA MÜKEMMEL SORUNSUZ GELDİ. KEYIFLE ALABİLİRSİNİZ SIKINTI YOK,kargo,pozitif
Fiyat performans ürünü 👌,fiyat,notr
fiyat ve performans olarak gayet iyi orta segment oyunları kasmadan oynayabilirsiniz şarj süresi ortalama paketleme sorunsuzdu gönül rahatlığıyla alabilirsiniz,fiyat,pozitif
fiyat ve performans olarak gayet iyi orta segment oyunları kasmadan oynayabilirsiniz şarj süresi ortalama paketleme sorunsuzdu gönül rahatlığıyla alabilirsiniz,genel,pozitif
fiyat ve performans olarak gayet iyi orta segment oyunları kasmadan oynayabilirsiniz şarj süresi ortalama paketleme sorunsuzdu gönül rahatlığıyla alabilirsiniz,batarya,notr
fiyat ve performans olarak gayet iyi orta segment oyunları kasmadan oynayabilirsiniz şarj süresi ortalama paketleme sorunsuzdu gönül rahatlığıyla alabilirsiniz,ambalaj,pozitif
Çok beğendim,genel,pozitif
mükemmel ürün,genel,pozitif
Tam bir fiat ürünü,fiyat,notr
ürün çok çok hızlı ve çok güzel paketlenmiş  geldi tebrik ve teşekkür ediyorum ürünü henüz kullanmadım ama kalitesini biliyorum bu fiyata düşünmeden alın derim,genel,pozitif
ürün çok çok hızlı ve çok güzel paketlenmiş  geldi tebrik ve teşekkür ediyorum ürünü henüz kullanmadım ama kalitesini biliyorum bu fiyata düşünmeden alın derim,ambalaj,pozitif
ürün çok çok hızlı ve çok güzel paketlenmiş  geldi tebrik ve teşekkür ediyorum ürünü henüz kullanmadım ama kalitesini biliyorum bu fiyata düşünmeden alın derim,fiyat,pozitif
Yeni aldım ilk bilgisayarım sağlam geldi açtım film izlemek için aldım gayet yeterli 🤩,kargo,pozitif
Yeni aldım ilk bilgisayarım sağlam geldi açtım film izlemek için aldım gayet yeterli 🤩,kalite,pozitif
Yeni aldım ilk bilgisayarım sağlam geldi açtım film izlemek için aldım gayet yeterli 🤩,genel,pozitif
ürünü simdilik güzel daha sonra güncelerim,genel,pozitif
Ürünün paketlemesi çok guzeldi çanta şeklinde karton bi kutuda gonderdiler laptop cantasi olmasa daha taşımak açısından guzel ve özenliydi. Casper zaten bilindi,ambalaj,pozitif
Ürünün paketlemesi çok guzeldi çanta şeklinde karton bi kutuda gonderdiler laptop cantasi olmasa daha taşımak açısından guzel ve özenliydi. Casper zaten bilindi,genel,pozitif
Çok beğendim 😊,genel,pozitif
Harika paketlenmiş ürün hasarsız ulaştı elime 2 günde geldi teşekkür ediyorum,ambalaj,pozitif
Harika paketlenmiş ürün hasarsız ulaştı elime 2 günde geldi teşekkür ediyorum,kargo,pozitif
Harika paketlenmiş ürün hasarsız ulaştı elime 2 günde geldi teşekkür ediyorum,kalite,pozitif
çok güzel ❤️❤️❤️❤️,genel,pozitif
1 günde 800 tl fark olur mu,genel,notr
1 günde 800 tl fark olur mu,fiyat,notr
1 haftada geldi telefon asla bu kadar geç gelmesini beklemiyordum paket yırtıktı neyse ki telefona bir şey olmamış onun dışında telefon tabi ki efsane😄,ambalaj,negatif
1 yıl oldu alalı. Çok memnunum hiç bir sıkıntı yaşamadım.,genel,pozitif
1 yıl önce aldığım apple 11 tlf mu garanti kapsamında vatan bil yolladım onlarda kvk ya yolladılar bir ay sonra kvk servisi benim telefonumu değişim yapıp tekra,genel,notr
"1.5 senedir kullanıyorum, 8k fiyatına aldım. ilk aldığımda gayet güzeldi, hala iş görür bir telefon ancak kamerası için öyle söyleyemeyeceğim, bir tane 50mp fot",fiyat,pozitif
"1.5 senedir kullanıyorum, 8k fiyatına aldım. ilk aldığımda gayet güzeldi, hala iş görür bir telefon ancak kamerası için öyle söyleyemeyeceğim, bir tane 50mp fot",ses_goruntu,negatif
10 yıldız kızıma aldım çok beğendi,genel,pozitif
12 gundur kargom gelmedi almayin buradan telefon magduriyet yasattilar,genel,negatif
12 gundur kargom gelmedi almayin buradan telefon magduriyet yasattilar,kargo,negatif
128 gb olması iyi oldu.,genel,pozitif
1yıl oldu alalı çok memnunum rahatlıkla alabilirsiniz,genel,pozitif
2 adet aldım çok güzeldi fiyat olarak,fiyat,pozitif
2 ay olacak alalı çok güzel kullanışlı gayet de güzel paketlenmişti çok tereddüt ettim ama güzel geldi bi sorunu yok,ambalaj,pozitif
2 aydır kullanıyorum şuanlık memnunum,genel,pozitif
"2 gün önce teslim aldığım ve kurulumunu hiç yapmadığım ürün, ekranında çökme kaynaklı hatalı ürün olarak tarafıma ulaştı. Teknosa mağazasına gittiğimde ürünle i",kargo,negatif
"2 gün önce teslim aldığım ve kurulumunu hiç yapmadığım ürün, ekranında çökme kaynaklı hatalı ürün olarak tarafıma ulaştı. Teknosa mağazasına gittiğimde ürünle i",kalite,negatif
"2 gün önce teslim aldığım ve kurulumunu hiç yapmadığım ürün, ekranında çökme kaynaklı hatalı ürün olarak tarafıma ulaştı. Teknosa mağazasına gittiğimde ürünle i",ses_goruntu,negatif
2 yıl önce 35 e almış olmam,genel,notr
2 yıldız veriyorum Trendyol un kendi mağazasından aldığım iPhone ürün için fatura gönderilmedi fatura talep ediyorum.,genel,negatif
2022 tarihi ürün gönderildi onun dışında iPhone kalitesi hepimizi biliyoruz,kalite,notr
2024’de asla alınmaz ben geçen sene aldım 8 bucuk ay oldu ve pil sağlığı 89??!?!! günde 1 kere şarj ediyorum orijinal şarj kullanıyorum şarjda oynamıyorum bu ka,kalite,negatif
2024’de asla alınmaz ben geçen sene aldım 8 bucuk ay oldu ve pil sağlığı 89??!?!! günde 1 kere şarj ediyorum orijinal şarj kullanıyorum şarjda oynamıyorum bu ka,batarya,negatif
"25 bin verdiğimiz telefonun bu şekilde özensiz paketlenmesi beni üzdü, kutunun içine atmışlar cidden çok kötü 👎🏻",ambalaj,negatif
3 Ayda pil 98 oldu,batarya,negatif
30 bin tl edecek bir cihaz değil teslimat konusu süper hızlı ama cihaz 30 binlik bi cihaz değil,kargo,pozitif
30 bin tl edecek bir cihaz değil teslimat konusu süper hızlı ama cihaz 30 binlik bi cihaz değil,fiyat,notr
35 binlik ürünü o paketle göndermeye utanmadınız mı gerçekten? Ben açarken bayağı bir utandım da. teknosadan aldım iyi yer müşteri memnuniyetini düşünür vs dedi,ambalaj,negatif
37 k ya aldım ben üzücü,fiyat,negatif
37.500 para verdik insan bi paketlemeye özen gösterir şampuan almıyoruz telefon alıyoruz kargocular zaten paketleri futbol topu gibi kullanıyor henüz kullanmaya,kargo,negatif
37.500 para verdik insan bi paketlemeye özen gösterir şampuan almıyoruz telefon alıyoruz kargocular zaten paketleri futbol topu gibi kullanıyor henüz kullanmaya,fiyat,negatif
37.500 para verdik insan bi paketlemeye özen gösterir şampuan almıyoruz telefon alıyoruz kargocular zaten paketleri futbol topu gibi kullanıyor henüz kullanmaya,ambalaj,negatif
38 e aldım çok düşmüş üzücü,fiyat,negatif
400 TL’ye yakın indirim oldu aldıktan sonra. Şimdilik bir sıkıntı yok telefonda. Şarjının daha iyi dayanmasını beklerdim. Samsung 54 telefon bu konuda daha iyiy,fiyat,pozitif
400 TL’ye yakın indirim oldu aldıktan sonra. Şimdilik bir sıkıntı yok telefonda. Şarjının daha iyi dayanmasını beklerdim. Samsung 54 telefon bu konuda daha iyiy,batarya,pozitif
"6 aydır kullanıyorum, 24.000 e almıştım. Genel olaral memnunum",genel,pozitif
8 ay oldu alalı pil sağlığı %88. Çok hızlı düşüyor pili.,batarya,negatif
ALMAYIN SAKIN !!! Ben aldım ancak gelen cihazın garanti süresi 15 ay kalmış ve ekran sarı ekran dı güvenmeyin,kalite,negatif
ALMAYIN SAKIN !!! Ben aldım ancak gelen cihazın garanti süresi 15 ay kalmış ve ekran sarı ekran dı güvenmeyin,ses_goruntu,negatif
ANNEME YA DA BABAMA DEĞİL KENDİME ALDIM. Ekranı canlı. Şık ve hafif bir telefon. Şarjı yavaş bitiyor ve hızlı şarj özelliği var hemen doluyor fakat içinden adap,batarya,pozitif
ANNEME YA DA BABAMA DEĞİL KENDİME ALDIM. Ekranı canlı. Şık ve hafif bir telefon. Şarjı yavaş bitiyor ve hızlı şarj özelliği var hemen doluyor fakat içinden adap,ses_goruntu,pozitif
Abim için aldım elimize düzgün bir şekilde ulaştı,genel,pozitif
Adres bilgisi farklı verilmiş trendyol adres bilgilerimizden farklıydı Aras kargo ürünü getiremeyiz deyip telefonu yüzümüze kapattı buradan alırsınız dedi bu ma,kargo,notr
Agustos 2023 te aldım şarz almıyor şu an ve servis garanti bilgilerime ulasamiyorum,kalite,negatif
"Alacak arkadaşlar lütfen dikkat edin benim başıma ilk defa böyle bir şey geldi telefon ilk bana ulaştığında sıfır paketliydi,kurulumu yaparken face ID kullanıla",genel,negatif
Alalı 1 yıl oldu hiç bir sorun .Yaşamadan kullanıyorum kamarasıda gayet güzel,genel,pozitif
Alalı 10 gün olmadı. Telefon inanılmaz ısınıyor. Bu normal midir? Ayrıca fatura gönderilmedi. Güvenmekle hatamı yaptım. Gerçekten çok kaygılıyım.,batarya,negatif
Alalı 20 gün oldu kamera bozuldu ön kamera açılmıyor,genel,negatif
Alalı 20 gün oldu kamera bozuldu ön kamera açılmıyor,kalite,negatif
Alalı 20 gün oldu kamera bozuldu ön kamera açılmıyor,ses_goruntu,negatif
Alalı 3 yıldan daha fazla oldu ama haalen mis gibi çalışıyor,genel,pozitif
Aldığım günden berdir herhangi bi sorun yaşamadım çok memnun kaldım tavsiye ediyorum🙏,genel,pozitif
Aldığıma pişman oldum  boş bir telefon açtığım için iade olmuyo alirken 2 kere düşünün açmadan nasıl sarj aletinin olmadığını görebilirsiniz,batarya,negatif
Aldığıma pişman oldum  boş bir telefon açtığım için iade olmuyo alirken 2 kere düşünün açmadan nasıl sarj aletinin olmadığını görebilirsiniz,batarya,negatif
Alırken tereddüt etmiştim ama baya iyi geldi 3 aydır kullanıyorum bir sıkıntı yaşamadım,genel,pozitif
Alırken çok tereddüt etmiştim sıkıntı çıkarmı acaba diye  ama beklediğimden daha güzel ve sağlam geldi kesinlikle tereddütsüz alabilirsiniz tam bir fiyat perfor,genel,pozitif
Alırken çok tereddüt etmiştim sıkıntı çıkarmı acaba diye  ama beklediğimden daha güzel ve sağlam geldi kesinlikle tereddütsüz alabilirsiniz tam bir fiyat perfor,kalite,pozitif
Alırken çok tereddüt etmiştim sıkıntı çıkarmı acaba diye  ama beklediğimden daha güzel ve sağlam geldi kesinlikle tereddütsüz alabilirsiniz tam bir fiyat perfor,fiyat,pozitif
Ambalajlı olarak elime ulaşmadı onun dışında gayet güzel f/p 👌,ambalaj,negatif
Ambalajı gayet iyi ve temiz.Lakin içinden fatura ve garanti belgesi çıkmadı.Sahsen hiç hoşuma gitmedi bu durum,genel,notr
"Annem için aldık kullanımı gayet basit, kargo paketleme her şey gayet sağlamdı",kargo,pozitif
"Annem için aldık kullanımı gayet basit, kargo paketleme her şey gayet sağlamdı",kalite,pozitif
"Annem için aldık kullanımı gayet basit, kargo paketleme her şey gayet sağlamdı",ambalaj,pozitif
Annem için aldım bir senedir sorunsuz kullanıyor,genel,pozitif
Annem için aldım gayet memnun,genel,pozitif
Anneme aldık çok beğendi,genel,pozitif
Anneme aldım memnunuz,genel,pozitif
Anneme hediye ettim. Kendim kullanmadığım için pek bir şey diyemeyeceğim ama annem memnun o yüzden 5.,genel,pozitif
Annemle babama hediye aldım kendim görmedim ama beğendiklerini söylediler,genel,pozitif
Apple 13 gibi değil kamerası falan çok farklı eşiminde 13 ü var ama arasında çok fark var orijinal ürün değil gibi belgeleri kaybettiğim için geri gönderimde ya,kalite,negatif
Apple 13 gibi değil kamerası falan çok farklı eşiminde 13 ü var ama arasında çok fark var orijinal ürün değil gibi belgeleri kaybettiğim için geri gönderimde ya,kalite,negatif
Apple kalitesi,kalite,notr
Apple kalitesi.  tlfon çok güzel sağlam geldi fakat paketlenmesi özensizdi ve faturası çıkmadı.,kalite,pozitif
Araş kargo ile lütfen çalışmayın. İşine saygısı olmayan liyakatsiz disiplinsiz sorumsuz bir sirket ve çalışanları var. 1.000 km lik yolu 3 günde geliyor ama 100,kargo,negatif
Araş kargo ile lütfen çalışmayın. İşine saygısı olmayan liyakatsiz disiplinsiz sorumsuz bir sirket ve çalışanları var. 1.000 km lik yolu 3 günde geliyor ama 100,batarya,negatif
Arka kamera fazla güzel değil ama telefon hızlı.,ses_goruntu,negatif
Arkadas gönül rahatlığıyla alabilirsiniz sorunsuz geldi kargo cok hızlı oldu perşembe gece verdim c. Tesi öglen elime ulastı sadece kargo paketi özenilmemişti,genel,pozitif
Arkadas gönül rahatlığıyla alabilirsiniz sorunsuz geldi kargo cok hızlı oldu perşembe gece verdim c. Tesi öglen elime ulastı sadece kargo paketi özenilmemişti,kargo,pozitif
Arkadaşıma almıştım beğendi,genel,pozitif
Asla buradan almanızı önermiyorum.Bir ay kullandım şarjı çok hızlı bitmeye başladı.garantiye göndermek istedim muhatap bulamadım vatan şubesi kabul etmedi.trend,genel,negatif
Asla buradan almanızı önermiyorum.Bir ay kullandım şarjı çok hızlı bitmeye başladı.garantiye göndermek istedim muhatap bulamadım vatan şubesi kabul etmedi.trend,batarya,negatif
Açılmamış kutu gedi iyiydi,ambalaj,pozitif
Aşırı iyi bir ürün,genel,pozitif
Aşırı yavaş bi firma 3 gün içinde kargoya verdiler 3 gün içinde kargo geldi 1 hafta sonra telefonu teslim alabildim.,kargo,negatif
Aşşırı geç geldi. Paketleme daha özenli olabilirdi. Telefonda sorun yok.,kargo,negatif
Aşşırı geç geldi. Paketleme daha özenli olabilirdi. Telefonda sorun yok.,ambalaj,pozitif
Babam için aldım gayet kullanışlı paketlemede sağlamdı hayasız geldi,kalite,pozitif
Babam için aldım gayet kullanışlı paketlemede sağlamdı hayasız geldi,ambalaj,pozitif
Babama aldık memnun,genel,pozitif
Babama aldım çok güzel,genel,pozitif
Babama almıştım gayet memnun telefondan,genel,pozitif
Babama almıştım paketleme çok özenli değildi ama Allahtan sorunsuz elimize ulaştı,ambalaj,pozitif
Batarya performansı çabuk düştü 100 altına,batarya,negatif
Bayıldımmmm… teslim tarihi 7 nisan gösterirken 6 nisanda geldi teşekkür ederim herkese sabırsızlıkla bekliyordum kavuştum alın aldırın fiyat olarakta dışarıya g,genel,pozitif
Bayıldımmmm… teslim tarihi 7 nisan gösterirken 6 nisanda geldi teşekkür ederim herkese sabırsızlıkla bekliyordum kavuştum alın aldırın fiyat olarakta dışarıya g,kargo,pozitif
Bayıldımmmm… teslim tarihi 7 nisan gösterirken 6 nisanda geldi teşekkür ederim herkese sabırsızlıkla bekliyordum kavuştum alın aldırın fiyat olarakta dışarıya g,fiyat,pozitif
Başarılı beğendim,genel,pozitif
Beklediğimden çok daha hızlı geldi Ayrıca ürün paketlemede mükemmeldi teşekkür ederim çok memnun kaldım herkese tavsiye ederim,genel,pozitif
Beklediğimden çok daha hızlı geldi Ayrıca ürün paketlemede mükemmeldi teşekkür ederim çok memnun kaldım herkese tavsiye ederim,kargo,pozitif
Beklediğimden çok daha hızlı geldi Ayrıca ürün paketlemede mükemmeldi teşekkür ederim çok memnun kaldım herkese tavsiye ederim,ambalaj,pozitif
Ben 1aydır kullanıyorum ve mukemellll kesinlikle tavsiye ediyorum hiç bir sıkıntı olmadı paketleme gayet güzeldi gönül rahatlığıyla alabilirsiniz 😊,genel,pozitif
Ben 1aydır kullanıyorum ve mukemellll kesinlikle tavsiye ediyorum hiç bir sıkıntı olmadı paketleme gayet güzeldi gönül rahatlığıyla alabilirsiniz 😊,ambalaj,pozitif
Ben aldıktan 1 gün sonra fiyatı 300 tl düştü inanılmaz sinirim bozuldu. Paketleme de şaka gibiydi sanki telefon değildi çorap aldık öyle bir paket,genel,negatif
Ben aldıktan 1 gün sonra fiyatı 300 tl düştü inanılmaz sinirim bozuldu. Paketleme de şaka gibiydi sanki telefon değildi çorap aldık öyle bir paket,kalite,negatif
Ben aldıktan 1 gün sonra fiyatı 300 tl düştü inanılmaz sinirim bozuldu. Paketleme de şaka gibiydi sanki telefon değildi çorap aldık öyle bir paket,fiyat,negatif
Ben aldıktan 1 gün sonra fiyatı 300 tl düştü inanılmaz sinirim bozuldu. Paketleme de şaka gibiydi sanki telefon değildi çorap aldık öyle bir paket,ambalaj,negatif
Ben aldım indirim yapıldı,fiyat,negatif
Ben telefonu kamera için almıştım telefonun arka kamerası puslu hep ve canlı çekmiyor iki tane ıphone 11 yan yana getirince diğeri daha canlı ve renkli çekiyor,ses_goruntu,negatif
"Ben telefonun kamerasını beğenmedim, şarjı da bir günü ancak çıkarıyor. İmkanı olanlar bir üst telefonlara yönelsinler.",batarya,negatif
"Ben telefonun kamerasını beğenmedim, şarjı da bir günü ancak çıkarıyor. İmkanı olanlar bir üst telefonlara yönelsinler.",ses_goruntu,negatif
Ben çooook memnunum i phoneye geçmek isteyenler mutlaka alsın,genel,pozitif
Benim motorolo 33 10 daha iyiydi,genel,pozitif
Beğendim güzel,genel,pozitif
Beğendim iyi,genel,pozitif
Beğenmek zorunda mıyım?,genel,notr
"Bir aydır kullanıyorum, herhangi bir sıkıntı yaşamadım gayet memnunum. Satıcı olarak en güvendiğim yerden aldım, paketleme gayet iyidi ve elime çok hızlı ulaştı",genel,pozitif
"Bir aydır kullanıyorum, herhangi bir sıkıntı yaşamadım gayet memnunum. Satıcı olarak en güvendiğim yerden aldım, paketleme gayet iyidi ve elime çok hızlı ulaştı",ambalaj,pozitif
Bir haftadan fazladır kullanıyorum çok memnunum gönül rahatlığıyla alabilirsiniz,genel,pozitif
Bosuk geldi super,genel,negatif
Bu cihazın beyaz rengini siparis ettim fakat siyah rengini yolladılar. Iade etmek istediğimdede ellerinde beyaz rengi mevcut olmadığından siyah gonderdiklerini,genel,negatif
Bu fiyatlarda xiaomi nin daha iyi olduğunu söyleyebilirim. Tecrübeyle sabittir.,fiyat,pozitif
Bu kadar güzel bi paketlemeyle daha önce hiç karşılaşmamıştım. Muhteşem bi paketleme çok teşekkür ederiz.,ambalaj,pozitif
Bu kadar paraya görmeden aldım çöm iyi çıktı tavsiye,genel,pozitif
Bu kadar paraya görmeden aldım çöm iyi çıktı tavsiye,fiyat,pozitif
Bu karalayanlar neye göre yazmış yorumu anlayamadım 1 senedir kullaniyorum bende gencim 23 yasindayim zaten hız tutkunuz yüzünden bozuluyor telefonlar elli kere,kalite,negatif
Bu kargoyu bu şekil yolladağınıza inanıyorum insan bi kutuya daha koyar geldiğinde kargo poşetinin üstünde de yırtıklar vardı telefon nasıl geldi bilmiyorum uma,kargo,negatif
Bu kargoyu bu şekil yolladağınıza inanıyorum insan bi kutuya daha koyar geldiğinde kargo poşetinin üstünde de yırtıklar vardı telefon nasıl geldi bilmiyorum uma,ambalaj,negatif
Bu ne abi hani nerde müşteri memnuniyeti  bu telefonu inçelicem heran gibi bir değişeni olursa o zaman görüşürüz,genel,negatif
Bu ürün halen çok güncel ve fiyatı çok iyi. Appleın en stabil iPhone'u,fiyat,pozitif
Bu ürün yenilenmiş telefon yolluyolar kutusundan tutunda telefonun kendisine kadar her şeyden anlaşılıyor,genel,negatif
Bu ürün yenilenmiş telefon yolluyolar kutusundan tutunda telefonun kendisine kadar her şeyden anlaşılıyor,kalite,negatif
Bukadar özensiz bir kargo daha olamaz sonuçta kargo bir elektronik cihaz alelacele konulmuş gönderilmiş bozulursa kesinlikle iade ederim henüz açmadım tlfnu  üz,kargo,negatif
Bukadar özensiz bir kargo daha olamaz sonuçta kargo bir elektronik cihaz alelacele konulmuş gönderilmiş bozulursa kesinlikle iade ederim henüz açmadım tlfnu  üz,kalite,negatif
Böyle özensiz paketleme görmedim arkadaş paramız bizim pul olmuş 18 bin veripte parasıyla rezillik gören ilk kişimiyim y,fiyat,negatif
Böyle özensiz paketleme görmedim arkadaş paramız bizim pul olmuş 18 bin veripte parasıyla rezillik gören ilk kişimiyim y,ambalaj,negatif
Canım telefonum çok hızlı geldi sorunsuz çıktı şuan kullanıyorum çok güzel teşekkürler trendyol,kargo,pozitif
Cihazımın alt kısmında kasasında lekeler ve izler var. Bu cihaz kullanılmış gibi. Satıcının sorunumu gidermesini talep ediyorum . Fotoğraf ektedir.,kalite,negatif
Cihazımın alt kısmında kasasında lekeler ve izler var. Bu cihaz kullanılmış gibi. Satıcının sorunumu gidermesini talep ediyorum . Fotoğraf ektedir.,kalite,negatif
Cok guzel klasik apple kalitesi her donemde her senede alinir kesinlikle,genel,pozitif
Cok guzel klasik apple kalitesi her donemde her senede alinir kesinlikle,kalite,pozitif
Cok memnun kaldım ancak ıcınde fatura garantı cıkmadı,genel,notr
Daha önce trendyoldan telefon almıştım memnun kaldığım için tekrar sipariş verdim fakat bu sefer ürün kusurlu geldi iade eder etmez para iadesi yapıldı çözüm hı,genel,negatif
Daha önce trendyoldan telefon almıştım memnun kaldığım için tekrar sipariş verdim fakat bu sefer ürün kusurlu geldi iade eder etmez para iadesi yapıldı çözüm hı,kargo,notr
Daha önce trendyoldan telefon almıştım memnun kaldığım için tekrar sipariş verdim fakat bu sefer ürün kusurlu geldi iade eder etmez para iadesi yapıldı çözüm hı,kalite,negatif
Daha önce trendyoldan telefon almıştım memnun kaldığım için tekrar sipariş verdim fakat bu sefer ürün kusurlu geldi iade eder etmez para iadesi yapıldı çözüm hı,fiyat,negatif
Dört yıldır kullandığım telefonumu arkadaşıma tavsiye sonucu aldık ömürlük bir telefon,genel,pozitif
Dün aldım bu gün 1000 lira indirim olmuş hanı dile kolay ucuz bisey almıyoruz böyle olunca da insan üzülüyo. Fiatların bu kadar değişken olmaması taraftarıyım ö,fiyat,negatif
Dün elime geçti çok güzeeeelll.  herhangi bir problem yok şimdilik. içerisinden ara kablo çıkmasına sevindim. Fiyat güncellemesinden önce aldığım için de🤌🏻,fiyat,notr
Ekim ayında aldığım telefon şarjı günde 1 kere şarj etmeme ve tak çıkar yapmama rağmen şuan %96 ve durduğu yerde bile azalıyor. Bu telefonu süs olsun diye mi al,batarya,negatif
Ekranında ufak bir çizikle geldi kullanima engel değil sıfır denen telefonun daha önceden kutusu açılmış belli,kalite,negatif
Ekranında ufak bir çizikle geldi kullanima engel değil sıfır denen telefonun daha önceden kutusu açılmış belli,ses_goruntu,negatif
"Elektronikte net üzerinden almaya karşıydım hep ama ürün sorunsuz ve hızlı bi şekilde elime ulaştı , yaklaşık 2 aydır kullanıyorum hiç bir sıkıntı yok çok memnu",kargo,pozitif
En uyguna trendyol da buldum kamerasına diyicek yok zaten mükemmel telefon tabi alabiliyosanız 13 ve üstü alın :D,genel,pozitif
En uyguna trendyol da buldum kamerasına diyicek yok zaten mükemmel telefon tabi alabiliyosanız 13 ve üstü alın :D,fiyat,pozitif
En uyguna trendyol da buldum kamerasına diyicek yok zaten mükemmel telefon tabi alabiliyosanız 13 ve üstü alın :D,ses_goruntu,pozitif
Erkek arkadaşıma aldım çok beğendi,genel,pozitif
Evet ürünüm geldi fakat ilk günden fazla ısınma oldu bu normal mi,batarya,negatif
EŞİM VE KENDİME ALDIM ÇOK GÜZELDİ PAKETLEME ORJİNAL ÜRÜN BEĞENDİK,kalite,pozitif
EŞİM VE KENDİME ALDIM ÇOK GÜZELDİ PAKETLEME ORJİNAL ÜRÜN BEĞENDİK,ambalaj,pozitif
Eşim icin almıştım sorunsuz şekilde elime ulaştı piyasadan çok daha ucuza geldi herkese tavsiye ederim,genel,pozitif
Eşim icin almıştım sorunsuz şekilde elime ulaştı piyasadan çok daha ucuza geldi herkese tavsiye ederim,kargo,pozitif
Eşim icin almıştım sorunsuz şekilde elime ulaştı piyasadan çok daha ucuza geldi herkese tavsiye ederim,fiyat,pozitif
Eşime aldım çok memnun kaldı paketleme iyi değildi biraz,genel,pozitif
Eşime aldım çok memnun kaldı paketleme iyi değildi biraz,ambalaj,negatif
Eşime hediye aldım 1 seneden beri kullanıyor çok memnun kendisi Aldiktan sonra hemen yorum yapmak istemedim kullanıp değerlendirmek daha iyi•Herkese tavsiye ede,genel,pozitif
Eşime hediye olarak aldım çokk beğendi .. Gerçekten muhhteşem bir telefon fiyatı da çokk uygundu..emeği geçen herrkese çokk teşekkürler ederimm HAAARİKASINIZZ🌟,fiyat,pozitif
Fatura tc kimlik no 111111 şeklinde hatalı olarak yazılmış düzeltilmiş yeni fatura talep ediyorum,genel,negatif
Fatura tc kimlik no 111111 şeklinde hatalı olarak yazılmış düzeltilmiş yeni fatura talep ediyorum,kalite,notr
Fatura ve garanti belgesi gelmedi rica ediyorum ilgilenin,genel,notr
Fatura yok gelmez ise cimerden şikayet edeceğim,genel,negatif
Faturam gelmedi lütfen faturayı gönderin.,genel,notr
Faturam gelmedi yollar mısınız,genel,notr
Faturamı TC me kesmediler.Telefon orjinal,kalite,pozitif
Faturamı istiyorum ben aldığım şeyin faturasını parayı ödeyince almam lazım değilmi e faturaysa e mailime atılması lazım hemen neden bekliyorum hemen faturamın,fiyat,notr
Faturamı ve garanti belgesini göndermediler burdan alacağınıza gidin mediamarktan alın,genel,notr
Faturası gelmedi?,genel,notr
Faturası yok içinde,genel,negatif
Faturası yok nasıl bi iş bu,genel,negatif
Faturasını epostaya gönderecektiniz hala gelmedi mesaj ne zaman göndereceksiniz,genel,notr
Fena sayılmaz,genel,notr
Fiyatı aşırı yükselttiler aldım şimdi indirime girmiş 2000 tl zarara girdim şaka gibi bence orijinalde değil,kalite,negatif
Fiyatı aşırı yükselttiler aldım şimdi indirime girmiş 2000 tl zarara girdim şaka gibi bence orijinalde değil,fiyat,notr
Fiyatına göre uygun ve kullanışlı bir ürün,fiyat,pozitif
Fiyatına göre çok iyi Beğendim,genel,pozitif
Fiyatına göre çok iyi Beğendim,fiyat,pozitif
Fotoğrafta çok belli olmasa da telefonun kenar kısmında ufak bir ezilme var. İade edeceğim.,kalite,negatif
Garanti belgesi içinde olmadığı için bır yıldız verıyorum gerısınde bır sıkıntı yoktu gayet sağlam bit şekilde ulaştı elıme,kalite,pozitif
"Garantisi başlamış ürün gönderildi, faturada yer alan imei bilgisi ve eklediğim görseller aynıdır. Güvenerek almayın. Konuyla ilgili yasal süreçleri başlatacağı",genel,negatif
Gayet basarili ve sorunsuz elime ulasti alacaklara simdiden hayirli olsun,kargo,pozitif
Gayet güzel,genel,pozitif
Gayet güzel 2.alışverişim bu telefondan memnunum teşekkürler,genel,pozitif
Gayet güzel kullanışlı ve sıkıntısız teslim aldım teşekkürler,kargo,pozitif
Gayet güzel kutusu paketlenmesi herseyi çok güzel tereddüt etmeden alabilirsiniz,genel,pozitif
Gayet güzel kutusu paketlenmesi herseyi çok güzel tereddüt etmeden alabilirsiniz,ambalaj,pozitif
Gayet iyi 😇,genel,pozitif
Gayet temiz güzel bi şekilde geldi imailini de okuttım edevletten orjinal ürün satıcıya teşekkürederim,kalite,pozitif
Genel olarak güzel kurulumu zor oldu bizim için sadece,genel,pozitif
Gerçekten çok güzel geldi paketlenmesi çok güzeldi güvenilebilir,ambalaj,pozitif
Guzel  cabuk kargo yok ama,kargo,pozitif
Guzel telefon 3 4 sene rahat goturur ama kargo cok kotu bi adet pat pat 1 kutu sadece  cihaz gonderiyosunuz biraz daha onem alsaniz iyi olur,kargo,notr
Guzel telefon 3 4 sene rahat goturur ama kargo cok kotu bi adet pat pat 1 kutu sadece  cihaz gonderiyosunuz biraz daha onem alsaniz iyi olur,ambalaj,notr
Gönderilen kablo bozuk çıkıyor ve arkasında durmuyorlar kesinlikle almayın 200 300 fazla verin başka yerden Alın,genel,negatif
Gönderilen kablo bozuk çıkıyor ve arkasında durmuyorlar kesinlikle almayın 200 300 fazla verin başka yerden Alın,kalite,negatif
Gönderilen kablo bozuk çıkıyor ve arkasında durmuyorlar kesinlikle almayın 200 300 fazla verin başka yerden Alın,batarya,negatif
Gönül rahatlığıyla alabilirsiniz,genel,pozitif
Gönül rahatlığıyla alabilirsiniz çok beğendim çok güzel,genel,pozitif
Güvenilir bir şekilde geldi güzel,genel,pozitif
Güvenilir ve hızlı bi şekilde geldi problemi yok cihazın tavsiye ederim,genel,pozitif
Güvenle alabilirsiniz kardeşime hediye aldım çok beğendik🤍,genel,pozitif
Güzel beğendim,genel,pozitif
Güzel beğendim 👍🏻,genel,pozitif
Güzel bir teknolojik ürün gayet güzel paketlenmiş hasarsız bir şekilde elime ulaştı teşekkürler,kargo,pozitif
Güzel bir teknolojik ürün gayet güzel paketlenmiş hasarsız bir şekilde elime ulaştı teşekkürler,ambalaj,pozitif
Güzel bir telefon,genel,pozitif
Güzel bir ürün tavsiye ederim,genel,pozitif
Güzel buldum,genel,pozitif
Güzel diğer yerlere göre uygun aldık,fiyat,pozitif
Güzel geldi sağlamdı (çeyizime aldım),kalite,pozitif
Güzel kardeşim icin aldım şuanlık bi sorun yok,genel,pozitif
Güzel kargolama ve güvenilir satıcı,kargo,pozitif
Güzel paketlenmiş hızlı kargo teşekkürler,kargo,pozitif
Güzel paketlenmiş hızlı kargo teşekkürler,ambalaj,pozitif
Güzel paketli şekilde ulaştı hızlı teslimat teşekkürler,kargo,pozitif
Güzel sorunsuz ulaştı elime teşekkürler,genel,pozitif
Güzel telefon beklediğim gibi tek sorunu geldiğinde önce şarj etmek istedim ısıdan dolayı şarj uyarısı verdi kullandıkça güncelleme yapacağım,batarya,negatif
Güzel ürün beğendim,genel,pozitif
Harika süper hiçbir sorun yok klasik Apple kalitesi,genel,pozitif
Harika süper hiçbir sorun yok klasik Apple kalitesi,kalite,pozitif
Harika. Hediye aldım. Bu fiyata bu kalite. Mükemmel,genel,pozitif
Harika. Hediye aldım. Bu fiyata bu kalite. Mükemmel,kalite,pozitif
Harika. Hediye aldım. Bu fiyata bu kalite. Mükemmel,fiyat,pozitif
Hayaldi gerçek oldu,genel,pozitif
Herkes sağlam diye iyi yorum yazıyor ürünü kullandım  1 ay yorum yapıyorum şimdiden kasıyor kamerası falan sıklıkla titriyor önermiyorum 1 2 bine sebep almayın,genel,negatif
Herkes sağlam diye iyi yorum yazıyor ürünü kullandım  1 ay yorum yapıyorum şimdiden kasıyor kamerası falan sıklıkla titriyor önermiyorum 1 2 bine sebep almayın,kalite,negatif
Herkes sağlam diye iyi yorum yazıyor ürünü kullandım  1 ay yorum yapıyorum şimdiden kasıyor kamerası falan sıklıkla titriyor önermiyorum 1 2 bine sebep almayın,ses_goruntu,negatif
Herkese tavsiye ederim paketlemesi güzeldi 2 günde geldi,genel,pozitif
Herkese tavsiye ederim paketlemesi güzeldi 2 günde geldi,ambalaj,pozitif
Herkesin faceid açılıyor parmak izde de aynısı oldu suan hepsini kaldırıp şifre ile kullanıyorum ne yapmalıyım,genel,notr
Hizli cihaz,genel,pozitif
Hiç sıkıntı yaşamadım güzel,genel,pozitif
Hızlı kargo güzel paketleme teşekkürler çok güzel bir telefon herkese tavsiye ederim teşekkürler Trendyol ürün sorunsuz geldi,genel,pozitif
Hızlı kargo güzel paketleme teşekkürler çok güzel bir telefon herkese tavsiye ederim teşekkürler Trendyol ürün sorunsuz geldi,kargo,pozitif
Hızlı kargo güzel paketleme teşekkürler çok güzel bir telefon herkese tavsiye ederim teşekkürler Trendyol ürün sorunsuz geldi,ambalaj,pozitif
"Hızlı kargo, özenli paketleme, orijinal ürün 👏",kargo,pozitif
"Hızlı kargo, özenli paketleme, orijinal ürün 👏",kalite,pozitif
"Hızlı kargo, özenli paketleme, orijinal ürün 👏",ambalaj,pozitif
Hızlı teslim aldım ikinci alışım teki babama teki amcama memnunlar bir sorun yok şuanda teşekkürler,genel,pozitif
Hızlı teslim aldım ikinci alışım teki babama teki amcama memnunlar bir sorun yok şuanda teşekkürler,kargo,pozitif
Hızlı teslimat  güzel paketleme güvenerek alabilirsiniz,genel,pozitif
Hızlı teslimat  güzel paketleme güvenerek alabilirsiniz,kargo,pozitif
Hızlı teslimat  güzel paketleme güvenerek alabilirsiniz,ambalaj,pozitif
Hızlı teslimmm,kargo,pozitif
Isınma sıkıntısı olmasa gayet iyi telefon,batarya,negatif
KURUMSAL FATURA KESİMİ YAPMADILAR,genel,negatif
KUTULAMA BENCE YETERSİZ! HARİCİNDE HERHANGİ BİR SIKINTISI YOK. TEŞEKKÜRLER,ambalaj,negatif
Kaliteli fiyat performans,kalite,pozitif
Kaliteli fiyat performans,fiyat,pozitif
Kamerası bi tuhaf gözlerimi sanki başka yere bakıyormuşum gibi gösteriyor. Anlamadım. Ayrıca 24 bin tl lik ürün alıyoruz 25 krş luk haribo gönderiyorlar. Ne ger,ses_goruntu,negatif
Kamerası bi tuhaf gözlerimi sanki başka yere bakıyormuşum gibi gösteriyor. Anlamadım. Ayrıca 24 bin tl lik ürün alıyoruz 25 krş luk haribo gönderiyorlar. Ne ger,fiyat,negatif
Kanser olmak istiyorsanız alabilir siniz ben bu kadar kötü bir satıcı bu kadar kötü bir kargo görmedim 36 bin tl ye cihaz alıyoruz kargo parası ödüyoruz birde k,kargo,negatif
Kanser olmak istiyorsanız alabilir siniz ben bu kadar kötü bir satıcı bu kadar kötü bir kargo görmedim 36 bin tl ye cihaz alıyoruz kargo parası ödüyoruz birde k,fiyat,negatif
"Kardeşim 2 yıldır kullanıyor, memnun.",genel,pozitif
Kardeşime aldım,genel,notr
Kardeşime aldım sevdi güvenilir satıcı teşekürler,genel,notr
Kardeşimin kullandığı bir ürün,genel,notr
Kargo hızlı geldi. Üründe bir problem yok. Kendi bilgilerimin bulunduğu bir fatura istiyorum fakat ulaşamıyorum firmaya.,kargo,pozitif
"Kargo ile fatura gelmedi, trendyolu aradığımda sorun olmayacağını söylediler ama telefonu satma halinde hoş bir durum değil. Telefon bilindiği gibi. Memnunum",genel,negatif
"Kargo ile fatura gelmedi, trendyolu aradığımda sorun olmayacağını söylediler ama telefonu satma halinde hoş bir durum değil. Telefon bilindiği gibi. Memnunum",kargo,negatif
Kargo paketlemesi gerçekten çok kötü. Birçok kişide memnun değil fakat halen ısrarla dikkat edilmiyor. Telefon tam korumalı bir jelatinle kaplı değildi malesef,genel,negatif
Kargo paketlemesi gerçekten çok kötü. Birçok kişide memnun değil fakat halen ısrarla dikkat edilmiyor. Telefon tam korumalı bir jelatinle kaplı değildi malesef,kargo,negatif
Kargo paketlemesi gerçekten çok kötü. Birçok kişide memnun değil fakat halen ısrarla dikkat edilmiyor. Telefon tam korumalı bir jelatinle kaplı değildi malesef,ambalaj,negatif
Kargo pat pat olmadan gelmiş bu tarz bir gönderi kanımca doğru değil. Şimdilik ürün sorunsuz 7 pula dan eşleşme yaptım oldu şükür.sağlıkla huzurla bereketle uzu,kargo,pozitif
Kargo çok  onun dısşında sorun yok,kargo,pozitif
Kargo çok geç geldi,kargo,negatif
Kargo çok hızlıydı 2 güne elime ulaştı. Hasarsız ve temiz bir şekilde geldi.  Çok beğendim çok zarif ve güzel bir telefon almak isteyenler tereddütsüz alsınlar,genel,pozitif
Kargo çok hızlıydı 2 güne elime ulaştı. Hasarsız ve temiz bir şekilde geldi.  Çok beğendim çok zarif ve güzel bir telefon almak isteyenler tereddütsüz alsınlar,kargo,pozitif
Kargo çok hızlıydı 2 güne elime ulaştı. Hasarsız ve temiz bir şekilde geldi.  Çok beğendim çok zarif ve güzel bir telefon almak isteyenler tereddütsüz alsınlar,ambalaj,pozitif
Kargo çok zor ulaştı kutu da ezilmişti,kargo,negatif
Kargo çok zor ulaştı kutu da ezilmişti,ambalaj,negatif
Kargo özenliydi. Telefon zaten güzel 👍🏻,kargo,pozitif
Kargodan dolayı1 yıldız  Aras kargo Anamur şubesi tebrikler .Adrese gelmeden teslim edemedik diye mesaj atıyor. Baya ilerletmisler meslek ahlakını.🤔🤔🤔🤔,kargo,negatif
Kargolama baştan savma yapıldı ama ürüne Allahtan hiçbir zarar gelmeden elime ulaştı,kargo,negatif
Kargolama çok kötü yani 38.binlik telefon alınıyor kutuya katıp gönderiliyor bu kadar da özensiz paketleme olamaz ya kılıfı ayrı sayfadan aldım şans eseri sağla,kargo,negatif
Kargolama çok kötü yani 38.binlik telefon alınıyor kutuya katıp gönderiliyor bu kadar da özensiz paketleme olamaz ya kılıfı ayrı sayfadan aldım şans eseri sağla,ambalaj,negatif
Kargolama çok kötü. Telefon hiç koruyucuya sarılmamış bile. Kutu telefon için büyüktü ve ezilmişti. Onun dışında telefon sorunsuz gözüküyor. Daha özen beklerdim,kargo,negatif
Kargolama çok kötü. Telefon hiç koruyucuya sarılmamış bile. Kutu telefon için büyüktü ve ezilmişti. Onun dışında telefon sorunsuz gözüküyor. Daha özen beklerdim,ambalaj,negatif
Kargolamada sıkıntı var önemsizce yapılmış kutusu ile paketlenmiş herhangi bir önlem alınmamış hiç memnun kalmadım,genel,negatif
Kargolamada sıkıntı var önemsizce yapılmış kutusu ile paketlenmiş herhangi bir önlem alınmamış hiç memnun kalmadım,kargo,negatif
Kargolamada sıkıntı var önemsizce yapılmış kutusu ile paketlenmiş herhangi bir önlem alınmamış hiç memnun kalmadım,ambalaj,negatif
Kargonun korunaklılığı hiç yeterli değildi.,kargo,negatif
Kargonun korunaklılığı hiç yeterli değildi.,ambalaj,negatif
Karşılaması zayıftı ama ürün sağlam geldi. Kargolamayı daha sağlam yapmanızı tavsiye ederim. ürün orijinal ürün güvenir.,genel,pozitif
Karşılaması zayıftı ama ürün sağlam geldi. Kargolamayı daha sağlam yapmanızı tavsiye ederim. ürün orijinal ürün güvenir.,kargo,pozitif
Karşılaması zayıftı ama ürün sağlam geldi. Kargolamayı daha sağlam yapmanızı tavsiye ederim. ürün orijinal ürün güvenir.,kalite,pozitif
Kenarları çabuk silindi,genel,negatif
Kendim için aldım çok iyi 👍,genel,pozitif
Kesimlikle almayın aldırmayın telefon arızalandı garantiye gönderdim cihazda daha önce işlem yapılmış diye garanti dışı kaldı trendyol kabul etmiyor 38 bin tlm,genel,negatif
Kesinlikle alın çok iyi bir korktum ama beklediğimden iyi geldi kutusu sağlamdı hasar yoktu teşekkürler:)),kalite,pozitif
Kesinlikle alın çok iyi bir korktum ama beklediğimden iyi geldi kutusu sağlamdı hasar yoktu teşekkürler:)),ambalaj,pozitif
Korkarak almıştım sorunsuz geldi paketleme de güzel tavsiye ederim,genel,pozitif
Korkarak almıştım sorunsuz geldi paketleme de güzel tavsiye ederim,ambalaj,pozitif
Kullandıktan sonra yorumu güncellerim şu an için güzel,genel,pozitif
Kullanış da gayet beğendim ben 36.000 TL’ye almıştım şu an bayağı fiyatlar artmış ama kullanışlı biraz küçük geldi ilk başta diğer kullandığım telefona göre ama,genel,pozitif
Kullanış da gayet beğendim ben 36.000 TL’ye almıştım şu an bayağı fiyatlar artmış ama kullanışlı biraz küçük geldi ilk başta diğer kullandığım telefona göre ama,fiyat,notr
Kutudan Fatura çıkmadı benimle iletişime geçmenizi istiyorum,genel,negatif
Kutunun içinde garanti belgesi yok,genel,negatif
Kutunun içinden fatura çıkmadı faturası nerde acaba nasıl ulaşırım,genel,negatif
Kutuya bile koymamışlar böyle sarıp göndermişler.,genel,negatif
Kutuya bile koymamışlar böyle sarıp göndermişler.,kalite,negatif
Kız kardeşime aldım çok memnun,genel,pozitif
Kızıma hediye aldım güle güle kullansın..Zaten ürün harika  bu kadar kısa sürede sorunsuz elimize ulaştı satıcıya teşekkür ederiz..,genel,pozitif
Kızıma hediye olarak aldım 2 aydır kullanıyor. Çok memnun. Kaliteli telefon kesinlikle. Hızlı şarj oluyor ve uzun süre şarjı gidiyor.,genel,pozitif
Kızıma hediye olarak aldım 2 aydır kullanıyor. Çok memnun. Kaliteli telefon kesinlikle. Hızlı şarj oluyor ve uzun süre şarjı gidiyor.,kalite,pozitif
Kızıma hediye olarak aldım 2 aydır kullanıyor. Çok memnun. Kaliteli telefon kesinlikle. Hızlı şarj oluyor ve uzun süre şarjı gidiyor.,batarya,pozitif
Malesef donuyor tuslar yazmıyor bozuk cıktı cok uzgunum ılkkez ıphon da bu soeunlarla karsılastım,genel,negatif
Malesef donuyor tuslar yazmıyor bozuk cıktı cok uzgunum ılkkez ıphon da bu soeunlarla karsılastım,kalite,negatif
Manavdan meyve almıyoruz paketlemeye özen gösterin lütfen,ambalaj,negatif
Memnun kaldım.,genel,pozitif
Memnunum 6aydır sorunsuz kullanıyorum,genel,pozitif
Merhaba kargo hiç özenli yapılmamıştı boş bir kutunun içine konulmuştu sadece kenarlarına koruma koyulması gerekirdi ki içinde elektronik bir ürün var sarsılmam,kargo,notr
Merhaba kargo hiç özenli yapılmamıştı boş bir kutunun içine konulmuştu sadece kenarlarına koruma koyulması gerekirdi ki içinde elektronik bir ürün var sarsılmam,ambalaj,notr
"Merhaba sizden almış olduğum cihazımın üst ön kısmında ekran ile kasa arasında gün ışığında ve fenerle de gözle görülür derecede bir boşluk, açıklık mevcut eski",kalite,negatif
Mükemmel bir telefon.Kullanimi kolay iyi bir tercih yapmışım.,genel,pozitif
Mükemmel bir özenli kargolama bravo,genel,pozitif
Mükemmel bir özenli kargolama bravo,kargo,pozitif
Mükemmel paketli telefon sorunsuz sıkıntısız çok iyiydi çok teşekkür ederim,genel,pozitif
Nisan ayinda aldim hala kullaniyorum sorun yok. Guvenilir. Çektiğim fotograflar kaliteli.,kalite,pozitif
O kadar para veriyosun bir adaptör  kulaklık vermiyorlar nedenn,fiyat,negatif
O kadar para veriyosun bir adaptör  kulaklık vermiyorlar nedenn,batarya,negatif
Orijinal ürün geldi teşekkür zamanında kargo teslimatı oldu teşekkürler,kargo,pozitif
Orijinal ürün geldi teşekkür zamanında kargo teslimatı oldu teşekkürler,kalite,pozitif
"Orjinal Apple ürünü,cihaz çok güzel,kızıma aldım beğenerek kullanıyor.",kalite,pozitif
Orjinal ürün geldi gayet kullanışlı güvenerek aldım teşekkürler,kalite,pozitif
Oğlum için aldım beğendim sorunsuz geldi ama şarj aleti çıkmadığı için biraz gayrıddi geldi alanlar göz önünde bulundurarak alsın derim,genel,pozitif
Oğlum için aldım beğendim sorunsuz geldi ama şarj aleti çıkmadığı için biraz gayrıddi geldi alanlar göz önünde bulundurarak alsın derim,batarya,negatif
Oğlum için almıştım kullanıyor bir sorun yok,genel,pozitif
Oğluma aldım çok beğendi bi sıkıntı yok memnun kaldık,genel,pozitif
Paket yırtık geldi sağlam kargolanmamıştı. Satıcı çok ilgisiz siyah sipariş verdim gri gönderildi alakaya maydanoz,kargo,negatif
Paket yırtık geldi sağlam kargolanmamıştı. Satıcı çok ilgisiz siyah sipariş verdim gri gönderildi alakaya maydanoz,ambalaj,negatif
Paketleme güzel kargo hızlıydı fakat ilk günden itibaren aramalarda sesim karşı tarafa gitmiyordu iade etmek zorunda kaldım üzgünüm,kargo,pozitif
Paketleme güzel kargo hızlıydı fakat ilk günden itibaren aramalarda sesim karşı tarafa gitmiyordu iade etmek zorunda kaldım üzgünüm,ses_goruntu,negatif
Paketleme güzel kargo hızlıydı fakat ilk günden itibaren aramalarda sesim karşı tarafa gitmiyordu iade etmek zorunda kaldım üzgünüm,ambalaj,pozitif
Paketleme güzeldi,ambalaj,pozitif
Paketleme harici sorunsuz geldi teşekkür ederim,ambalaj,pozitif
Paketleme iyiydi beğendim,genel,pozitif
Paketleme iyiydi beğendim,ambalaj,pozitif
Paketleme kötü -güncelleme- ; telefon çok iyi asla donmuyor kasmıyor kamerası efsane ancak şarjı çok hızlı bitiyor orijinal başlığını almama rağmen ve ısınma so,batarya,negatif
Paketleme kötü -güncelleme- ; telefon çok iyi asla donmuyor kasmıyor kamerası efsane ancak şarjı çok hızlı bitiyor orijinal başlığını almama rağmen ve ısınma so,ses_goruntu,pozitif
Paketleme kötü -güncelleme- ; telefon çok iyi asla donmuyor kasmıyor kamerası efsane ancak şarjı çok hızlı bitiyor orijinal başlığını almama rağmen ve ısınma so,ambalaj,negatif
Paketleme kötüydü buyuk kutunun icinde patpata sarılmadan oylesine konmus ve fatura garanti belgesi vs hicbir sey yok saka mı sanki manavdan domates aldım..,genel,negatif
Paketleme ve kargolama çok iyi  teslim çok hızlı kesinlikle bu satıcıdan alın herhangi bir sorun ile karşılaşmadığım için öneriyorum faturası  e postayla iletiy,kargo,pozitif
Paketleme ve kargolama çok iyi  teslim çok hızlı kesinlikle bu satıcıdan alın herhangi bir sorun ile karşılaşmadığım için öneriyorum faturası  e postayla iletiy,ambalaj,pozitif
Paketleme çok kötüydü,ambalaj,negatif
Paketleme çok özensizdi telefonun kutusunda ezikler vardı,ambalaj,negatif
Paketleme özenli ve hızlı kargo sorunsuz ürün teşekkür ederim,kargo,pozitif
Paketleme özenli ve hızlı kargo sorunsuz ürün teşekkür ederim,ambalaj,pozitif
Paketleme özenliydi,ambalaj,notr
Paketleme özensiz onun dışında sıfır kapalı kutu,ambalaj,negatif
Paketlemesi çok kötüydü telefon kutusuyla başka bi kutuya koyup göndermişler en azindan bi patpata sarılması lazımdı hasar almaması için,genel,negatif
Paketlemesi çok kötüydü telefon kutusuyla başka bi kutuya koyup göndermişler en azindan bi patpata sarılması lazımdı hasar almaması için,kalite,negatif
Paketlemesi çok özensizdi telefon normal apple mağazasından alınan gibi kapalı değil açık kutunun etrafına sadece jelatin sarılıp ısı ile yapıştırılmış. Telefon,ambalaj,negatif
"Paketlemesini beğenmedim çok sıradan gönderilmiş, ve en azından ufakta olsa bir hediye gönderilebilirdi. Bu nedenlerden ötürü puanımı düşük tuttum. Onun dışında",ambalaj,negatif
Paketlenmesi özenliydi beklediğim gibi geldi 3 günde elime ulaştı,kargo,pozitif
Paketlenmesi özenliydi beklediğim gibi geldi 3 günde elime ulaştı,ambalaj,notr
Pakette fatura veya garanti belgesi yok. Ayrıca paketleme özensiz. Garanti belgesinin e faturadaki QR kodda gözüktüğünü söylüyorlar fakat orada da gözükmüyor.,genel,negatif
Patpata bile sarılmamış dümdüz poşete sarılmış şekilde geldi yolda 500 takla atmıştır eminim,genel,negatif
"Pil sağlığı çok hızlı bir şekilde düştü ,ara sıra şebeke sorunu yaşıyorum ve telefonla konuşurken sesim bazen gitmiyor karşı tarafın seside bazen gelmiyor",genel,negatif
"Pil sağlığı çok hızlı bir şekilde düştü ,ara sıra şebeke sorunu yaşıyorum ve telefonla konuşurken sesim bazen gitmiyor karşı tarafın seside bazen gelmiyor",batarya,negatif
"Pil sağlığı çok hızlı bir şekilde düştü ,ara sıra şebeke sorunu yaşıyorum ve telefonla konuşurken sesim bazen gitmiyor karşı tarafın seside bazen gelmiyor",ses_goruntu,negatif
SAKIN BURDAN ALMAYIN YEMİN EDİYORUM SEYYAR SATICIDAN 2. EL ALSAYDIM DAHAÇABUK İLGİLENİRLERDİ. 2 HAFTADA BATARYASI ŞİŞTİ EKRAN YERİNDEN ÇIKTI. APPLE DESTEK OLMUY,genel,negatif
SAKIN BURDAN ALMAYIN YEMİN EDİYORUM SEYYAR SATICIDAN 2. EL ALSAYDIM DAHAÇABUK İLGİLENİRLERDİ. 2 HAFTADA BATARYASI ŞİŞTİ EKRAN YERİNDEN ÇIKTI. APPLE DESTEK OLMUY,batarya,negatif
SAKIN BURDAN ALMAYIN YEMİN EDİYORUM SEYYAR SATICIDAN 2. EL ALSAYDIM DAHAÇABUK İLGİLENİRLERDİ. 2 HAFTADA BATARYASI ŞİŞTİ EKRAN YERİNDEN ÇIKTI. APPLE DESTEK OLMUY,ses_goruntu,negatif
SORUNSUZ DÜZGÜN PAKETLEME VE HIZLI TESLİMAT İLE TESLİM ALDIM KULLANIYORUM SATICIYA VE TEREND YOLA TEŞEKKÜR EDERİM,kargo,pozitif
SORUNSUZ DÜZGÜN PAKETLEME VE HIZLI TESLİMAT İLE TESLİM ALDIM KULLANIYORUM SATICIYA VE TEREND YOLA TEŞEKKÜR EDERİM,ambalaj,pozitif
Samsung Kalitesi,kalite,pozitif
Samsung kalitesine  yakışmayan bir cihaz  ucuz diye almayın aynı paraya Xiaomi redmi note serisi bir telefon tercih edin,genel,negatif
Samsung kalitesine  yakışmayan bir cihaz  ucuz diye almayın aynı paraya Xiaomi redmi note serisi bir telefon tercih edin,kalite,negatif
Samsung kalitesine  yakışmayan bir cihaz  ucuz diye almayın aynı paraya Xiaomi redmi note serisi bir telefon tercih edin,fiyat,pozitif
Samsıngun en iyi telefonu hızlı geldi,kargo,pozitif
Sarji üç saat dayanıyor malesef beğenmedim kesinlikle almayınız,genel,negatif
Sarji üç saat dayanıyor malesef beğenmedim kesinlikle almayınız,batarya,negatif
Satıcı hariç iyi,genel,pozitif
Satıcıya güvenerek alabilirsiniz uzun süredir kullanıyoruz bir sıkıntı çıkmadı kutusu gayet iyi geldi,genel,pozitif
Satıcıya güvenerek alabilirsiniz uzun süredir kullanıyoruz bir sıkıntı çıkmadı kutusu gayet iyi geldi,ambalaj,pozitif
Satılan ürünlerde yani telefon bildiğim kadarıyla şarj kablosu ve başlığı olur lakin bunda kablo var başlık yok işinizi daha düzgün yapmanızı tavsiye ediyorum i,genel,pozitif
Sağ sağlam geldi teşekkür ederim sıkıntısız çok memnun kaldım,genel,pozitif
Sağ sağlam geldi teşekkür ederim sıkıntısız çok memnun kaldım,kalite,pozitif
Sağlam geldi 2 aydır kullanıyorum bir sıkıntı yok,kalite,pozitif
Sağlıklı bir şekilde geldi teşekkürler.,genel,pozitif
Severek kullanıyoruz 👌🏼,genel,pozitif
Sevgili Eşime Hediye aldım çok beğendi teşekkür ederim trendyol & teknosa hızlı kargo harika iphone,genel,pozitif
Sevgili Eşime Hediye aldım çok beğendi teşekkür ederim trendyol & teknosa hızlı kargo harika iphone,kargo,pozitif
Siparişi verdikten sonra tam 1 gün içinde teslim edildi. Fakat ürün 1 ay sonra ışıkta titreme yaparak hata vermeye başladı. Teknik servise verdim sorun görülmed,kargo,notr
Siyah söylemiştim farklı bir renk geldi,kalite,negatif
Sonunda aldım gayet güzel bir şekilde hiçbir sıkıntısı olmadan kullanıyorum bazı kurumsal mağazalarda çok çok daha ucuza aldım bunun için Trendyol a çok teşekkü,fiyat,pozitif
Sorunsuz bir şekilde geldi.,genel,pozitif
Sorunsuz bir şekilde teslim aldım teşekkürler telefon çok güzel kardeşime aldık 33809.02 ye aldım :),kargo,pozitif
Sorunsuz elime ulaştı,kargo,pozitif
Sorunsuz elime ulaştı beğendim telefonu ama 20. gün kapandi kendi kendine servise yolladım ve bir aydır telefonsuzum bir aydan sonra arayıp telefonun yapilamica,genel,negatif
Sorunsuz elime ulaştı beğendim telefonu ama 20. gün kapandi kendi kendine servise yolladım ve bir aydır telefonsuzum bir aydan sonra arayıp telefonun yapilamica,kargo,negatif
Sorunsuz geldi,genel,pozitif
"Sorunsuz geldi , tavsiye ederim",genel,pozitif
Sorunsuz geldi eşim icin aldık cok memnun,genel,pozitif
Sorunsuz geldi eşim için hediye almıştım,genel,pozitif
Sorunsuz kullanıyorum paketleme çok güzeldi sorunsuz ve hızlı geldi teşekkürler 👌🏽,kargo,pozitif
Sorunsuz kullanıyorum paketleme çok güzeldi sorunsuz ve hızlı geldi teşekkürler 👌🏽,ambalaj,pozitif
Sorunsuz ulaştı,genel,pozitif
Sorunsuz ulaştı çok güzel teşekkür ederim,genel,pozitif
Sorunsuz ve hızlı teslimat .,kargo,pozitif
Sorunsuz şekilde elime ulaştı satıcıya teşekkür ederim her şey mükemmel,genel,pozitif
Sorunsuz şekilde elime ulaştı satıcıya teşekkür ederim her şey mükemmel,kargo,pozitif
Sorunsuz şekilde elimize ulaştı ayrıca telefon kılıfı hediyesi için teşekkür ederiz 🙏,genel,pozitif
Süperrr bayıldım kargo güzeldi telefon sorunsuz,genel,pozitif
Süperrr bayıldım kargo güzeldi telefon sorunsuz,kargo,pozitif
Sürekli sorun çıkarıyo delirtiyor ya sabrediyorum bakalım nereye kadar,genel,negatif
Sıfır kutu aldığım halde ürün sanki yenilenmiş bir cihaz . iPhone’un göre yavaş bazen dokunmatiği basmıyor böyle bir şey olamaz güya Teknosa güvenilir bir satıc,genel,negatif
Sıfır kutu aldığım halde ürün sanki yenilenmiş bir cihaz . iPhone’un göre yavaş bazen dokunmatiği basmıyor böyle bir şey olamaz güya Teknosa güvenilir bir satıc,kalite,negatif
Sıfır kutuyu ben açtığım halde kenarı çizik geldi medya market satıcıdan aldım iademin gerçekleşmesini istiyorum.,kalite,negatif
Sıkıntısız bir şekilde geldi herhangi bir problem olmadı rahatlıkla alabilirsiniz,genel,pozitif
TEKNOSA DEFOLU ÜRÜN GÖNDERMİŞ. ARKADAŞLAR DİKKAT EDİN. SIFIR DİYE ALDIM. LENSLERİN OLDUĞU KISIMDA DARBE  İZLERİ MEVCUT.TEKNOSA İNSANLARI KANDIRARAK MI TİCARET Y,kalite,negatif
Tafsiye ederim istediğimiz gibi geldi memnunuz,genel,pozitif
Tam belirtildiği gibi satıcıya teşekkürler,genel,pozitif
Tam fiyat performans ürünü,fiyat,pozitif
Tam istediğim gibi hiç düşünmeden alabilirsiniz,genel,pozitif
Teknosa satısından aldım trendyol satıcısından geldi ayrıca faturası yok Allah’tan e faturası var fakat trendyol olarak geçiyor ve hiç bişeye sarılmamış küçücük,genel,negatif
Teknosadan sakın almayın sıfır ürünün flaş bölgesinde toz çıktı degişim yapmıyor servise gönderiyor,genel,negatif
Telefon  fotoğraf çekimi falan iyi sorun yok ama ısınıyor sıfır telefon nasıl ısınır dört yıl kullandığım telefon da böyle ısınma gibi bir durum olmadı,batarya,negatif
Telefon  fotoğraf çekimi falan iyi sorun yok ama ısınıyor sıfır telefon nasıl ısınır dört yıl kullandığım telefon da böyle ısınma gibi bir durum olmadı,ses_goruntu,pozitif
Telefon bozuk,genel,negatif
Telefon bozuk,kalite,negatif
Telefon cok iyi bu fiyata alınabilecek en iyi telefon kesinlikle hem de samsung kalitesiyle..tek dezavantajı sarj adaptörü cıkmaması..onun dışında tavsiye edili,genel,pozitif
Telefon cok iyi bu fiyata alınabilecek en iyi telefon kesinlikle hem de samsung kalitesiyle..tek dezavantajı sarj adaptörü cıkmaması..onun dışında tavsiye edili,kalite,pozitif
Telefon cok iyi bu fiyata alınabilecek en iyi telefon kesinlikle hem de samsung kalitesiyle..tek dezavantajı sarj adaptörü cıkmaması..onun dışında tavsiye edili,fiyat,pozitif
Telefon daha kullanmadım ama köpükle balonla bilmem neyle gönder kardeşim öyle kartona sarıp yollamışlar,genel,negatif
"Telefon dün elimize ulaştı, asla özenli bir kargo olmamıştı. Sonuçta teknolojik bir alet olduğu için telefona ayrı bir özen verilir diye düşünmüştük. Şansa tele",kargo,negatif
Telefon geldi ama faturası nıye yok. Garantisini nasıl başlatacaz,genel,negatif
Telefon güzel  hatasız iyi paketlenmiş teşekürler,ambalaj,pozitif
Telefon güzel boyutu falan da aşırı büyük değil babama aldık samsung kalitesi şaşırtmadı 🤌🏻( kargo da güzel paketleme yapmış),kargo,pozitif
Telefon güzel boyutu falan da aşırı büyük değil babama aldık samsung kalitesi şaşırtmadı 🤌🏻( kargo da güzel paketleme yapmış),kalite,pozitif
Telefon güzel boyutu falan da aşırı büyük değil babama aldık samsung kalitesi şaşırtmadı 🤌🏻( kargo da güzel paketleme yapmış),ambalaj,pozitif
Telefon güzel de paketleme konusunda biraz sıkıntılı.Sağlam geldi ve hızlı ulaştı.Paketlemeyide biraz daha özenli yaparsanız bi problem yok,kalite,pozitif
Telefon güzel de paketleme konusunda biraz sıkıntılı.Sağlam geldi ve hızlı ulaştı.Paketlemeyide biraz daha özenli yaparsanız bi problem yok,ambalaj,negatif
Telefon güzel paketleme çok kötü kargo çok geç geldi,kargo,negatif
Telefon güzel paketleme çok kötü kargo çok geç geldi,ambalaj,negatif
Telefon hakkında yorumum yok zaten belli Iphone kalitesi ancak satıcı garanti belgesini göndermedi kutu içerisinde herhangi bir garanti belgesi fatura yok ileti,kalite,negatif
Telefon iyi ama şarjdayken çok ısınıyor,batarya,negatif
Telefon ne zaman alsam pişman değilim teşekkürler Trendyol,genel,pozitif
Telefon sağlam geldi ama 38.000 alıyorsun yanında kılıf hediye edilebilirdi,kalite,pozitif
Telefon sorunusuz bir şekilde geldi  Paketleme çok iyidi Eşime aldım çok beğendi çok şuan,ambalaj,pozitif
Telefon çok güzel geldi beğendim tavsiye ediyorum,genel,pozitif
Telefon çok iyi özellikle Şarj konusunda çok memnun kaldım,genel,pozitif
Telefon çok iyi özellikle Şarj konusunda çok memnun kaldım,batarya,pozitif
Telefon şarj adaptörü neden yok çıkmadı kutudan,genel,negatif
Telefon şarjdayken dokunmatik çalışmıyor :( böyle birşey olabilir mi.,kalite,negatif
Telefon şarjdayken dokunmatik çalışmıyor :( böyle birşey olabilir mi.,batarya,negatif
Telefona söylenecek lafım yok ztn paketleme falan iyiydi ama tam 5 günde geldi ondan dolayı 2 yaldız,kargo,notr
Telefonu alalı 2 ay oldu. Birden şarj kesildi telefon şarj etmeyince garantiye gönderdim telefonumda donanımsal hata olduğunu söylediler tüm donanımsal parçalar,batarya,negatif
Telefonu alalı bir yıl yeni doldu fakat pil seviyesi aldığım ilk aydan itibaren düşmeye başladı ve Şuan %85 yalnızca kendi şarj adaptörü mlr şarj ettim özen gös,batarya,negatif
Telefonu aldım normalde benim bildiğim sıfır telefon alınca kutunun arkasında açma yeri oluyor bu telefonda yoktu,ambalaj,notr
Telefonu aldığımız ilk günden güncelleme ilk gün bile kasıyo arkadaşlar:D,genel,negatif
Telefonu henüz kullanmadık iyi görünüyor şimdilik. fakat içerisinde neden şarj adaptörü yok anlamış değilim sadece kablo var onun da iki ucu da aynı neden norma,genel,notr
Telefonu teslim aldık 2 gündür kullanıyoruz bir sıkıntı yok. Ancak kargo çok kötü ezilmiş bir vaziyette geldi. Trendyol gibi bir sitenin paketlemesine dikkat et,kargo,negatif
Telefonu teslim aldık 2 gündür kullanıyoruz bir sıkıntı yok. Ancak kargo çok kötü ezilmiş bir vaziyette geldi. Trendyol gibi bir sitenin paketlemesine dikkat et,ambalaj,negatif
Telefonu yaklaşık bir ay önce aldım ve ciddi isinma problemi var telefonda. Bu sorun tüm İphonelarda var mi yoksa bana arızalı telefon mu gönderildi bilmiyorum.,kalite,negatif
Telefonu yaklaşık bir ay önce aldım ve ciddi isinma problemi var telefonda. Bu sorun tüm İphonelarda var mi yoksa bana arızalı telefon mu gönderildi bilmiyorum.,batarya,negatif
Telefonu çok beğendim bu kadar kullanışlı olacağını ummuyordum,genel,pozitif
Telefonumda şuan bazı arızalar var garanti sürem daha dolmadı garantiye göndermek istiyorum ne yapmam lazım,genel,notr
Telefonun kendisi zaten çok güzel Dicek bir şey yok ama kargo çok uzun sürdü gelmesi gereken zamanda gelmedi bu yönden trendyol express eksiiiii,kargo,negatif
Telefonun sağ üst kısmında küçük bir çiziğe denk geldim,genel,negatif
Tereddüt etmeden alabilirsiniz hiç bir sorun yaşamadım gayet memnunum,genel,pozitif
Tereddüt etmiştim ama şuana kadar bir sorun yok memnun kaldım,genel,pozitif
Teslimatbyavaşdı yalan yok 5 günde zor geçti elime,kargo,negatif
Teşekkür ederim çok güzel kusursuz teslim aldım apple farkı,kargo,pozitif
Trendyol öğrenci desteğine uygun fatura göndermiyor.,fiyat,negatif
Uygun fiyat hızlı kargo teşekkürelr..,kargo,pozitif
Uygun fiyat hızlı kargo teşekkürelr..,fiyat,pozitif
Uzun süredir almak istiyordum ve aldım harika alınmalı,genel,pozitif
Vallaha geç geldi ama güzel geldi çok da beğendim memnun kaldım 2aydırda kullanıyorum şükür bir sorunu yok❤️‍🔥,genel,pozitif
Vallaha geç geldi ama güzel geldi çok da beğendim memnun kaldım 2aydırda kullanıyorum şükür bir sorunu yok❤️‍🔥,kargo,negatif
Vatan bilgisayardan aldım.sorunsuz ve hızlı geldi. Gayet başarılı,kargo,pozitif
Verdigim her bir liraya yazık ettim. Iphone = kalite yalanını bizzat yaşıyorum bir  güncelleme yaptı ki artık telefon ile konuşma yapmak hayal oldu hat yok ibar,kalite,negatif
Wp arka resmini degistrince mesaj yazilan kisim titriyor sebebini cozemedim insgtramda reel izlerken bazen saniyelik ekran parlakligi dusuuyor hersey kapali olm,ses_goruntu,negatif
Yaklaşık 1 aydır hiç bir sorun çıkmadı çok beğenerek kullanıyorum teşekkürler,genel,pozitif
Yaklaşık 10 ay önce aldım donma ve kasma problemi yaşıyorum bir yıl ek garanti de aldık telefonu hangi servise gönderebilirim,genel,negatif
Yavaş kargo,kargo,negatif
Yeni Geldi Elime Şimdilik Bi Sıkıntı Yok Kargo Vs Paketleme Güzel,kargo,pozitif
Yeni Geldi Elime Şimdilik Bi Sıkıntı Yok Kargo Vs Paketleme Güzel,ambalaj,pozitif
Yeni kullanmaya başladım şuanlık güzel,genel,pozitif
Yetkili satıcıdan almayı tercih ederek aldım problemsiz elime ulaştı,kargo,pozitif
Ziraat ve enpara gibi bankacılık uygulamalarında donuyor. Mobil internet hızı düşük.,genel,negatif
adığım 10 gün oldu oyun oynarken telefon yanıyor nedenini bilmiyorum aslında videolarında en güçlü oyunları bile oynarken ısınmaz diyordu,batarya,negatif
adığım 10 gün oldu oyun oynarken telefon yanıyor nedenini bilmiyorum aslında videolarında en güçlü oyunları bile oynarken ısınmaz diyordu,ses_goruntu,negatif
alalı  bir buçuk ay oldu çok güzel telefon bi sorun yaşamadım kullanışlı hızlı şarj oluyor kamerası güzel iyi ki almışım diyorum umarım uzun süre benle olur,batarya,pozitif
alalı  bir buçuk ay oldu çok güzel telefon bi sorun yaşamadım kullanışlı hızlı şarj oluyor kamerası güzel iyi ki almışım diyorum umarım uzun süre benle olur,ses_goruntu,pozitif
aldığıma pişman  oldum şarjı yarım gün dayanmıyor,genel,negatif
aldığıma pişman  oldum şarjı yarım gün dayanmıyor,batarya,negatif
almaya değer bir ürün,genel,pozitif
almaya değer bir ürün,fiyat,pozitif
alın çok güzel,genel,pozitif
amcamın oğlu na aldık çok beğendi trenyol hem uygun heme kolay ulaşılıyor sparişleri hıc ihmal etmezler teşekkür ederim,genel,pozitif
amcamın oğlu na aldık çok beğendi trenyol hem uygun heme kolay ulaşılıyor sparişleri hıc ihmal etmezler teşekkür ederim,fiyat,pozitif
android den geçiş yaptım biraz zorlanıyorum ama alışacagim  efsane aşık oldum 😂 hızlı geldi ve sağlam paketlenmisti satıcıya teşekkür ederim 🙏🏻  güncellememe,kargo,pozitif
android den geçiş yaptım biraz zorlanıyorum ama alışacagim  efsane aşık oldum 😂 hızlı geldi ve sağlam paketlenmisti satıcıya teşekkür ederim 🙏🏻  güncellememe,kalite,pozitif
android den geçiş yaptım biraz zorlanıyorum ama alışacagim  efsane aşık oldum 😂 hızlı geldi ve sağlam paketlenmisti satıcıya teşekkür ederim 🙏🏻  güncellememe,ambalaj,pozitif
annem için aldım rahat kullanıyor,genel,notr
anneme aldım çok begendik,genel,pozitif
anneme hediye aldım iyiki almışım çok güzel telefonn,genel,pozitif
anneme hediye aldım çok memnun,genel,pozitif
anneme hediye olarak almıştım ve çok da memnun kullanırken,genel,pozitif
"anneme ve kendime aldim cok memnunuz hic düşünmeden alabilirsiniz, bu pahalılıkta en güzel telefon bu",genel,pozitif
"anneme ve kendime aldim cok memnunuz hic düşünmeden alabilirsiniz, bu pahalılıkta en güzel telefon bu",fiyat,pozitif
arkadaşlar firma ürünü faturasız gönderdi kutuyu açmadığım için iade ettim defalarca fatura istemem rağmen ürünün faturasıı temin edemediler satıcı trendyola yö,genel,negatif
babam 4 aydir kullaniyor ve memnun,genel,pozitif
babama hediye olarak aldık duruşu güzel,genel,pozitif
bana gönderilen bu cihaz müthiş birde aparatlari olsaydı dahada iyi olurdu pataryasi ve kılıfı ekran koruyucu yok,genel,pozitif
beklediğim gibi tavsiye ederim,genel,pozitif
beklediğimden daha iyi,genel,pozitif
bi ton para verip içinde şarz adaptörü olmaması çok yanlış ayrıyeten para verip adaptör almak doğru değil,fiyat,negatif
bi ton para verip içinde şarz adaptörü olmaması çok yanlış ayrıyeten para verip adaptör almak doğru değil,batarya,negatif
bir sorun çıkmadı alınabilir,genel,pozitif
birkaç gün önce buradan 40bin liraya aldım şimdi aynı yerde aynı telefon 39bin liraya satılıyor. amazon'da ise 38bin liraya satılıyor.,genel,notr
bu fiyata bu ürün normal. güzel,fiyat,pozitif
bu satıcadan ürün almanızı tavsiye etmiyorum ürünlerinde sorun yaşanıyor,genel,negatif
bu urunu iade icin gonderdim kutusunu hic acmadim 20 nisanda teslim almislar hala iade inceleniyor diyor trendyol asistandan musteri hizm canli baglandim 21 is,kargo,negatif
bu urunu iade icin gonderdim kutusunu hic acmadim 20 nisanda teslim almislar hala iade inceleniyor diyor trendyol asistandan musteri hizm canli baglandim 21 is,ambalaj,negatif
cok güzel bir telefon memnun kaldim,genel,pozitif
dokunmadığı çok kötü bazen hiç basmıyor hatta kesinlikle tavsiye etmem,genel,negatif
elime sapa sağlam geldi paketleme çok özenliydi teşekkür ederim.,kalite,pozitif
elime sapa sağlam geldi paketleme çok özenliydi teşekkür ederim.,ambalaj,pozitif
esime aldikdan sonra annemede siparis  verdik sahane düşünmeden alabilirsiniz,genel,pozitif
eşim yılbaşı hediyesi aldı severek kullanıyorum gayet sağlam özenli bi şekilde geldi,kalite,pozitif
eşime aldım çok beğendi paketleme güzeldi teşekkürler almak isteyenler düşünmeden alabilir,ambalaj,pozitif
eşime doğum günü hediyesi olarak aldım memnun kaldı,genel,pozitif
eşime supriz olarak aldım çok beğendi sorunsuz elimize ulaştı gönül rahatlığı ile alabilirsiniz,genel,pozitif
f/p iyi güzel,genel,pozitif
f/p ürünü güzel,genel,pozitif
fatura gelmedi ilgilenen biri ulaşabilir mi,genel,negatif
"fatura göndermediler bakalım 1 2 gün bekleyeceğim, aksi taktirde yasal hakkımı kullanıp vergi dairesine şikayette bulunacağım. fatura gönderirlerse yorumu değiş",genel,notr
faturadan dolayı problem yaşadım destekten faydalanamadim,genel,negatif
faturam gelmedi faturayı gonderirmsnz fatura görüntüleme kısmında çıkmıyor,genel,negatif
faturam gelmedi istiyorum ikidebir asistanı atıyor oradan da gelmedi bide kurumsal  firma olacaksınız,genel,notr
faturam gelmemiş lütfen faturamı gönderin,genel,notr
faturam neden gelmedi,genel,notr
faturası için de yok,genel,negatif
faturaya tc kimlik numarası ekleniyor mu?,genel,notr
faturayla ilgili sorun çıktığı için iade etmek zorunda kaldım,genel,negatif
fena değil alinabilir,genel,pozitif
fiyat performans denilebilir,fiyat,pozitif
fiyat performans olarak güzel bir ürün. anneme aldık şuanlık memnun,genel,pozitif
fiyat performans olarak güzel bir ürün. anneme aldık şuanlık memnun,fiyat,pozitif
fiyat performans ürünü,fiyat,pozitif
fiyatina göre iyi telefon,fiyat,pozitif
fiyatı 18.500 dü 10 gün kadar önce. sepetimde durdu 2 saat. belirli sebeplerden dolayı hemen alamadım. tam satın alacaktım ki fiyatı bin tl yükseldi. çok zoruma,fiyat,notr
fiyatı ucuz kalitesi sağlam hiç düşünmeyin,kalite,pozitif
fiyatı ucuz kalitesi sağlam hiç düşünmeyin,fiyat,pozitif
fiyatına göre iyi telefon.,fiyat,pozitif
garanti belgesi ve faturası gönderilmemiş eksik geldi.,genel,negatif
garanti belgesi çıkmadı içinden . iade mi etmem gerekiyor şimdi.,genel,negatif
gayet güzel bir telefon alabilirsiniz sorunsuz geldi,genel,pozitif
gayet güzel şuan sorunsuz bir şekilde kullanıyorum,genel,pozitif
gayet yerinde fiyat performans,fiyat,pozitif
gayette iyi beğendim fiyatına göre çok iyi,genel,pozitif
gayette iyi beğendim fiyatına göre çok iyi,fiyat,pozitif
görüntü kalitesi iyi. şu an stabil çalışıyor ama hafıza doldukça yavaşlamaya başladı,kalite,pozitif
görüntü kalitesi iyi. şu an stabil çalışıyor ama hafıza doldukça yavaşlamaya başladı,ses_goruntu,pozitif
güvenle alıp kullanabilirsiniz teşekkür ederim satıcı firmaya kargoda baya hızlıydı helal,kargo,pozitif
güzel,genel,pozitif
güzel  telefon.tavsiye ederim,genel,pozitif
güzel begendik,genel,pozitif
güzel bir telefon hasarsız geldi ama güzel paketlenmemiş kırılabilirdi.,kalite,pozitif
güzel bir telefon hasarsız geldi ama güzel paketlenmemiş kırılabilirdi.,ambalaj,pozitif
güzel bir ürün iki tane aldım,genel,pozitif
güzel geldi,genel,pozitif
güzel iş görüyor ancak kutudan adaptör çıkmadığı için vede usb kablo başka adaptörlere uymadığı için ekstradan 545 tl ye adaptör almak durumunda kaldık değerlen,fiyat,negatif
güzel paketlenmiş,ambalaj,pozitif
güzel sevdim,genel,pozitif
güzel telefon,genel,pozitif
güzel telefon görünüşünü çok beğendim,genel,pozitif
güzel telefon ucuz da yani ayrıca kamerası çok güzel çekiyor. fazla para verip başka  telefon almaya gerek yok yani. gerçi bizde fazla parada yok zaten o da far,fiyat,pozitif
güzel telefon ucuz da yani ayrıca kamerası çok güzel çekiyor. fazla para verip başka  telefon almaya gerek yok yani. gerçi bizde fazla parada yok zaten o da far,ses_goruntu,pozitif
güzel ve kaliteli,kalite,pozitif
güzel ürün itina ile hazırlanmış güzel geldi,genel,pozitif
güzel ürün paketleme güzel ve hızlı geldı teşekkür ederim,ambalaj,pozitif
harika tavsiyemdir,genel,pozitif
harika ürün herkese tavsiye ederim güzel paketleme,genel,pozitif
harika ürün herkese tavsiye ederim güzel paketleme,ambalaj,pozitif
harıka cok iyi tam aradıgımız telefon kızım için aldık çok begendı,genel,pozitif
hiç tereddüt etmeden aldım ve iyiki almışım kargoda hızlıydı teşekkürler,kargo,pozitif
hoş ve güzel faturasız geldi,genel,pozitif
hızlı bir şekilde elime ulaştı Ürün  güzel paketleme biraz özensizdi,genel,pozitif
hızlı bir şekilde elime ulaştı Ürün  güzel paketleme biraz özensizdi,kargo,pozitif
hızlı bir şekilde elime ulaştı Ürün  güzel paketleme biraz özensizdi,ambalaj,negatif
hızlı geldi,kargo,pozitif
hızlı kargo,kargo,pozitif
hızlı teslimat. sorunsuz ürün,kargo,pozitif
iPhone 13 hayallerimin telefonu arkadaşlar ben aşırı memnunum tavsiye ederim,genel,pozitif
"iPhone 8 Plus, iPhone 11 ve sonrasında iPhone 13 arasında belirgin farklar olsa da,iPhone 13’te kamerada canlı renk tonları eklenmiş ve işlemci daha güçlü, anca",ses_goruntu,notr
iPhone kalitesi eşime aldım çok beğendi,kalite,notr
ikinci telefonu istedim çok güzel,genel,pozitif
ilk basta saticiyla biraz sorun yaşadık ama stogumuz kalmadi dediler ama geri gönderdiler,genel,negatif
indirmde eşime hediye almıştım çok memnun kaldık,genel,pozitif
"internete bağlanma sorunu var,",genel,negatif
iphone killer,genel,notr
istediğim gibi geldi teşekkürler,genel,pozitif
iyi,genel,pozitif
iyi gibi yani,genel,pozitif
iyi güzel sorunsuz geldi,genel,pozitif
iyi iyi iş görüyor.,genel,pozitif
işlemci sandığımdan yetersiz çıktı gündelik kullanım için alınabilir.,genel,notr
kardeşime aldım beğendi.,genel,pozitif
kardeşime aldım gayet iyi beğendi,genel,pozitif
kardeşimin doğum günü hediyesi için almıştım çok beğendi çok uygunada aldım,fiyat,pozitif
kargo hızlı paketleme guzeldi,kargo,pozitif
kargo hızlı paketleme guzeldi,ambalaj,pozitif
kargo içeriğinde faturaya rastlamadım. telefon kutusunu açmadım. kutu içindemi fatura.,kargo,notr
kargo çok hızlıydı,kargo,pozitif
kargolama paketleme çok iyi faturasyla ulasti,kargo,pozitif
kargolama paketleme çok iyi faturasyla ulasti,ambalaj,pozitif
kayıt dışıdır diye mesaj  geldi kvk lı değil mi cihaz,genel,notr
kazasız bir şekilde iPhone sağlam teslim aldık teşekkür ederiz emeği geçen herkese saygılar sevgiler diliyorum,kargo,pozitif
kazasız bir şekilde iPhone sağlam teslim aldık teşekkür ederiz emeği geçen herkese saygılar sevgiler diliyorum,kalite,pozitif
kaç gün geçti hala fatura bekliyorum,genel,negatif
kesinlikle beyaz alın,genel,notr
kesinlikle tavsiye etmiyorum Aras kargo ile çalışıyorlar ve çok sorumsuz bı kargo firimasi kargomu benden habersiz başka birine vermişler şuan çok mağdurum hiç,genel,negatif
kesinlikle tavsiye etmiyorum Aras kargo ile çalışıyorlar ve çok sorumsuz bı kargo firimasi kargomu benden habersiz başka birine vermişler şuan çok mağdurum hiç,kargo,negatif
keşke içine boş poşet koymak yerine daha güvenli ve sağlam gelmesini saglicak bişi koysaydiniz,kalite,negatif
kulaklık ve şarj olsaydı çok iyi olurdu  tlfonunum çok güzel memnun kaldım,genel,pozitif
kulaklık ve şarj olsaydı çok iyi olurdu  tlfonunum çok güzel memnun kaldım,batarya,pozitif
kullanışlı,genel,notr
kurulumunu çok zor yaptım şu anlık iyi içiniz rahat edecekse burdan alın etmeyecekse bayiden alın siz,genel,pozitif
kusurlu ürün gönderildi. sağ üstte nokta gibi şekiller var ve alt kısımda da lekeler mevcut. iade gönderiyorum,kalite,negatif
kutu özenlidi sadece fatura yoktu e-posta atıyorlar ürün orijinal garanti,kalite,pozitif
kutuda çıkardım şarja taktım olmadı ürünü garantiye gonderdim,batarya,notr
kutunun içinden şarj adaptörü çıkmadi neden,genel,negatif
küçük bir telefonu kocaman  karton kutuya koyup göndermek.  koruyucu poset dahi yoktu telefon kutunun içerisinde bi oyana bi bur yana sağlıksız geldi kargoda,kargo,notr
küçük bir telefonu kocaman  karton kutuya koyup göndermek.  koruyucu poset dahi yoktu telefon kutunun içerisinde bi oyana bi bur yana sağlıksız geldi kargoda,ambalaj,notr
kızma ve kendime aldım kullanışlı bir telfon,genel,notr
kızıma aldım teknosaya teşekür ederim sorunsuz ulaştı elime  sağlam firma,kalite,pozitif
magzadan alın kusurlu ürün gönderiyolar,kalite,negatif
memnun kaldim tmeiz media marketten geldi güzel cihaz teşekürler,genel,pozitif
memnun kaldık sorunsuz geldi,genel,pozitif
memunun kaldım almanızı tavsiye ederim,genel,pozitif
mukemmel🙏😊,genel,pozitif
mükemmel bir f/p telefonu,genel,pozitif
"mükemmel. kendim aldım, çok memnun kaldım. akabinde hanımada aldım.",genel,pozitif
naasıll memnun kaldik nasıllll bir bilsenizz sarj kablomuzda bu sekilde geldi 10 numara 5 yildız daha ne olsun bu  son olsun,genel,pozitif
naasıll memnun kaldik nasıllll bir bilsenizz sarj kablomuzda bu sekilde geldi 10 numara 5 yildız daha ne olsun bu  son olsun,batarya,pozitif
oglum icin almisrim cok memnun guzel kullanisli tskler samsung  herkes gönul rahatligiyla alabilir,genel,pozitif
ogluma aldım cok begendı ıkı gunde elime ulastı,kargo,pozitif
ogrenci vergi indiriminden faydalanmak icin alanlar asla almasin bir ton ugrasmama ragmen faturayi dogru sekilde duzenlemiyorlar paketi hic acmadan iade ettim v,fiyat,negatif
orjinal apple kutusu neden değil bilgi verir misiniz? böyle bir şey alana kadar yazmıyordu,kalite,negatif
orjinal apple kutusu neden değil bilgi verir misiniz? böyle bir şey alana kadar yazmıyordu,ambalaj,negatif
orjinal ürün hızlı teslimat ve diğer satıcılara göre uygun fiyat. insan bı hediye kılıf ekran koruyucu koyardı ama,kargo,pozitif
orjinal ürün hızlı teslimat ve diğer satıcılara göre uygun fiyat. insan bı hediye kılıf ekran koruyucu koyardı ama,kalite,pozitif
orjinal ürün hızlı teslimat ve diğer satıcılara göre uygun fiyat. insan bı hediye kılıf ekran koruyucu koyardı ama,fiyat,pozitif
orjinal ürün hızlı teslimat ve diğer satıcılara göre uygun fiyat. insan bı hediye kılıf ekran koruyucu koyardı ama,ses_goruntu,pozitif
oğlum kullanıyor ve çok güzel kamerası aşırı kullanisli,ses_goruntu,pozitif
oğluma  hediye aldım,genel,notr
paketleme güzel kargo hızlı orjinal ürün alin aldırın tskler,kargo,pozitif
paketleme güzel kargo hızlı orjinal ürün alin aldırın tskler,kalite,pozitif
paketleme güzel kargo hızlı orjinal ürün alin aldırın tskler,ambalaj,pozitif
paketleme hic guzel degildi ama telefon guzel begedim,ambalaj,negatif
paketleme ve ulaşım güzel teşekkürler,ambalaj,pozitif
paketleme çok iyi patpat ve koliyle yollamışlar araya hafta sonu girdiği icin gec geldi ama sorunsuz geldi kargo hizli olabilirdi,kargo,negatif
paketleme çok iyi patpat ve koliyle yollamışlar araya hafta sonu girdiği icin gec geldi ama sorunsuz geldi kargo hizli olabilirdi,ambalaj,pozitif
paraninin hakkını veriyor,fiyat,notr
parasina göre iyi,fiyat,pozitif
saglam ulasti elime kisa surede memnun kaldim,genel,pozitif
saglam ulasti elime kisa surede memnun kaldim,kalite,pozitif
saj cihazım gelmedi. özensiz bir paketti   hiç memnun kalmadim,genel,negatif
samsun güzel,genel,pozitif
samsung galaksy a30 dan geçitiğim için biraz boyutu küçük geldi onun dışında iyi sorunsuzdu,genel,pozitif
samsung galaxy a24 aldım oğluma bugün geldi ama içinden sarj adaptörü ve kablosu yok koskoca samsung bu kadar dustumu yazık okadar para ver bide sadece iki tara,fiyat,negatif
satıcı bir türlü faturayı yollamadı almayın arkadaslar,genel,negatif
sağlam geldi,kalite,pozitif
sağlam geldi paketleme iyi şarj kablosu arızalı geldi.Ucuz sanmayın şarj adaptörü şarj kablosu 1200yl yapıyo onuda ekleyin fiyata,kalite,negatif
sağlam geldi paketleme iyi şarj kablosu arızalı geldi.Ucuz sanmayın şarj adaptörü şarj kablosu 1200yl yapıyo onuda ekleyin fiyata,fiyat,negatif
sağlam geldi paketleme iyi şarj kablosu arızalı geldi.Ucuz sanmayın şarj adaptörü şarj kablosu 1200yl yapıyo onuda ekleyin fiyata,batarya,negatif
sağlam geldi paketleme iyi şarj kablosu arızalı geldi.Ucuz sanmayın şarj adaptörü şarj kablosu 1200yl yapıyo onuda ekleyin fiyata,ambalaj,pozitif
sevdik kardesime aldım,genel,notr
severek kullanıyoruz kesinlikle güvenle ala bilirsiniz,genel,notr
sipariş etimde biraz tereddüt ettim ama İyikii almışım tavsiye ediyorum hem uygun hemde sağlam şekilde elime ulaştı çok teşekkür ediyorum,genel,pozitif
sipariş etimde biraz tereddüt ettim ama İyikii almışım tavsiye ediyorum hem uygun hemde sağlam şekilde elime ulaştı çok teşekkür ediyorum,kargo,pozitif
sipariş etimde biraz tereddüt ettim ama İyikii almışım tavsiye ediyorum hem uygun hemde sağlam şekilde elime ulaştı çok teşekkür ediyorum,kalite,pozitif
sipariş etimde biraz tereddüt ettim ama İyikii almışım tavsiye ediyorum hem uygun hemde sağlam şekilde elime ulaştı çok teşekkür ediyorum,fiyat,pozitif
sonuna kadar güvenip alabilirsiniz içinde kablosu da var,genel,pozitif
sonuna kadar güvenip alabilirsiniz içinde kablosu da var,batarya,pozitif
sorunsuz bi şekilde geldi ve diğer yerlere göre baya uyguna aldım tavsiye ederim,genel,pozitif
sorunsuz bi şekilde geldi ve diğer yerlere göre baya uyguna aldım tavsiye ederim,fiyat,pozitif
sorunsuz bir şekilde ulaştı,genel,pozitif
sorunsuz geldi beğendim ama keşke şarj başlığı olsaydı,genel,pozitif
sorunsuz geldi beğendim ama keşke şarj başlığı olsaydı,batarya,pozitif
sorunsuz geldi elime,genel,pozitif
sorunsuz geldi telefon ama sarj aletinin kafa Kısmı cikmadi o yüzden puan kiriyorum,batarya,negatif
süper beğendim,genel,pozitif
süper iphoneden şaşmam asla,genel,pozitif
süper kalite hızlı kargo güvenilir satıcı,kargo,pozitif
süper kalite hızlı kargo güvenilir satıcı,kalite,pozitif
sıfır  telefonun ekranı cizik geldi ve paket açıktı aradım müsteri hizmetlerini bagla satıcıya  dedim öyle bişey yaapamayız diyor telefonun taksiti geldi ve tel,kalite,negatif
sıfır  telefonun ekranı cizik geldi ve paket açıktı aradım müsteri hizmetlerini bagla satıcıya  dedim öyle bişey yaapamayız diyor telefonun taksiti geldi ve tel,ses_goruntu,negatif
sıfır ürün diye pili değiştirilmiş tamir görmüş yenilenmiş telefonu göndermişler. (telefonu detaylı inceleyince kendisi gösteriyor zaten. süper zeki olmaya gere,genel,negatif
sıfır ürün diye pili değiştirilmiş tamir görmüş yenilenmiş telefonu göndermişler. (telefonu detaylı inceleyince kendisi gösteriyor zaten. süper zeki olmaya gere,kalite,negatif
sıkıntısız teslim edildi güzeş,kargo,pozitif
tahmin ettiğinden çok daha iyi ve hızlı geldi 2 gunde elime ulaştı güzelce  paketlenmişti kullanmaya devam edecem bir sorun olursa yorumumu guncellerim,kargo,pozitif
tahmin ettiğinden çok daha iyi ve hızlı geldi 2 gunde elime ulaştı güzelce  paketlenmişti kullanmaya devam edecem bir sorun olursa yorumumu guncellerim,ambalaj,pozitif
tam bir performans ürünü bir telefondan beklenilen her şeyi karşılıyor. hızı çok iyi.,genel,pozitif
tam istediğim gibi güzel bir şekilde paketlenmiş tavsiye ederim teşekkür ederim 🙂,genel,pozitif
tam istediğim gibi güzel bir şekilde paketlenmiş tavsiye ederim teşekkür ederim 🙂,ambalaj,pozitif
tavsiye ederim.,genel,pozitif
tedirginlikle aldım inşallah memnun kalırım.  Paketi dün açtığımızda köşe detayında küçük bir soyulmaya benzer Bi çizik tarzı bisey var. ses konusunda sıkıntı y,genel,pozitif
tedirginlikle aldım inşallah memnun kalırım.  Paketi dün açtığımızda köşe detayında küçük bir soyulmaya benzer Bi çizik tarzı bisey var. ses konusunda sıkıntı y,kalite,negatif
tedirginlikle aldım inşallah memnun kalırım.  Paketi dün açtığımızda köşe detayında küçük bir soyulmaya benzer Bi çizik tarzı bisey var. ses konusunda sıkıntı y,ses_goruntu,pozitif
telefon aldım ürün teslim edildi gayet iyi çıktı  yıllardır kullanıyorum,kargo,pozitif
telefon bir harika çok beğendim sorunsuz elime ulaştı teşekkür ederim,genel,pozitif
telefon bir harika çok beğendim sorunsuz elime ulaştı teşekkür ederim,kargo,pozitif
telefon guzel evet ama sarj fişi yok başligi ama kablosu var ve hic bir başlığa uymuyor kücük kaliyor onu da gönderseler sevinirdim,genel,pozitif
telefon guzel kullanışlı ancak içerisinden şarj kablosu çıkmadı,genel,pozitif
telefon guzel şarjı çabuk bitiyor,batarya,negatif
telefon güzel ama şarj adaptörü içinde olsa daha iyi olurdu onun dışında güzel,batarya,pozitif
telefon güzel fiyatına göre ama şarj adaptörü çıkmadı içinden,fiyat,pozitif
telefon nun sesi gelip gidiyor sistem sesleri telefonu sıfır diye almıştık,ses_goruntu,negatif
telefon sağlam geldi anneme aldık kamerası baya iyi güvenerek alabilirsiniz,genel,pozitif
telefon sağlam geldi anneme aldık kamerası baya iyi güvenerek alabilirsiniz,kalite,pozitif
telefon sağlam geldi anneme aldık kamerası baya iyi güvenerek alabilirsiniz,ses_goruntu,pozitif
telefon sorunsuz ulaştı ama eksik geldi sadece kablo geldi oda ikitarafıda ince şarj kafası yok?,genel,negatif
telefon çok güzel kızım için aldım çok memnun☺️,genel,pozitif
telefon çok isiniyo,batarya,negatif
telefona çok iyi uydu,genel,pozitif
telefonda sorun yok fakat orjinal kablo şarj etmiyor bozuk çıktı kurulum yapılmış telefonun hepsini gönder diyor Teknosa sadece kablo bozuk her şey neden değişs,genel,negatif
telefonda sorun yok fakat orjinal kablo şarj etmiyor bozuk çıktı kurulum yapılmış telefonun hepsini gönder diyor Teknosa sadece kablo bozuk her şey neden değişs,kalite,negatif
telefonu aldıktan sonra gece çekimi yapma zamanım olmamıştı hiç dün çekip çekip farkettim arka flashla pul pul görüntüler var hemen dönüş sağlarmısınız,ses_goruntu,negatif
telefonu oğluma aldım memnun,genel,pozitif
telefonum sarjda ve kullanirken cok isiniyor 6 ay oldu ve pil sağlığım  95,batarya,negatif
telefonun dokunmatiği arızalı çıktı servise verdim kullanamadan,kalite,negatif
telfonda sorun cıktı yetkili servisle ulasmak istiyorum satıcı mesajıma bakmıyor yardımcı olur musunuz,genel,negatif
"teslimat denildiği tarihte geldi, teslimat konusunda memnun kaldım telefonu da e devlet üzerinden imei sorgulama ile teyit ettim, herhangi bi yerinde çizik vs y",genel,pozitif
"teslimat denildiği tarihte geldi, teslimat konusunda memnun kaldım telefonu da e devlet üzerinden imei sorgulama ile teyit ettim, herhangi bi yerinde çizik vs y",kargo,pozitif
"teslimat denildiği tarihte geldi, teslimat konusunda memnun kaldım telefonu da e devlet üzerinden imei sorgulama ile teyit ettim, herhangi bi yerinde çizik vs y",kalite,negatif
"teşekkür ederiiiz babama aldım çok memnun oldu kamerası falan güzel, sağlam, yeni ve kullanışlı bir ürün almayı çok tereddüt ettim iyiki de almışım güvenilir bi",genel,pozitif
"teşekkür ederiiiz babama aldım çok memnun oldu kamerası falan güzel, sağlam, yeni ve kullanışlı bir ürün almayı çok tereddüt ettim iyiki de almışım güvenilir bi",kalite,pozitif
"teşekkür ederiiiz babama aldım çok memnun oldu kamerası falan güzel, sağlam, yeni ve kullanışlı bir ürün almayı çok tereddüt ettim iyiki de almışım güvenilir bi",ses_goruntu,pozitif
teşekkür ederim Çok hızlı çok güvenli geldi tavsiye ederim,genel,pozitif
teşekkürler,genel,pozitif
tlfn geldi güzel ama paketleme sıfır kutunun kapağı yok bide tlfn açılmıyo şarja taktım gene açılmadı  iadeye edicem şimdi,batarya,negatif
tlfn geldi güzel ama paketleme sıfır kutunun kapağı yok bide tlfn açılmıyo şarja taktım gene açılmadı  iadeye edicem şimdi,ambalaj,negatif
tr garantilimj emin değilim ama gayet iyi suanlik,genel,pozitif
"trendyoldan ve trendyol isimli satıcıdan telefon aldığım güne yazıklar olsun gerçekten. geldiğindeki özensiz paketlemeyi falan geçiyorum. ürünü alalı 2,5 ay old",ambalaj,negatif
uygun,fiyat,pozitif
"vergisiz telefon desteğinden yararlanmak için aldım, faturam henüz bana ulaşmadı maalesef. 8 gündür bekliyorum. telefonu da fatura gelmediği için açamadım. tc k",genel,negatif
yakışıklı kardeşime aldım güzel,genel,pozitif
yanında şarj aleti veya kulaklık olsaydı daha iyi olurdu.,batarya,pozitif
yorumlara bakarak aldim ürün sağlam geldi fakat çok geç geldi 3 gün sürdü ertesi gün falan da gelmedi paketleme de dandikti ama ürün sağlam sorun yok alabilirsi,kargo,negatif
yorumlara bakarak aldim ürün sağlam geldi fakat çok geç geldi 3 gün sürdü ertesi gün falan da gelmedi paketleme de dandikti ama ürün sağlam sorun yok alabilirsi,kalite,pozitif
yorumlara bakarak aldim ürün sağlam geldi fakat çok geç geldi 3 gün sürdü ertesi gün falan da gelmedi paketleme de dandikti ama ürün sağlam sorun yok alabilirsi,ambalaj,negatif
ÇOK BAŞARILI BİR ÜRÜN KESİNLİKLE TAVSİYE EDERİM.,genel,pozitif
Çift hat var yazıyor özelliklerde nereye takıcam bulamadm,genel,notr
Çok araştırıp aldım. Telefonla çok vakit geciren biri olmadığım için özellikleri beni her türlü tatmin eder diye düşünmüştüm. Kamera benim için öncelikli özelli,genel,notr
Çok başarılı ve hızlı bir teslimat tebrik ediyorum,kargo,pozitif
Çok beğendim büyük telefondan geçiş yaptım gayet kullanışlı,genel,pozitif
"Çok beğendim satıcı Trendyol olduğu için hiç bir sorun yaşamadım, çok hızlı bir şekilde elime ulaştı. Paketleme çok güzeldi.",genel,pozitif
"Çok beğendim satıcı Trendyol olduğu için hiç bir sorun yaşamadım, çok hızlı bir şekilde elime ulaştı. Paketleme çok güzeldi.",kargo,pozitif
"Çok beğendim satıcı Trendyol olduğu için hiç bir sorun yaşamadım, çok hızlı bir şekilde elime ulaştı. Paketleme çok güzeldi.",ambalaj,pozitif
Çok beğendim sorunsuz elime ulaştı 1 haftada ve çok memnunum ilk alırken tedirgin olmuştum ama kesinlikle çok iyi memnunum,genel,pozitif
Çok beğendim sorunsuz elime ulaştı 1 haftada ve çok memnunum ilk alırken tedirgin olmuştum ama kesinlikle çok iyi memnunum,kargo,pozitif
Çok geç ulaştı elime beklediğim gibi gelmedi daha kaliteli bekliyordum,kalite,negatif
Çok güzel,genel,pozitif
Çok güzel bir ürün hemde çok uygun paketleme güzeldi hayırlı olsun hanemize,fiyat,pozitif
Çok güzel bir ürün hemde çok uygun paketleme güzeldi hayırlı olsun hanemize,ambalaj,pozitif
Çok güzel geldi eşime aldım,genel,pozitif
Çok güzel paketlenmiş tşk ederim sorunsuz teslim edildi❤️,kargo,pozitif
Çok güzel paketlenmiş tşk ederim sorunsuz teslim edildi❤️,ambalaj,pozitif
Çok güzel telefon harika,genel,pozitif
Çok güzel teşekkürler,genel,pozitif
Çok güzel çok beğendim ama paketlemeye daha özen göstermelisiniz,genel,pozitif
Çok güzel çok beğendim ama paketlemeye daha özen göstermelisiniz,ambalaj,negatif
Çok güzel çok memnunum aldıktan sonra ailedekilere de iki tane daha aldık,genel,pozitif
Çok güzel ürün,genel,pozitif
Çok güzel 💖❤️‍🔥💖❤️‍🔥💖 satıcıya teşekkür ediyorum hemen kargoya verdi,kargo,pozitif
Çok hızlı bir şekilde kargoya verildi hemen ulaştı çok teşekkür ederim ürün Orjinal 24 ay garantili çok teşekkür ederim,kargo,pozitif
Çok hızlı bir şekilde kargoya verildi hemen ulaştı çok teşekkür ederim ürün Orjinal 24 ay garantili çok teşekkür ederim,kalite,pozitif
Çok hızlı geldi çok beğendim cihazi teşekkürler ederim,genel,pozitif
Çok hızlı geldi çok beğendim cihazi teşekkürler ederim,kargo,pozitif
Çok hızlı teslimat oldu.,kargo,pozitif
Çok iyi alın,genel,pozitif
Çok iyi paketlenmiş elime sağlam ulaştı erken teslim almanızı tavsiye ederim,genel,pozitif
Çok iyi paketlenmiş elime sağlam ulaştı erken teslim almanızı tavsiye ederim,kargo,pozitif
Çok iyi paketlenmiş elime sağlam ulaştı erken teslim almanızı tavsiye ederim,kalite,pozitif
Çok iyi paketlenmiş elime sağlam ulaştı erken teslim almanızı tavsiye ederim,ambalaj,pozitif
Çok iyi telefon tavsiye edilir,genel,pozitif
Çok iyi ürün,genel,pozitif
Çok iyi...,genel,pozitif
Çok kullanışlı,genel,notr
Çok kullanışlı iyi ki de almışım diyorum,genel,pozitif
Çok kötüyüm,genel,negatif
"Çok kısa sürede elime ulaştı paketlemesi de iyi ürün de güzel tavsiye ederim, teşekkürler",genel,pozitif
"Çok kısa sürede elime ulaştı paketlemesi de iyi ürün de güzel tavsiye ederim, teşekkürler",kargo,pozitif
"Çok kısa sürede elime ulaştı paketlemesi de iyi ürün de güzel tavsiye ederim, teşekkürler",ambalaj,pozitif
Çok memnun kaldım alırken tereddüt etmiştim iyi ki almışım gönül rahatlığıyla alabilirsiniz,genel,pozitif
Çok memnunum Trendyol satıcısından aldım,genel,pozitif
Çok memnunum iyikı aldım 7 aydır kullanıuorum bı problem yok,genel,pozitif
Çok memnunum yaklaşık 3 aydır kullanıyorum güvenilir alabilirsiniz,genel,pozitif
Çok memnunum. Ancak içinden hiçbir şey çıkmıyor. Pes yani. Samsung da müşterileri akıllı olmayan yerine koyuyor :D,genel,notr
Çok memnunum. Şarz kalitesi çok iyi. Tavsiye ederim.,genel,pozitif
Çok memnunum. Şarz kalitesi çok iyi. Tavsiye ederim.,kalite,pozitif
Çok pratik güEl ürün paketleme sağlam,kalite,pozitif
Çok pratik güEl ürün paketleme sağlam,ambalaj,pozitif
Çok teşekkürler ilk defa internete güvenerek aldım çok güzel öok menunum hiç problem yok,genel,pozitif
"Çok çabuk geldi inanamadık. Anneme hediye almıştım. Sorunsuz geldi, güvenip alabilirsiniz.Teşekkürler.",genel,pozitif
Çok ısınıyor,batarya,negatif
Öncelikle muazzam hızlı bir şekilde elime ulaştı.Yaklaşık 18 saatte elimdeydi telefon.Kargolama biraz daha özenli olabilirdi.Kargonun dışında ezilmeler vardı.Te,kargo,pozitif
Öncelikle muazzam hızlı bir şekilde elime ulaştı.Yaklaşık 18 saatte elimdeydi telefon.Kargolama biraz daha özenli olabilirdi.Kargonun dışında ezilmeler vardı.Te,ambalaj,negatif
Özenle paketlenmiş ve İyiki almışım çok memnunum tavsiye ederim 👍,genel,pozitif
Özenle paketlenmiş ve İyiki almışım çok memnunum tavsiye ederim 👍,ambalaj,pozitif
ÜRÜN İYİ FİYAT ÇOK YÜKSEK,fiyat,negatif
ÜRÜN İYİ FİYAT ÇOK YÜKSEK,fiyat,negatif
Ürüm sağlam bir şekilde elime teslim edildi. İçinden adaptörü de çıkıyor. Bir aydır kullanıyorum ve hiçbir sıkıntı yok teşekkür ederim,kargo,pozitif
Ürüm sağlam bir şekilde elime teslim edildi. İçinden adaptörü de çıkıyor. Bir aydır kullanıyorum ve hiçbir sıkıntı yok teşekkür ederim,kalite,pozitif
Ürün  gayet güzel satıcıya çok teşekkür ederim gayet sağlam ve başarılı bir paketleme olmuş ve kargom çok çabuk geldi güvenle alına bilir tavsiye ederim.,genel,pozitif
Ürün  gayet güzel satıcıya çok teşekkür ederim gayet sağlam ve başarılı bir paketleme olmuş ve kargom çok çabuk geldi güvenle alına bilir tavsiye ederim.,kargo,pozitif
Ürün  gayet güzel satıcıya çok teşekkür ederim gayet sağlam ve başarılı bir paketleme olmuş ve kargom çok çabuk geldi güvenle alına bilir tavsiye ederim.,kalite,pozitif
Ürün  gayet güzel satıcıya çok teşekkür ederim gayet sağlam ve başarılı bir paketleme olmuş ve kargom çok çabuk geldi güvenle alına bilir tavsiye ederim.,ambalaj,pozitif
Ürün 5 günde anca gelime ulaştı ayrıca faturası yok lütfen faturasını gönderin ürünün ayrıca paketleme çok özensiz,kargo,negatif
Ürün ambalajı şeffaf jelatin üstünde yoktu. Açılmıştı sanırım daha önce iade edilen bir ürünü tarafıma göndermişler. Ürün içerisinden faturası çıkmadı faturanın,genel,negatif
Ürün ambalajı şeffaf jelatin üstünde yoktu. Açılmıştı sanırım daha önce iade edilen bir ürünü tarafıma göndermişler. Ürün içerisinden faturası çıkmadı faturanın,kalite,negatif
Ürün anlatıldığı gibi geldi sorunsuz bi şekilde elimize ulaştı e fatura meilime geldi alalı 4 ay oldu genel olarak satıcıdan memnunum bidaha ürün alacak olursam,genel,pozitif
Ürün açılmadı sarjı yoktur umarım sarj aletim bugun saat 7 de gelecek açılmazsa iade yapacam hayal kırıklığı yaşıyorum o kadar da para verdim,fiyat,negatif
Ürün açılmadı sarjı yoktur umarım sarj aletim bugun saat 7 de gelecek açılmazsa iade yapacam hayal kırıklığı yaşıyorum o kadar da para verdim,batarya,negatif
Ürün bu kutunun içerisinde telefon da patpata sarılmış şekilde geldi hiçbir kusuru yok telefonumu şuan kullanıyorum mağazadan daha uygun olduğu için hayatımda i,fiyat,notr
Ürün bu kutunun içerisinde telefon da patpata sarılmış şekilde geldi hiçbir kusuru yok telefonumu şuan kullanıyorum mağazadan daha uygun olduğu için hayatımda i,ambalaj,notr
Ürün daha önce kullanılmış pili 99 da 128 gb aldım sürekli alam dolu diyor,kalite,negatif
Ürün elime ulaştı kargolama özensiz öyle bir kutu içerisine konulmuş içinde de irsaliye var oda yırtık bu nasıl bir dikkatsizliktir az bir miktar değil verdiğim,kargo,negatif
Ürün elime ulaştı kargolama özensiz öyle bir kutu içerisine konulmuş içinde de irsaliye var oda yırtık bu nasıl bir dikkatsizliktir az bir miktar değil verdiğim,ambalaj,negatif
Ürün elime çok güzel bir şekilde ulaştı hiç tereddüt etmeden alabilirsiniz görseldekiyle birebir aynı ve çok güzel..,genel,pozitif
Ürün elimize hatasız sorunsuz geldi güvenebilirsiniz çok teşekkür ederiz,genel,pozitif
Ürün gayet güzel herhangi bir hasar almadan geldi fakat kargo şirketi bekleyin eşim kapıyı açacak dememe rağmen telefonu kapının önüne bırakıp gitti bu kadar pa,kargo,negatif
Ürün gayet güzel herhangi bir hasar almadan geldi fakat kargo şirketi bekleyin eşim kapıyı açacak dememe rağmen telefonu kapının önüne bırakıp gitti bu kadar pa,ambalaj,pozitif
Ürün gayet güzel paketleme iyiydi bir kargo hızlıydı teşekkürler,kargo,pozitif
Ürün gayet güzel paketleme iyiydi bir kargo hızlıydı teşekkürler,ambalaj,pozitif
Ürün gayet güzel çalışıyor ancak şarj cihazı yok eksik geldi ve özensiz paketleme lütfen şarj cihazınızı  gönderin bu yüzden iki yıldız verdim orjinal şarj ciha,kalite,negatif
Ürün gayet güzel çalışıyor ancak şarj cihazı yok eksik geldi ve özensiz paketleme lütfen şarj cihazınızı  gönderin bu yüzden iki yıldız verdim orjinal şarj ciha,batarya,negatif
Ürün gayet güzel çalışıyor ancak şarj cihazı yok eksik geldi ve özensiz paketleme lütfen şarj cihazınızı  gönderin bu yüzden iki yıldız verdim orjinal şarj ciha,ambalaj,negatif
Ürün gayet iyi 3 güne elime ulaştı teşekkürler Trendyol,kargo,pozitif
Ürün geldi kapalı kutu kart yeri çalışmıyor hat okumuyor,kalite,negatif
Ürün geldi sigortası filan nasıl yapılıyor garantisi yani nerde kagıdu,genel,notr
"Ürün gelmedi saçma sapan kablosuz kulaklık yollamışlar, ilgi alaka sıfır tüketici haklarına şikayet ettim",genel,negatif
Ürün guzel paketlenmiş bir sekilde elime ulaştı  tunun içinden Salatalık değil.  samsung A24  128 gb. 4 Ram Açıklaması. Fatura Çıkmadı içinden. Elektronik fatur,genel,negatif
Ürün guzel paketlenmiş bir sekilde elime ulaştı  tunun içinden Salatalık değil.  samsung A24  128 gb. 4 Ram Açıklaması. Fatura Çıkmadı içinden. Elektronik fatur,kargo,pozitif
Ürün güzel alınır,genel,pozitif
Ürün güzel ama faturada tc kimlik no yapılmadığı icin indirimden yararlanamadin,genel,pozitif
Ürün güzel ama faturada tc kimlik no yapılmadığı icin indirimden yararlanamadin,fiyat,negatif
Ürün güzel ama garanti belgesi gelmedi,genel,pozitif
Ürün güzel ama kargolama sıfır. Patpat ı hediye olarak göndermişler herhal telefon ayrı yerde pat pat ayrı yerde. Trendyol şikayetin çok kargolama ya dikkat et,genel,negatif
Ürün güzel ama kargolama sıfır. Patpat ı hediye olarak göndermişler herhal telefon ayrı yerde pat pat ayrı yerde. Trendyol şikayetin çok kargolama ya dikkat et,kalite,negatif
Ürün güzel araştırarak sipariş verdim ancak öğrenci indiriminden yararlanmak için fsturada gerekli bilgilerin olması şart. Faturanın yeniden düzenlenmesi talebi,genel,pozitif
Ürün güzel araştırarak sipariş verdim ancak öğrenci indiriminden yararlanmak için fsturada gerekli bilgilerin olması şart. Faturanın yeniden düzenlenmesi talebi,fiyat,negatif
Ürün güzel bildiğim bir üründü zaten ama paketleme çok kötü o kadar para verip ürün alıyoruz daha koruyucu bir paketleme yapılabilirdi direkt kutuya katıp yolla,genel,pozitif
Ürün güzel bildiğim bir üründü zaten ama paketleme çok kötü o kadar para verip ürün alıyoruz daha koruyucu bir paketleme yapılabilirdi direkt kutuya katıp yolla,fiyat,negatif
Ürün güzel bildiğim bir üründü zaten ama paketleme çok kötü o kadar para verip ürün alıyoruz daha koruyucu bir paketleme yapılabilirdi direkt kutuya katıp yolla,ambalaj,negatif
Ürün güzel de içinde kulakşık şarz cihazı yok bunları satın aldımı fiyat avantajı nerde,genel,negatif
Ürün güzel de içinde kulakşık şarz cihazı yok bunları satın aldımı fiyat avantajı nerde,fiyat,negatif
Ürün güzel fakat yeni olmasına rağmen fazla kullanmama rağmen şarjzı çabuk bitiyor,genel,pozitif
Ürün güzel fakat yeni olmasına rağmen fazla kullanmama rağmen şarjzı çabuk bitiyor,batarya,negatif
Ürün güzel hakkını veriyor elime ulaştı fakat yani bizler zor geçinen insanlarız yanına bir kılıf hediye olarak koysaydınız ne olurdu veyahut bir şarz başlığı,genel,pozitif
Ürün güzel hakkını veriyor elime ulaştı fakat yani bizler zor geçinen insanlarız yanına bir kılıf hediye olarak koysaydınız ne olurdu veyahut bir şarz başlığı,kargo,pozitif
Ürün güzel paketlenmişti sorun yok,genel,pozitif
Ürün güzel paketlenmişti sorun yok,ambalaj,pozitif
Ürün güzel şekilde geldi herkes gönül rahatlığıyla alabilir.,genel,pozitif
"Ürün güzel, kızıma aldık.. Şimdilik bir sıkıntı yok gibi",genel,pozitif
Ürün güzelce paketlenmiş elime ulaştı teşekkürler ama aras kargo çok uğraştırdı,genel,pozitif
Ürün güzelce paketlenmiş elime ulaştı teşekkürler ama aras kargo çok uğraştırdı,kargo,negatif
Ürün güzelce paketlenmiş elime ulaştı teşekkürler ama aras kargo çok uğraştırdı,ambalaj,pozitif
Ürün hızlı geldi memnun kaldım herkese tavsiye ediyorum,genel,pozitif
Ürün hızlı geldi memnun kaldım herkese tavsiye ediyorum,kargo,pozitif
Ürün hızlı ve güvenli geldi kapalı kutuda geldi ama telefon sarılmamış halde açıkta idi normalde izole yapılması gerekiyor içinde zarar gorebilirdi sanliyimki b,ambalaj,notr
Ürün iyi güzel fakat kargo Aras olduğu için aşırı sıkıntılı ve yavaş,genel,pozitif
Ürün iyi güzel fakat kargo Aras olduğu için aşırı sıkıntılı ve yavaş,kargo,negatif
Ürün kaçak çıktı bir yıl sonra,genel,negatif
Ürün kaçak çıktı kimse telefon almasın burdan,genel,negatif
Ürün o kadar sağlam ve o kadar hızlı geldi ki teşekkür ederim severek kullanıyorum,kargo,pozitif
Ürün o kadar sağlam ve o kadar hızlı geldi ki teşekkür ederim severek kullanıyorum,kalite,pozitif
Ürün orjinal memnunum,genel,pozitif
Ürün orjinal memnunum,kalite,pozitif
Ürün orjinal çok hızlı geldi çok beğendim satıcıya teşekkürler,genel,pozitif
Ürün orjinal çok hızlı geldi çok beğendim satıcıya teşekkürler,kargo,pozitif
Ürün orjinal çok hızlı geldi çok beğendim satıcıya teşekkürler,kalite,pozitif
Ürün sağlam ama kutusunun hali ve hiçbir şeye sarılı olmaması trendyola güvenimi sarstı,kalite,pozitif
Ürün sağlam ama kutusunun hali ve hiçbir şeye sarılı olmaması trendyola güvenimi sarstı,ambalaj,negatif
Ürün sağlam eksiksiz geldi çok güzel paketleme teşekkür ederim güvenle almanızı tavsiye ederim,genel,pozitif
Ürün sağlam eksiksiz geldi çok güzel paketleme teşekkür ederim güvenle almanızı tavsiye ederim,kalite,pozitif
Ürün sağlam eksiksiz geldi çok güzel paketleme teşekkür ederim güvenle almanızı tavsiye ederim,ambalaj,pozitif
Ürün sağlam geldi ama farurası gelmedi,kalite,pozitif
Ürün sağlam imei numarası kayıtlı ama çok özensiz paketlenmiş mucize ile sağlam gelmiş diyebilirim,kalite,pozitif
Ürün sağlam imei numarası kayıtlı ama çok özensiz paketlenmiş mucize ile sağlam gelmiş diyebilirim,ambalaj,negatif
Ürün sorunsuz bir şekilde teslim edildi.Mağazalara göre fiyatı uygun,kargo,pozitif
Ürün sorunsuz bir şekilde teslim edildi.Mağazalara göre fiyatı uygun,fiyat,pozitif
Ürün sorunsuz geldi. Ve orjinal.,kalite,pozitif
Ürün süper ama çabuk ısınıyor ben aldıktan sonra indirime girdi 😡,fiyat,negatif
Ürün süper ama çabuk ısınıyor ben aldıktan sonra indirime girdi 😡,batarya,negatif
Ürün sıfır değil. Apple da onayladı. Değişim isteğimi reddediyor satıcı. Kesinlikle tavsiye etmiyorum. Rezillik.,genel,negatif
Ürün sıfır değil. Apple da onayladı. Değişim isteğimi reddediyor satıcı. Kesinlikle tavsiye etmiyorum. Rezillik.,kalite,negatif
Ürün sıkıntılı konuşurken karşıya sesim çok az gidiyor 25 - 30 günlük ürün daha bu satıcı firmadan ( trendyol) değişim talep ediyorum henüz değişim yapmadılar t,ses_goruntu,negatif
Ürün tam f/p ürünü babama hediye olarak aldım beğendi severek kullanıyor,genel,pozitif
Ürün telefon görüşmesi sırasında sesim karşı tarafa gitmiyor hoparlörden konuşuyorum ses gidiyor hoparlörü kapatıyorum ses gitmiyor,ses_goruntu,negatif
Ürün çok geç teslim edildi. üstelik hicbirsekilde sabitlenmemisti kutunun içinde sallana sallana gelmiş. Bu günlerde trendyol saticisindan aldığım her şeyde sor,kargo,negatif
Ürün çok geç teslim edildi. üstelik hicbirsekilde sabitlenmemisti kutunun içinde sallana sallana gelmiş. Bu günlerde trendyol saticisindan aldığım her şeyde sor,ambalaj,negatif
Ürün çok güzel diyecek yok. 1yıldızı direkt trendyola veriyorum. Ürünü trendyoldan ve trendyol satıcısından satın aldım. Aldığım gün daha faturam çıkmadan belir,genel,pozitif
Ürün çok güzel kızıma aldım zamanında geldi paketlemeyi çok güzel yapmışlar,kargo,pozitif
Ürün çok güzel kızıma aldım zamanında geldi paketlemeyi çok güzel yapmışlar,ambalaj,pozitif
Ürün çok güzel çok beğendim paketleme de güzeldi,genel,pozitif
Ürün çok güzel çok beğendim paketleme de güzeldi,ambalaj,pozitif
Ürün çok hızlı elime ulaştı ve mükemmel çok memnun kaldım,genel,pozitif
Ürün çok hızlı elime ulaştı ve mükemmel çok memnun kaldım,kargo,pozitif
Ürün çok iyi geldi paketleme gayet iyiydi hasarsız şekilde elime ulaştı teşekkürler,kargo,pozitif
Ürün çok iyi geldi paketleme gayet iyiydi hasarsız şekilde elime ulaştı teşekkürler,ambalaj,pozitif
"Ürün çok kötü paketlenmişti, ürünün kırılmamış olması büyük şans. Paketlemeyi düzgün yapmaları gerekirdi. Bu yüzden puanım 1. Alacak olanlar buna dikkat etsinle",kalite,negatif
"Ürün çok kötü paketlenmişti, ürünün kırılmamış olması büyük şans. Paketlemeyi düzgün yapmaları gerekirdi. Bu yüzden puanım 1. Alacak olanlar buna dikkat etsinle",ambalaj,negatif
Ürün şeffaf poşeti olmadan geldi sanırım daha önce açılmış bir ürünü yollamışlar. hatta sanırım değil yüzde bir milyon  üzerine kalemle çizgi çizilmiş. yani kut,ambalaj,negatif
Ürünlerin kutusu yırtık geldi kesinlikle güvenilir bir firma değil puanına göre fazla paraya burdan aldım ama tam bir pişmanlık kaç defa msj yolladım ama maales,genel,negatif
Ürünlerin kutusu yırtık geldi kesinlikle güvenilir bir firma değil puanına göre fazla paraya burdan aldım ama tam bir pişmanlık kaç defa msj yolladım ama maales,fiyat,negatif
Ürünlerin kutusu yırtık geldi kesinlikle güvenilir bir firma değil puanına göre fazla paraya burdan aldım ama tam bir pişmanlık kaç defa msj yolladım ama maales,ambalaj,negatif
Ürünü 17 Ekim 2023 tarihinde 36.299 tl ye satın aldım. Paketli bir şekilde kısa sürede elime hasarsız olarak ulaştı. Kullanmaya başladım şuan için bir sorun yaş,ambalaj,pozitif
Ürünü 17 Ekim 2023 tarihinde 36.299 tl ye satın aldım. Paketli bir şekilde kısa sürede elime hasarsız olarak ulaştı. Kullanmaya başladım şuan için bir sorun yaş,ambalaj,pozitif
Ürünü 4 ay kullandık sıfır almıştık telefoncuya satmaya götürünce ögrendik ki yenilenmiş göndermişler sim kart yerinde imei yazmıyordu güvenmeyin almayın,genel,negatif
Ürünü 4 ay kullandık sıfır almıştık telefoncuya satmaya götürünce ögrendik ki yenilenmiş göndermişler sim kart yerinde imei yazmıyordu güvenmeyin almayın,kalite,negatif
Ürünü alır almaz garantiye göndereceğim,genel,negatif
Ürünü doğru düzgün paketlemediğiniz gibi kurye de sanki içinde mikrop varmış gibi 2 tane telefon olan poşetin ucundan tuttuğu için paket yere düştü. 300 400 tll,kargo,negatif
Ürünü doğru düzgün paketlemediğiniz gibi kurye de sanki içinde mikrop varmış gibi 2 tane telefon olan poşetin ucundan tuttuğu için paket yere düştü. 300 400 tll,ambalaj,negatif
Ürünüm elime ulaştı paketlenmesi vs güzeldi herhangi bi sorun yaşamadım gayet güzel,kargo,pozitif
Ürünüm elime ulaştı paketlenmesi vs güzeldi herhangi bi sorun yaşamadım gayet güzel,ambalaj,pozitif
Ürünümü teslim aldim . hevesle kutuyu actim o kadar ozensizdiki. ne sarmislar ne koruyucu pat pata sarmislar kutuyu bir actim telefon kutuda sabit degil sallani,kargo,negatif
Ürünümü teslim aldim . hevesle kutuyu actim o kadar ozensizdiki. ne sarmislar ne koruyucu pat pata sarmislar kutuyu bir actim telefon kutuda sabit degil sallani,ambalaj,negatif
Ürünün Faturası elime ulaşmadı,genel,negatif
Ürünün SIM kart yuvası açılmıyor. Arızalı ürün göndermişsiniz üstelik de teknolojik ürünler geri iade edilemez diyorsunuz. Buradaki Benim hem zaman hem para ola,genel,negatif
Ürünün SIM kart yuvası açılmıyor. Arızalı ürün göndermişsiniz üstelik de teknolojik ürünler geri iade edilemez diyorsunuz. Buradaki Benim hem zaman hem para ola,kalite,negatif
Ürünün SIM kart yuvası açılmıyor. Arızalı ürün göndermişsiniz üstelik de teknolojik ürünler geri iade edilemez diyorsunuz. Buradaki Benim hem zaman hem para ola,fiyat,negatif
Ürünün faturası gelmedi fatura için mail attım geri dönüş te gelmedi.Faturasını gönderirmisiniz lütfen???,genel,negatif
Ürünün garantisi nerde,genel,negatif
Ürünün hoparlöründen cızırtı geliyor,ses_goruntu,negatif
Ürünün içinden çıkan kablo 10 gün olmadan arızalı geldi ve ürün jelatinsiz yollandı. Satıcı desen aşırı derece alakasız ve üslup sorunu bar. Tavsiye etmiyorum.,genel,negatif
Ürünün içinden çıkan kablo 10 gün olmadan arızalı geldi ve ürün jelatinsiz yollandı. Satıcı desen aşırı derece alakasız ve üslup sorunu bar. Tavsiye etmiyorum.,kalite,negatif
Ürünün içinden çıkan kablo 10 gün olmadan arızalı geldi ve ürün jelatinsiz yollandı. Satıcı desen aşırı derece alakasız ve üslup sorunu bar. Tavsiye etmiyorum.,batarya,negatif
Ürünün şarjı su gibi bitiyor çok ısınıyor ve iadesi olmuyor kesinlikle tavsiye etmiyorum,batarya,negatif
Ürünün şarjı su gibi bitiyor çok ısınıyor ve iadesi olmuyor kesinlikle tavsiye etmiyorum,batarya,negatif
çok beğendik güvenerek alabilirsiniz,genel,pozitif
çok garip ilk defa açılmayan kutudan çıkan üründe böyle bir çizik gördüm malesef iade değişim süreciyle ilgilenemeyeceğim için kullanacağım,kalite,negatif
çok güzel bir telefon,genel,pozitif
çok güzel bir ürün süper hızlı ve güler yüzlü teslim edilmiş çok mükemmel pakeleme çok teşekkür ederiz Trendyol ekspres,genel,pozitif
çok güzel bir ürün süper hızlı ve güler yüzlü teslim edilmiş çok mükemmel pakeleme çok teşekkür ederiz Trendyol ekspres,kargo,pozitif
çok güzel sağlam ulaştı elimize,kalite,pozitif
çok güzel teslimat da iyidir tavsiye ediyorum garanti belgesi vs var,genel,pozitif
çok güzel teslimat da iyidir tavsiye ediyorum garanti belgesi vs var,kargo,pozitif
çok güzel ürün hediye aldım çok beğendim tavsiye ederim,genel,pozitif
çok isiniyor. kardeşimle beraber aldık ve onun şarj kablosu da bozuk cikti. sıfır ürün bu şekilde olmamali.servise gönderdik ısınma ile ilgili bir çözüm yok kab,genel,negatif
çok isiniyor. kardeşimle beraber aldık ve onun şarj kablosu da bozuk cikti. sıfır ürün bu şekilde olmamali.servise gönderdik ısınma ile ilgili bir çözüm yok kab,kalite,negatif
çok iyi fiyata aldık burdan,fiyat,pozitif
çok kullanışlı bir telefon,genel,notr
çok memnunuz herşey olması gerektiği gibi,genel,pozitif
çok memnunuz teşekkürler,genel,pozitif
çok teşekkürler,genel,pozitif
çok zarif bi telefon,genel,notr
çok çabuk ısınıyor,batarya,negatif
çok çok beğendim almanızı tavsiye ederim❤️,genel,pozitif
çok özensiz sarılmıştı telefon icinden fırlamıştı hic memnun kalmadım bu arada telefonun faturasi veya garanti belgesi hic bir şekilde gelmedi gönderirseniz sev,genel,negatif
çok şükür ulaştı biraz sorunlar oldu ama elime ulaştı çok begenfim tavsiye ederim,genel,pozitif
çok şükür ulaştı biraz sorunlar oldu ama elime ulaştı çok begenfim tavsiye ederim,kargo,notr
ürün arızalı geldi önermiyorum hiçbir şekildede ilgilenilmedi.,genel,negatif
ürün arızalı geldi önermiyorum hiçbir şekildede ilgilenilmedi.,kalite,negatif
ürün arızalı çıktı Tüketici Hakem Heyeti ile birebir değişim kararı verildi 2 Ocak'tan belli ürünün değiştirilmesini bekliyorum Tam 2 aydır Trendyol ürünü değiş,kalite,negatif
ürün bozuk geldi iade ettim kabul etmediğiniz sürece değişim istiyorum lutfen,genel,negatif
ürün bozuk geldi iade ettim kabul etmediğiniz sürece değişim istiyorum lutfen,kalite,negatif
ürün bozuk geldi üzerinde çizikler vesayre şarj soket yeri arızalı geri iade ettim,genel,negatif
ürün bozuk geldi üzerinde çizikler vesayre şarj soket yeri arızalı geri iade ettim,kalite,negatif
ürün bozuk geldi üzerinde çizikler vesayre şarj soket yeri arızalı geri iade ettim,batarya,negatif
ürün bu şekilde çalıştığım işyerine gelmiş güvenlik teslim almış ben görünce şok oldum açmadım muhtemelen iade edicem,kargo,negatif
ürün elimize ulaştiginda açıp kullanmaya başladık ilk gün ekran işiğinin gidip geldiğini göz kırpar gibi olduğunu farkettik hâlâ yardımcı olunmadı garantiyle il,ses_goruntu,negatif
ürün gayet güzel beğendim sorunsuz elime ulaştı tereddütsuz alınabilir,genel,pozitif
ürün gayet güzel beğendim sorunsuz elime ulaştı tereddütsuz alınabilir,kargo,pozitif
ürün gayet güzel geldi orijinal gönül rahatlığıyla bu satıcıdan alabilirsiniz,genel,pozitif
ürün gayet güzel geldi orijinal gönül rahatlığıyla bu satıcıdan alabilirsiniz,kalite,pozitif
ürün geldi şehir disindayim eşim aldı garanti belgesi çıkmadı kiminle iletişime gircez bilemiyorum,genel,negatif
ürün güzel fakat ben alırken banka tarafından sorun yaşadım ve bunu fırsat bilip indirimli fiyatını yükseltip ben aldıktan sonra anında geri düşürmeniz gerçekte,genel,negatif
ürün güzel fakat ben alırken banka tarafından sorun yaşadım ve bunu fırsat bilip indirimli fiyatını yükseltip ben aldıktan sonra anında geri düşürmeniz gerçekte,fiyat,negatif
ürün hepsi geldi ama şarz aleti Yok,genel,negatif
ürün iyi ama ekran görüntüsü almak sor,genel,pozitif
ürün iyi ama ekran görüntüsü almak sor,ses_goruntu,pozitif
ürün iyi fakat şarj aleti neden yok bir anlam veremedim.neden müşteriyi şarj aletini dışardan almak zorunda bırakıyorlar.bence çok yalnis bir tutum.maliyetini ü,genel,pozitif
ürün iyi fakat şarj aleti neden yok bir anlam veremedim.neden müşteriyi şarj aletini dışardan almak zorunda bırakıyorlar.bence çok yalnis bir tutum.maliyetini ü,batarya,negatif
ürün iyi orijinal kesinlikle ama çiziliyor çabuk,genel,pozitif
ürün iyi orijinal kesinlikle ama çiziliyor çabuk,kalite,negatif
ürün iyi👍,genel,pozitif
ürün içeriğinde garanti belgesi çıkmadı nasıl tedarik ederim bilmiyorum,genel,negatif
ürün kısa zamanda elime ulaştı teşekkürler,kargo,pozitif
ürün paket lemesi beğendim telefonu kızıma aldım gayet çok memnun kaldım tavsiye ederim,genel,pozitif
ürün paket lemesi beğendim telefonu kızıma aldım gayet çok memnun kaldım tavsiye ederim,ambalaj,notr
ürün teslim edildi lakin faturası kesilmedi. 3 defa fatura talebinde bulundum ama hala dönüş sağlanmadı.,kargo,negatif
ürün zaten Apple kalitesi güzel kutu da biraz ezilme var köşesinde onun haricinde fatura yoktu .,kalite,negatif
ürün çok güzel tavsiye ediyorum,genel,pozitif
üründe şarj adaptörü eksik geldi. Kaploda çift ucu telefon giriş olarak geldi,genel,negatif
ürünu sadece bir kutuya koyup getirmişler hasarsız geldi a özensiz paketlenmiş,ambalaj,negatif
"ürünü alalı 6 ay oldu , telefon şarj olmuyor umarım garantide çözülür",batarya,negatif
ürünü beğendim gayet güzel şimdilik Bi sorun yok. Fakat paketleme beni çok şaşırttı bu nasıl bir şeydir. o kadar para veriyoruz gerçekten bu şekilde mi paketley,genel,pozitif
ürünü beğendim gayet güzel şimdilik Bi sorun yok. Fakat paketleme beni çok şaşırttı bu nasıl bir şeydir. o kadar para veriyoruz gerçekten bu şekilde mi paketley,fiyat,notr
ürünü beğendim gayet güzel şimdilik Bi sorun yok. Fakat paketleme beni çok şaşırttı bu nasıl bir şeydir. o kadar para veriyoruz gerçekten bu şekilde mi paketley,ambalaj,notr
"ürünü henüz kullanamadığım için bilmiyorum. 2 haftadır tckn eklenmiş fatura bekledim, her sorduğumda 2 3 iş günü belki daha kısa sürede faturanız ulaşacak denil",genel,notr
ürünü kulanmaya başladıktan bir iki ay sonra donma ve kasma yapmaya başladı malesef,genel,negatif
"ürünü paketlemek için sardıkları şişme havalı poşet süs olarak koymuşlar yanına, kargo paketinin içinde sallanıyor du",kargo,notr
"ürünü paketlemek için sardıkları şişme havalı poşet süs olarak koymuşlar yanına, kargo paketinin içinde sallanıyor du",ambalaj,notr
ürünü yeni aldım ürün güzel bir sıkıntı gözükmüyor şimdilik hızlı geçişler kullanım i iyi,genel,pozitif
ürünü öğrenci vergi indiriminden yararlanmak için alacaksanız sakın bu satıcıdan almayın 1 aydır fatura bekliyorum yok gelmiyor.  güncelleme: 2 ay geçti ben hal,genel,negatif
ürünü öğrenci vergi indiriminden yararlanmak için alacaksanız sakın bu satıcıdan almayın 1 aydır fatura bekliyorum yok gelmiyor.  güncelleme: 2 ay geçti ben hal,fiyat,negatif
ürünüm yanlış renk ve faturasız geldi,ses_goruntu,negatif
ürünün e faturasında imei bilgisi yazmıyor telefon desteği başvurusunda bulunucam yardımcı olur musunuz lütfen,genel,notr
ürünün faturasını adresime gönderir misiniz?,genel,notr
ürünün paketlenmesi güzel ve sağlamşekilde elimize ulaştı güvenle alıp kullanabilirsiniz tavsiye ederim,genel,pozitif
ürünün paketlenmesi güzel ve sağlamşekilde elimize ulaştı güvenle alıp kullanabilirsiniz tavsiye ederim,kalite,pozitif
ürünün paketlenmesi güzel ve sağlamşekilde elimize ulaştı güvenle alıp kullanabilirsiniz tavsiye ederim,ambalaj,pozitif
ürünün şarz aleti gelmedi sadece kablusu geldi bununla ilgili arkadaşlar ilgilensin,genel,negatif
üç yıldız verdim çünkü paketleme iyi değildi ve içerisinde garanti belgesi de yoktu. şimdilik bir sıkıntı yok kullandıktan sonra yorumu güncelleyeceğim.,genel,negatif
İade talebimi reddettiler,genel,negatif
İki gün önce 37.005 yüze aldım iki gün sonra 36.990 bu kadar fiyat farkı bence olmamalı çok yanıltıcıtı,fiyat,negatif
İki kişi aldık biz benimkinin çok iyi kulanmama rağmen  pil seviyesi şu an %93 diğer arkadaşım şarja tak çıkar yapıyor ama onunki %99 niye böyle oldu anlamadım.,batarya,pozitif
İlgi alaka sıfırr,genel,negatif
İlk aldığımda çok büyük tedirginlikle siparişi verdim. Yaklaşık 4-5 oldu kullanalı şimdiye kadar bir sıkıntısı çıkmadı. Satıcıya güveninden dolayı teşekkür eder,genel,pozitif
İlk başta almak istemedim orijinal ürün gelmez diye ama gönül rahatlıkla alabilirsiniz. Orijinal ve paketleme güzel. Teşekkürler,genel,pozitif
İlk başta almak istemedim orijinal ürün gelmez diye ama gönül rahatlıkla alabilirsiniz. Orijinal ve paketleme güzel. Teşekkürler,kalite,pozitif
İlk başta almak istemedim orijinal ürün gelmez diye ama gönül rahatlıkla alabilirsiniz. Orijinal ve paketleme güzel. Teşekkürler,ambalaj,pozitif
İlk defa iphone kullanıyorum kalite inanılmaz efsane bişey kargolama cok iyidi onun için ayrıca teşekkürler tek yıldız eksik vermemin nedeni şarjı çabuk bitiyor,kargo,pozitif
İlk defa iphone kullanıyorum kalite inanılmaz efsane bişey kargolama cok iyidi onun için ayrıca teşekkürler tek yıldız eksik vermemin nedeni şarjı çabuk bitiyor,kalite,negatif
İlk defa iphone kullanıyorum kalite inanılmaz efsane bişey kargolama cok iyidi onun için ayrıca teşekkürler tek yıldız eksik vermemin nedeni şarjı çabuk bitiyor,batarya,negatif
İphone 13 kalite herkes biliyor mükemmel ama bu satıcı telefonu kötü bir sekilde kolilemişti kolileme olayına 2 yıldız veriyorum,genel,pozitif
İphone 13 kalite herkes biliyor mükemmel ama bu satıcı telefonu kötü bir sekilde kolilemişti kolileme olayına 2 yıldız veriyorum,ambalaj,negatif
İyi gibi idare eder,genel,pozitif
İçim rahat aldım almak isteyenlere tavsiye ederim özellikle e devlet üzerinden imeli sorguladım ve kayıtlı çıktı çok şükür gayette özenliydi paketlemesi😌👌,genel,pozitif
İçim rahat aldım almak isteyenlere tavsiye ederim özellikle e devlet üzerinden imeli sorguladım ve kayıtlı çıktı çok şükür gayette özenliydi paketlemesi😌👌,ambalaj,pozitif
Şarj adaptörü yok,genel,negatif
Şarj aleti çıkmadı içinden almayın çok kasıyor,genel,negatif
Şarj aleti çıkmadı içinden almayın çok kasıyor,batarya,negatif
Şarj başlığı gelmedi,batarya,negatif
Şarj kablosu bozuk çıktı ve garanti belgesini göndermiyorlar servisle görüşün dediler kablonun fiyatı şuanda bin lira kadar muhattap olacağım kimse yok,genel,negatif
Şarj kablosu bozuk çıktı ve garanti belgesini göndermiyorlar servisle görüşün dediler kablonun fiyatı şuanda bin lira kadar muhattap olacağım kimse yok,kalite,negatif
Şarj kablosu bozuk çıktı ve garanti belgesini göndermiyorlar servisle görüşün dediler kablonun fiyatı şuanda bin lira kadar muhattap olacağım kimse yok,fiyat,negatif
Şarj kablosundan düşürdüm bir yıldızı nasıl şarj kablosunu göndermediniz ki yanlış ikisi de yanlış typc orjinal şarjını gönderin ya yada bu soruna çözüm bulun,kalite,negatif
Şarj kablosundan düşürdüm bir yıldızı nasıl şarj kablosunu göndermediniz ki yanlış ikisi de yanlış typc orjinal şarjını gönderin ya yada bu soruna çözüm bulun,batarya,negatif
Şarjı hızlı bitiyor ve telefon çok ısınıyor 1 hafta sonunda telefonumda yatay ve dikey cizgiler cikti fotograflarim ve renkler hep degisti asla tavsiye etmiyoru,genel,negatif
Şarjı hızlı bitiyor ve telefon çok ısınıyor 1 hafta sonunda telefonumda yatay ve dikey cizgiler cikti fotograflarim ve renkler hep degisti asla tavsiye etmiyoru,batarya,negatif
Şarjı hızlı bitiyor ve telefon çok ısınıyor 1 hafta sonunda telefonumda yatay ve dikey cizgiler cikti fotograflarim ve renkler hep degisti asla tavsiye etmiyoru,ses_goruntu,negatif
Şarjı çok hızlı bitiyor tek kötü özelliği bu,batarya,negatif
Şarzda ve kullanımda aşırı ısınıyor. Sözde sıfır tlf. Aldım,batarya,negatif
Şarzı  az gidio,batarya,negatif
Şimdilik iyi bir telefon hızlı estetik.,genel,pozitif
şarj aleti yok,batarya,negatif
şarj aleti yok böyle birşey olabilir mi ya bari telefonuda koymasaydiniz. hemen iade ediyorum,batarya,negatif
şarj aleti yoktu içinde,batarya,negatif
şarj kablosu yerine bu cıktı tam olarak şarj kablosu nerede acaba,batarya,negatif
👍güzel. kargolama da iyiydi,kargo,pozitif
🙏👍👍👍guvenilir satici,genel,pozitif
0 koruma geldi 00000. neyse ki saglam geldi. biraz daha para verilip farkli bir saticidan alinabilir.,kalite,pozitif
0 koruma geldi 00000. neyse ki saglam geldi. biraz daha para verilip farkli bir saticidan alinabilir.,fiyat,notr
1 Ay oldu alalım ilk ses az gidiyordu karşıya şuan da da ses hiç gitmiyor hem de kabında durduk yere sararmalar oldu,ses_goruntu,negatif
1 ay deneyip öyle yorum yapmak istedim ses kalitesi çok iyi hergün film ve müzik dinliyorum haftada 1 şarj ediyorum gayet uzun süre godiyorhızlıbteslimat için t,batarya,pozitif
1 ay deneyip öyle yorum yapmak istedim ses kalitesi çok iyi hergün film ve müzik dinliyorum haftada 1 şarj ediyorum gayet uzun süre godiyorhızlıbteslimat için t,ses_goruntu,pozitif
1 ay geçmedi sorun veriyor herhangi bi cihaza bağlanamıyor.Memnun kalmadım.,genel,negatif
1 ay gibi bir süre kullandım ve pek memnun değilim. yorumlara güvenerek almıştım. Öncelikle telefona bağlanması çok sıkıntılı kutudan çıkartır çıkartmaz bağlanm,genel,negatif
1 ay iyi kullandım. şimdi kutusu şarj olmuyor vs almayın iadeyle garantiyle uğraşmayın,genel,negatif
1 ay iyi kullandım. şimdi kutusu şarj olmuyor vs almayın iadeyle garantiyle uğraşmayın,batarya,negatif
1 ay kullanım tecrübemden sonra yazıyorum çok memnunum,genel,pozitif
1 senede eridi bataryası ses kalitesi normal pek iyi bir çekim gücü yok.,genel,negatif
1 senede eridi bataryası ses kalitesi normal pek iyi bir çekim gücü yok.,batarya,negatif
1 senede eridi bataryası ses kalitesi normal pek iyi bir çekim gücü yok.,ses_goruntu,negatif
1 yıl dolmadan sağ kulaklık ses azaldı. Mikrofondan ses az gidiyor. Servis umarım işe yarar.,ses_goruntu,negatif
1 yıl geçmeden birinden ses gelmiyor. Bozuldu.,genel,negatif
1 yıl geçmeden birinden ses gelmiyor. Bozuldu.,kalite,notr
1 yıl geçmeden birinden ses gelmiyor. Bozuldu.,ses_goruntu,negatif
1 yıldan fazladır kullanıyorum. İyi ki almışım. 🥰🧿,genel,pozitif
1 yıldızı bile haketmiyolar ürünümü aldım hiç açmadan geri iade etmek istedim iadem reddedildi ürünün açıldığı söylendi ama ben ürünü hiç bir şekilde açmadım il,genel,negatif
1.nesil göndermişler,genel,negatif
1.nesil göndermişler,kalite,negatif
1ocak 2025 de garantisi başlamış cihazlar gönderiliyor. Bunu belirtirseniz insanlara satmadan önce çok iyi olur. 1.5 yıl garantili kutu üzerinde ki tarihte 2024,genel,pozitif
2 ay kullandıktan sonra sol kulaklık bozuldu,genel,negatif
2 ay kullandıktan sonra sol kulaklık bozuldu,kalite,negatif
2 aydır kullanıyorum çok memnunum telle görüşmek artık çok kolay ve güzel sesim rahatça gidiyor ve geliyor müzik dinlemek zaten keyifli,genel,pozitif
2 aydır kullanıyorum çok memnunum telle görüşmek artık çok kolay ve güzel sesim rahatça gidiyor ve geliyor müzik dinlemek zaten keyifli,ses_goruntu,pozitif
2 gün içinde geldi bir sorunu yok güzel orijinal ürün sadece güzel paketlememişler bir patpata sarılsa daha iyi olurdu,kalite,pozitif
2 gün içinde geldi bir sorunu yok güzel orijinal ürün sadece güzel paketlememişler bir patpata sarılsa daha iyi olurdu,ambalaj,pozitif
"2 gündür kullanıyorum çakma kulaklıktan sonra çok çok iyi geldi, aramalarda da çok güzel karşı taraf ortam gürültülü olsa da  çok iyi duyuyor. GÜNCELLEME KULAĞI",ses_goruntu,pozitif
2 hafta önce aldım ama sağ kulaklıktan ses gelmiyor %10 şarj gösteriyor bazen bağlanmıyor garanti belgesi var değişim yapmak istiyorum veya tamir yardımcı olurs,genel,negatif
2 hafta önce aldım ama sağ kulaklıktan ses gelmiyor %10 şarj gösteriyor bazen bağlanmıyor garanti belgesi var değişim yapmak istiyorum veya tamir yardımcı olurs,batarya,negatif
2 hafta önce aldım ama sağ kulaklıktan ses gelmiyor %10 şarj gösteriyor bazen bağlanmıyor garanti belgesi var değişim yapmak istiyorum veya tamir yardımcı olurs,ses_goruntu,negatif
2 puan verdim çünkü kutu içinde şarj kablasu kulaklık silikonu yok,genel,negatif
2 sene önce de yine burdan almıştım fakat kardeşim kaybettiği için yeniden almak zorunda kaldım. Aşırı memnunum şimdiye kadar bir problem yaşamadım,genel,pozitif
2 tane aldım ikiside orijinal ses kalitesi çok iyi çok güzel telefonda karşıdakiyle konuşurken yan yana gibi mükemmel satıcıyada erken teslimat için çok teşekkü,genel,pozitif
2 tane aldım ikiside orijinal ses kalitesi çok iyi çok güzel telefonda karşıdakiyle konuşurken yan yana gibi mükemmel satıcıyada erken teslimat için çok teşekkü,kargo,pozitif
2 tane aldım ikiside orijinal ses kalitesi çok iyi çok güzel telefonda karşıdakiyle konuşurken yan yana gibi mükemmel satıcıyada erken teslimat için çok teşekkü,ses_goruntu,pozitif
"2, 3 bin TL ye aynı verimi alacağınız kulaklığı almak yerine bunu alabilirsiniz şarjı ortalama gidiyor seside çok açında dışarıdan duyuluyor kulaktanda asla düş",genel,pozitif
"2, 3 bin TL ye aynı verimi alacağınız kulaklığı almak yerine bunu alabilirsiniz şarjı ortalama gidiyor seside çok açında dışarıdan duyuluyor kulaktanda asla düş",fiyat,notr
"2, 3 bin TL ye aynı verimi alacağınız kulaklığı almak yerine bunu alabilirsiniz şarjı ortalama gidiyor seside çok açında dışarıdan duyuluyor kulaktanda asla düş",batarya,pozitif
"2, 3 bin TL ye aynı verimi alacağınız kulaklığı almak yerine bunu alabilirsiniz şarjı ortalama gidiyor seside çok açında dışarıdan duyuluyor kulaktanda asla düş",ses_goruntu,notr
2. Nesil sipariş ettim 1. Nesil yollanmış,genel,negatif
2. Nesil sipariş ettim 1. Nesil yollanmış,kalite,negatif
2. alışım bu ilk i sıkıntısızdı fakat bu sağ kulaklığı bozuk geldi,genel,negatif
2. alışım bu ilk i sıkıntısızdı fakat bu sağ kulaklığı bozuk geldi,kalite,negatif
2. nesilden geçtim ciddi fark belli oluyor kendisi yeni bffim🫶🎀,kalite,pozitif
2. nesilden sonra 4. nesile geçmek ses kalitesi açısından fark yarattı diyebilirim. günlük çok işime yarayan bir ürün. teşekkürler,ses_goruntu,pozitif
2.nesil diye 1. Nesil gönderiyorlar almayın 2. Nesilde ışık ön tarafta olur 1. Nesilde fotoğrafta göründüğü yerde,genel,negatif
2.nesil diye 1. Nesil gönderiyorlar almayın 2. Nesilde ışık ön tarafta olur 1. Nesilde fotoğrafta göründüğü yerde,kalite,negatif
"2.nesil kullanıyordum kaybettiğim için aldım, silikonlu kulaklık sevmiyorum kulaklık şekli çok hoşuma gitmedi 2.nesil kadar hoşlanmadım. ses kalitesi güzel. içi",ses_goruntu,pozitif
200-300₺ için orijinal sitesinden almadığıma pişmanım. Geldiğinde şarjı %0’dı beni biraz şüphelendirdi yenilenmiş olabileceğine dair. Genel olarak ürünü de beğe,genel,negatif
200-300₺ için orijinal sitesinden almadığıma pişmanım. Geldiğinde şarjı %0’dı beni biraz şüphelendirdi yenilenmiş olabileceğine dair. Genel olarak ürünü de beğe,kalite,negatif
200-300₺ için orijinal sitesinden almadığıma pişmanım. Geldiğinde şarjı %0’dı beni biraz şüphelendirdi yenilenmiş olabileceğine dair. Genel olarak ürünü de beğe,batarya,negatif
2020 yılında 865₺’ye almışım bedava gibi geliyor hala da kullanıyorum memnunum tavsiye de ederim,genel,pozitif
3 ayda bozuldu almayin,genel,negatif
3 ayda bozuldu almayin,kalite,negatif
3 stokda yok diye 4 aldım güzel küçük beğendim,genel,pozitif
3. Nesil kullanıyordum yenilemek için bunu aldım ses kalitesi çok çok iyi . Alınabilecek en ortalama ürün piyasadaki,ses_goruntu,pozitif
45 dakikalık telefon görüşmesinin ardından şarjı %100 den %76 ya indi şarjının bu kadar hızlı azalması hiç normal değil,batarya,negatif
45 dakikalık telefon görüşmesinin ardından şarjı %100 den %76 ya indi şarjının bu kadar hızlı azalması hiç normal değil,ses_goruntu,negatif
5 aydır kullanıyorum memnunum,genel,pozitif
"5 kuruş etmez,",genel,negatif
5 yıl oldu alalı on numara mal,genel,pozitif
"5 yıldır Buds 3 lite kullanıyordum, temizlik yaparken tekini cebimde unutup çamaşır makinesinde 90 derecede yanlışlıkla yıkadım. Buds 6 play almaya karar verdim",genel,negatif
6saat  kullandim 100de 40a geldi şarz mükemmel  agry yok biraz konuşmada ses gönderince biraz diş görinti kapatmaz ama harika,genel,pozitif
6saat  kullandim 100de 40a geldi şarz mükemmel  agry yok biraz konuşmada ses gönderince biraz diş görinti kapatmaz ama harika,ses_goruntu,pozitif
Abartıldığı kadar iyi değil,genel,negatif
AirPods 2 den geçtim malzeme kalitesi  iyi değil kulakta düşecek gibi duruyor kargo hızlıydı fakat paketleme çok özensizdi airpods 2 bundan daha iyi ve kaliteli,kargo,negatif
AirPods 2 den geçtim malzeme kalitesi  iyi değil kulakta düşecek gibi duruyor kargo hızlıydı fakat paketleme çok özensizdi airpods 2 bundan daha iyi ve kaliteli,kalite,negatif
AirPods 2 den geçtim malzeme kalitesi  iyi değil kulakta düşecek gibi duruyor kargo hızlıydı fakat paketleme çok özensizdi airpods 2 bundan daha iyi ve kaliteli,ambalaj,negatif
AirPods 3 e kıyasla tiz oranı yüksek ve ses seviyesi mükemmel,genel,pozitif
AirPods 3 e kıyasla tiz oranı yüksek ve ses seviyesi mükemmel,ses_goruntu,pozitif
Airpods 4 kulaklık aldım bugün geldi.. mağazanızsa made in china yazıyor gelense vietnam arkadaşlarım menşei vietnam ürünlerden dolayı problem yaşayıp iade etti,genel,negatif
Akşam sipariş verdim sabah elime ulaştı. Sadece garantisinde bi sıkıntı var. Altı ayı kalmış görünüyor apple destek ile düzeltmeye çalışıyorum. İlk defa airpods,kargo,pozitif
Alalı 1ay oldu ama kulaklığımın 1tanesı şuanda çalışmıyor maalesef,genel,negatif
Alalı 2-3 hafta oldu sağ kulaklığım çalışmıyor yardımcı olurmusunuz?,genel,negatif
Alalı 3 ay oldu kullanıp yorum yapmak istedim başlarda şarjı çok iyi günlerce giderken suan 5 saatte şarjı bitiyor aldığımdan beri telefonda konuşurken sesim ka,batarya,negatif
Alalı 3 ay oldu kullanıp yorum yapmak istedim başlarda şarjı çok iyi günlerce giderken suan 5 saatte şarjı bitiyor aldığımdan beri telefonda konuşurken sesim ka,ses_goruntu,negatif
Alalı 5 sene oldu .Hala kullanıyorum. Bana mısın demedi.(çok fazla düşürdüm)  Çok iyi çalışıyor. tavsiye ederim.,genel,pozitif
Aldıktan bir hafta sonra sağ taraftan ses gelmemeye başladı ne yapabilirim? Garantiye gönderebilir miyim? Nasıl bi yol izlemem gerekiyor ?,ses_goruntu,negatif
Aldığıma en pişman olduğum ürün resmen ya. Tamamen satıcısından kaynaklı bir durum almak isteyen gitsin mağazadan alsın. Alalı 2 ay olmadan karşıya sesi iletmem,genel,negatif
Aldığıma en pişman olduğum ürün resmen ya. Tamamen satıcısından kaynaklı bir durum almak isteyen gitsin mağazadan alsın. Alalı 2 ay olmadan karşıya sesi iletmem,ses_goruntu,notr
Aldığıma pişmanım bas yok!   3 yıl önce satın aldığım Qcy T 17 marka kullanıyordum kaybolunca bunu satın aldım ama?,genel,negatif
Aldığıma pişmanım bas yok!   3 yıl önce satın aldığım Qcy T 17 marka kullanıyordum kaybolunca bunu satın aldım ama?,ses_goruntu,negatif
"Aldığımda garantisinin bitmesine 10 ay vardı,orijinal olduğunu düşündüğüm için ve her gün zam yediği için iade etmedim.Firmaya ulaşamadım",kalite,pozitif
Aldığımda sorunsuz kullandım bir süre ama bilgisayarıma bağlanmadı o yüzden iade ettim bence direkt gidip almak daha sağlıklı,genel,negatif
"Almadan önce bu kadar ihtiyacım olduğunu bilmiyordum🙃 Aşırı kullanışlı, bağlantı kopmuyor ve çok yeterli. İyi ki almışım.",genel,pozitif
Apple kalitesi ne diyebiliriz ki süper. Anadolu lisesi kazanan yegenime hediye aldım çok iyi,kalite,pozitif
Apple’ın sevmediğim yanı bir ürününü alıyorsun eksikleri hiç bitmez…şarj kablosunu da bi zahmet kulaklıla üretip ayni kutuda yollasaydınız,genel,negatif
Aralık 2024 de aldığımda 4.445 tl fiyatındaydı neredeyse bir yıl olacak kullanışlı tabiiki ama kulağa iyi bir şekilde yerleşmiyor sürekli bir düşecek endişesi o,fiyat,pozitif
Aralık ayında alıyorum mayıstan başlatıyorsunuz garantiyi ne kadar saçma o zaman 2 yıl garanti demeyin 1 yıl 5 ay şuan garantim.,genel,negatif
Arama geldiğinde açılmıyor,genel,negatif
Arkadaşima hediye aldim cok güzel paketlemesi sağlam harika 🤩 bol kazançlar size,genel,pozitif
Arkadaşima hediye aldim cok güzel paketlemesi sağlam harika 🤩 bol kazançlar size,kalite,pozitif
Arkadaşima hediye aldim cok güzel paketlemesi sağlam harika 🤩 bol kazançlar size,ambalaj,pozitif
Arkadaşlar almayın sol kulağa oturdu ama sağa oturmadı airpods 2.nesil buna göre hem daha estetik hemde daha güzel oturuyordu kulakta artı kafa hareketleri çalı,genel,negatif
Arkadaşlar almayın sol kulağa oturdu ama sağa oturmadı airpods 2.nesil buna göre hem daha estetik hemde daha güzel oturuyordu kulakta artı kafa hareketleri çalı,kalite,pozitif
Artı yönleri ses kalitesi şarjı ve tasarımı eksi yönleri kesinlikle kulaktan düşüyor yürürken bile ara ara düzeltmek gerekiyor kablosuz şarjı desteklemiyor. Tam,batarya,negatif
Artı yönleri ses kalitesi şarjı ve tasarımı eksi yönleri kesinlikle kulaktan düşüyor yürürken bile ara ara düzeltmek gerekiyor kablosuz şarjı desteklemiyor. Tam,ses_goruntu,negatif
Asla bağlanmıyor resmen bağlansın diye kulaklığın keyfini bekliyoruz. alacak olanlara asla önermem,genel,negatif
Aynısı geldi,genel,notr
Aşırı kötü sesi o kadar çok az ki duymakta güçlük çekiyorum. iade ettim fakat iadem reddedildi ürünü bana geri göndereceklerini söylediler. tüketici haklarına ş,ses_goruntu,negatif
Babama almistim gayet guzeldi fakat 1 sene uztune bozuldu ve faturadan dolayi garantiyede kabul etmediler.,genel,negatif
Babama almistim gayet guzeldi fakat 1 sene uztune bozuldu ve faturadan dolayi garantiyede kabul etmediler.,kalite,negatif
Bana bozuk kulaklik satti ve 2 kez iade ettim bana kulaklik kutusunun degil icindeki kulakliklarin degistigini ilettiler 1 puan bile degil kesinlikle 0 almayin,genel,negatif
Bana bozuk kulaklik satti ve 2 kez iade ettim bana kulaklik kutusunun degil icindeki kulakliklarin degistigini ilettiler 1 puan bile degil kesinlikle 0 almayin,kalite,negatif
Bana bozuk kulaklik satti ve 2 kez iade ettim bana kulaklik kutusunun degil icindeki kulakliklarin degistigini ilettiler 1 puan bile degil kesinlikle 0 almayin,ambalaj,negatif
Bana geldiği tarihten 3 ay önce garanti süresi başlatılmış olarak geldi.,genel,negatif
Bass olarak iyi değil ama tasarım olarak harika,genel,pozitif
Bass olarak iyi değil ama tasarım olarak harika,ses_goruntu,negatif
Bayıldım bayıldım 🤩 kalitesi 😍 iyi ki almışım🥳 Bir avuç dolusu mutluluk 😁🥰,genel,pozitif
Bayıldım bayıldım 🤩 kalitesi 😍 iyi ki almışım🥳 Bir avuç dolusu mutluluk 😁🥰,kalite,pozitif
Bayıldım hem kalite hem orijinallik apple şaşırtmıyor ;),genel,pozitif
Bayıldım hem kalite hem orijinallik apple şaşırtmıyor ;),kalite,pozitif
Bayıldım ses tonlar mükemmel,genel,pozitif
Bayıldım ses tonlar mükemmel,ses_goruntu,pozitif
Bayıldım çok iyi  ses kalitesi gürültü önleme özelliği tam bi fiyat performansı bi ürün kaçırmayın 🙃,genel,pozitif
Bayıldım çok iyi  ses kalitesi gürültü önleme özelliği tam bi fiyat performansı bi ürün kaçırmayın 🙃,fiyat,pozitif
Bayıldım çok iyi  ses kalitesi gürültü önleme özelliği tam bi fiyat performansı bi ürün kaçırmayın 🙃,ses_goruntu,pozitif
Bağlantı sorunu oluyor arada..,genel,negatif
Bağlantıdan sürekli düşüyor! İadee!!!,genel,negatif
"Başarılı ürün, fiyat performans ürünü ses kalitesi malzeme kalitesi iyi 👍",kalite,pozitif
"Başarılı ürün, fiyat performans ürünü ses kalitesi malzeme kalitesi iyi 👍",fiyat,pozitif
"Başarılı ürün, fiyat performans ürünü ses kalitesi malzeme kalitesi iyi 👍",ses_goruntu,pozitif
Başarılı. Fiyat makul,fiyat,notr
Belki benle alakalı olabilir ama kulağıma büyük geldi,genel,notr
Ben aldıktan sonra fiyatı baya düştü,fiyat,negatif
Ben kulaklık değil haporlör almışım,genel,notr
Ben kulaklığımı alalı bir seneyi geçti fakat kutusu şarj almıyor %1 de kalıyor ne yapmam gerek,batarya,negatif
"Ben çok memnun kalmadım, sürekli kulağımdan düşüyor...",genel,negatif
Bence çok iyi şarj süresi 30 saat kullanım süresi mükemmel,genel,pozitif
Bence çok iyi şarj süresi 30 saat kullanım süresi mükemmel,batarya,pozitif
Beğendim hediye olarak almıştım. Güzel,genel,pozitif
"Bir aydır kullanıyorum, aldığım gün şarja taktım 1 ay boyunca kutuyu hiç şarj etmedim. Şarj konusunda oldukça başarılı.  Mikrofon konusunda hiç beğenmedim karşı",batarya,pozitif
"Bir aydır kullanıyorum, aldığım gün şarja taktım 1 ay boyunca kutuyu hiç şarj etmedim. Şarj konusunda oldukça başarılı.  Mikrofon konusunda hiç beğenmedim karşı",ses_goruntu,notr
Biraz bağlantısı sıkıntılı sesi de dışarıya veriyor fp ürünü,ses_goruntu,negatif
Biraz deniyim dedim sesi vs güzel ama şarjı 38 den 33 e düştü hemen normal mi bilmiyorum,batarya,negatif
Biraz deniyim dedim sesi vs güzel ama şarjı 38 den 33 e düştü hemen normal mi bilmiyorum,ses_goruntu,pozitif
Bozuk geldi ve servise git gel çok uğraştırdı hediye almıştım halbuki bir anlamı kalmadı,genel,negatif
Bozuk geldi ve servise git gel çok uğraştırdı hediye almıştım halbuki bir anlamı kalmadı,kalite,negatif
Bu kulaklığı ortalama 1 veya 2 ay önce aldım şuana kadar sorunsuz kullandım fakat bir anda sol kulaklık şarj almamaya başladı ve arada bir kutusuda şarja taktığ,batarya,negatif
Bu satıcıdan 2 kere aldım çok memnunum ürün kesinlikle orijinaldir,genel,pozitif
Bu satıcıdan 2 kere aldım çok memnunum ürün kesinlikle orijinaldir,kalite,pozitif
"Cok begendık,bence bes yıldızı hakedıyor",genel,pozitif
Cızıltı var iade ettim ve iademi reddettinizzz,genel,negatif
Daha önce kardeşime almıştım şimdi kendime aldım. Hızlı kargo ve sağlam paketleme. Teşekkürler,kargo,pozitif
Daha önce kardeşime almıştım şimdi kendime aldım. Hızlı kargo ve sağlam paketleme. Teşekkürler,kalite,pozitif
Daha önce kardeşime almıştım şimdi kendime aldım. Hızlı kargo ve sağlam paketleme. Teşekkürler,ambalaj,pozitif
Değer mi bilemedim ama ses kalitesi daha iyi,fiyat,notr
Değer mi bilemedim ama ses kalitesi daha iyi,ses_goruntu,pozitif
Direk kullandım çok memnunum kaldım tavsiye ederim herkese,genel,pozitif
"Dokunmatik ekranlı oldugu için kulağıma takıp çıkarırken veya kulağımdaki yerinden hafif hareket ettirmek istediğimde bazen sapıtıyo, onun dışında iyi",kalite,pozitif
"Dokunmatik ekranlı oldugu için kulağıma takıp çıkarırken veya kulağımdaki yerinden hafif hareket ettirmek istediğimde bazen sapıtıyo, onun dışında iyi",ses_goruntu,pozitif
Dışarı ses veriyor,ses_goruntu,negatif
Ekimde dolması gereken garantim nisan ayında bitti bu durumdan şikayetçiyim şuan airpodsum bozuldu ve tamir için para ödemek zorundayım her türlü yola başvuraca,genel,negatif
Ekimde dolması gereken garantim nisan ayında bitti bu durumdan şikayetçiyim şuan airpodsum bozuldu ve tamir için para ödemek zorundayım her türlü yola başvuraca,kalite,negatif
Ekimde dolması gereken garantim nisan ayında bitti bu durumdan şikayetçiyim şuan airpodsum bozuldu ve tamir için para ödemek zorundayım her türlü yola başvuraca,fiyat,negatif
Elime çok hızlı ulaştı gerçekten beğendim ses kalitesi de mükemmel,genel,pozitif
Elime çok hızlı ulaştı gerçekten beğendim ses kalitesi de mükemmel,ses_goruntu,pozitif
En kaliteli kullanışlı kulaklık herkese tavsiye ediyorum,genel,pozitif
En kaliteli kullanışlı kulaklık herkese tavsiye ediyorum,kalite,pozitif
En çok satan 1. Sırada oldugu için hiç düşünmeden sipariş vermiştim fakat sesi çok az veriyor çakma aplee almıştım 300 e o daha fazka veriyor arasında ciddi far,ses_goruntu,negatif
Ennnn büyük yardımcım harika valla alın sporda derste arabada çok büyük kolaylık,genel,pozitif
Erkek arkadaşım yıldönümü hediyesi olarak aldı çokk güzel,genel,pozitif
"Erkek arkadaşıma doğum günü hediyesi olarak aldım çok beğendi, orijinal ürün tek sorun yaşadığımız kısım garanti süresini yenileyememek oldu onun için destek ha",kalite,pozitif
Esime hediye aldim cok severek kullaniyor,genel,pozitif
Eski pods umu kaybettiğim için burdan aldım ama anlamadığım bir biçimde şarjı inanılmaz az gidiyor,batarya,notr
Eşime aldım gayet memnun,genel,pozitif
Eşime aldım çok beğendi Apple kalitesi tartışılmaz,kalite,notr
Eşime hediye aldım beğendik,genel,pozitif
Eşime hediye aldım çok beğendi,genel,pozitif
Fiyat performans,fiyat,pozitif
Fiyat performans alınabilir,fiyat,pozitif
Fiyat performans ürünü,fiyat,pozitif
Fiyat performans ürünü fena değil rüzgar sesini çok alıyor,fiyat,pozitif
Fiyat performans ürünü fena değil rüzgar sesini çok alıyor,ses_goruntu,pozitif
Fiyat performans ürünü kulağa takıldığında pek belli olmuyor dışarıdan bence bu yanı güzel ama dışarıya ses veriyor biraz olumsuz bir tarafı ona göre alacaklar,fiyat,pozitif
Fiyat performans ürünü kulağa takıldığında pek belli olmuyor dışarıdan bence bu yanı güzel ama dışarıya ses veriyor biraz olumsuz bir tarafı ona göre alacaklar,ses_goruntu,notr
Fiyat performansı olarak çok iyi,fiyat,pozitif
Fiyat zamminin yapildigi gun satin aldigim icin buyuk ihtimalle satici bana elindeki defolu urunu gonderdi. Sag kulaklik kulagindayken calmiyor sol kulaklik kut,kalite,negatif
Fiyat zamminin yapildigi gun satin aldigim icin buyuk ihtimalle satici bana elindeki defolu urunu gonderdi. Sag kulaklik kulagindayken calmiyor sol kulaklik kut,fiyat,negatif
Fiyatı bu kadar oynak olmamalı ben aldıktan sonra 300 lira düştü. 20 günde 900 lira fiyat fark ediyor. Trendyol birde kendisi satıyor. Yazık gerçekten.,fiyat,negatif
Fiyatına göre iyi ama ses çok çıkmıyor o durumu beğenmedim,fiyat,pozitif
Fiyatına göre iyi ama ses çok çıkmıyor o durumu beğenmedim,ses_goruntu,notr
Garanti konusunda sorun yaşadım ürünün garantisi aldığım tarihten 7 ay öncesinde başlamıştı sonrasında apple ile iletişime geçip düzelttirdim uğraştırdı biraz ş,genel,negatif
Garanti süresi aldığım tarihten daha kısa sürede bitiş gösteriyor ek garanti ise işlenmemiş daha 2 yılı dolmadan bitiş gösteriyor aldığınız tarihte fatura kesil,genel,negatif
Garanti süresi iki yol değil mi bugün elime ulaştı ürün garanti süresi 16 -11 -2024 te bitiyor gösteriyor. Bu durum için bir Yıldız verdim açıklama istiyorum,kargo,notr
Garantisi 01.06.2023 tarihinde başlamış gözüküyor. 4 ay garantimden oldum.,genel,negatif
Gayet güzel Orjinal ürün piyasaya göre fiyatı çok iyi,kalite,pozitif
Gayet güzel Orjinal ürün piyasaya göre fiyatı çok iyi,fiyat,pozitif
Gayet güzel beğeniyorum şarkı dinlemek için aldım yolda canım sıkılıyor malum İstanbul trafiği vatan satıcısından aldım ses kalitesi falan bayağı iyi bence vata,ses_goruntu,pozitif
Gayet güzel kızım için aldım çok beğendi,genel,pozitif
Gayet güzel ve minik. Kulak üstü kulaklıklarım çantalarıma sığmadığı için aldım. Ses kalitesi de güzel.,ses_goruntu,pozitif
Gayet hızlı geldi. Sevgilime aldım. Memnun kaldık teşekkür ederizz,genel,pozitif
Gayet hızlı geldi. Sevgilime aldım. Memnun kaldık teşekkür ederizz,kargo,pozitif
Gelen ürünün garantisi 6 ay görünüyor. Neden 24 ay olmadığını anlayamadım. Satıcı da asistan da sorunumla ilgilenmedi.,genel,negatif
Gercekten cok guzel kulaklik herkese tavsiye ederim kibar ve kulaga cok rahat oturuyor ses kaliteside cok guzel fiyat performans urunu,genel,pozitif
Gercekten cok guzel kulaklik herkese tavsiye ederim kibar ve kulaga cok rahat oturuyor ses kaliteside cok guzel fiyat performans urunu,fiyat,pozitif
Gercekten cok guzel kulaklik herkese tavsiye ederim kibar ve kulaga cok rahat oturuyor ses kaliteside cok guzel fiyat performans urunu,ses_goruntu,pozitif
Geri istiyorum :(,genel,negatif
Guzel ama disari ses veriyor bu kotu bence,ses_goruntu,negatif
Göründüğü gibi 3 günde geldi,genel,notr
Göründüğü gibi güzel ve kaliteli,kalite,pozitif
Güncel: ürünü iade aldılar ancli alıp ancsiz yolladıkları için.,genel,negatif
Günlük kulanım için aşırı ideal bir üründür ayrıca kulanım süresi olarak da gayet yeterli bi düzeydedir 4g jarz a takmadığım olmuştur bi kulaklığa göre gayet iy,genel,notr
Güzel beğendim sağlam geldi,genel,pozitif
Güzel beğendim sağlam geldi,kalite,pozitif
Güzel büyük kolaylık ve kablolu kulaklıktan sonra ses kalitesi muazzam ama sanki hızlı şarjı bitiyor,batarya,negatif
Güzel büyük kolaylık ve kablolu kulaklıktan sonra ses kalitesi muazzam ama sanki hızlı şarjı bitiyor,ses_goruntu,pozitif
Güzel fakat ürün anlamadığım şekilde çok hızlı şekilde çizildi arada sırada cızırtı geliyor,ses_goruntu,negatif
Güzel fiyatına göre,fiyat,pozitif
Güzel güvenilir satıcı,genel,pozitif
Güzel güzel,genel,pozitif
Güzel paketlenmişti fakat seri numarasını sorgulatınca garantisinin 13 ay kaldığını öğrendiğim için iadeye gönderdim,ambalaj,pozitif
Güzel çok beğendim ses kalitesi falan çok iyi,genel,pozitif
Güzel çok beğendim ses kalitesi falan çok iyi,ses_goruntu,pozitif
HIZLI KARGO İÇİN ÇOK TEŞEKKÜR EDERİM,kargo,pozitif
Harika bayıldım sevgilime aldım,genel,pozitif
Harika orijinal ürün güvenerek alabilirsiniz,genel,pozitif
Harika orijinal ürün güvenerek alabilirsiniz,kalite,pozitif
Harika ötesi gerçekten çok beğendim ses kalitesi ve minimalliği ile tam benlik ayrıca Trendyol’a ve Vatan teşekkür ederim,genel,pozitif
Harika ötesi gerçekten çok beğendim ses kalitesi ve minimalliği ile tam benlik ayrıca Trendyol’a ve Vatan teşekkür ederim,ses_goruntu,pozitif
Harika ürün ses kalitesi gürültü önleme özelliği ile tam bir performans ürün,genel,pozitif
Harika ürün ses kalitesi gürültü önleme özelliği ile tam bir performans ürün,ses_goruntu,pozitif
Hediye aldım durduk yere şarjı bitiyo,batarya,negatif
Hediye aldım çok beğenildi ses kalitesi çok iyi paketleme güzeldi,ses_goruntu,pozitif
Hediye aldım çok beğenildi ses kalitesi çok iyi paketleme güzeldi,ambalaj,pozitif
Hediye olarak aldim o yuzden acamadim kargolama hizi guzeldi trendyola guveniyorum,kargo,pozitif
Hediye olarak aldım kendim de aynı ürünü kullanıyorum gayet memnunum,genel,pozitif
Hediye olarak aldım çok beğenildi bir günde sapasağlam elime ulaştı,kargo,notr
Hep öneri alıyordum şimdis kendim aldım harika ürün,genel,pozitif
Hiç güzel değil bağlanmıyor bile şikayetçi olucam bozuk ürün gönderiyorlar,genel,negatif
Hiç güzel değil bağlanmıyor bile şikayetçi olucam bozuk ürün gönderiyorlar,kalite,negatif
Hiç tereddütsüz alabılırsınız ses kalitesı de çok ıyı,genel,pozitif
Hiç tereddütsüz alabılırsınız ses kalitesı de çok ıyı,ses_goruntu,pozitif
Hızlı geldi,kargo,pozitif
Hızlı geldi ama uzamsal çalışmıyor,kargo,pozitif
Hızlı geldi eşime anneler günü hediyesi aldım çok beğendi tşk,kargo,pozitif
Hızlı gönderim için teşekkür ederim muazzam bir ses kalitesi var Apple yetkili garanti kapsamında bilginiz olsun gönül rahatlığıyla alabilirsiniz 🙃🙃🙃,genel,pozitif
Hızlı gönderim için teşekkür ederim muazzam bir ses kalitesi var Apple yetkili garanti kapsamında bilginiz olsun gönül rahatlığıyla alabilirsiniz 🙃🙃🙃,ses_goruntu,pozitif
Hızlı kargo. Ürüne gelecek olursak. Bas sesi baskın şarkı sözleri arkadan geliyor gibi. Kulağa güzel oturuyor bir sıkıntı olursa yazarım. İdare eder bir ürün. 3,kargo,pozitif
Hızlı kargo. Ürüne gelecek olursak. Bas sesi baskın şarkı sözleri arkadan geliyor gibi. Kulağa güzel oturuyor bir sıkıntı olursa yazarım. İdare eder bir ürün. 3,ses_goruntu,notr
"Hızlı teslimat , ürün sorunsuz elime ulaştı gayet güzel paketlenmişti satıcıya teşekkür ederim 🙏 ses kalitesi vs çok iyi apple kalitesi zaten 👍👏",kargo,pozitif
"Hızlı teslimat , ürün sorunsuz elime ulaştı gayet güzel paketlenmişti satıcıya teşekkür ederim 🙏 ses kalitesi vs çok iyi apple kalitesi zaten 👍👏",ses_goruntu,pozitif
"Hızlı teslimat , ürün sorunsuz elime ulaştı gayet güzel paketlenmişti satıcıya teşekkür ederim 🙏 ses kalitesi vs çok iyi apple kalitesi zaten 👍👏",ambalaj,pozitif
Hızlı ve güzel bir paketleme ile elime ulaştı çok teşekkürler tavsiye ederim,genel,pozitif
Hızlı ve güzel bir paketleme ile elime ulaştı çok teşekkürler tavsiye ederim,kargo,pozitif
Hızlı ve güzel bir paketleme ile elime ulaştı çok teşekkürler tavsiye ederim,ambalaj,pozitif
Hızlı ve sorunsuz teslim aldım teşekkür ederim,kargo,pozitif
Iphone'um ile entegre olsun diye airpod aldım ancak dışarıdaki sesi hiç engellemiyor anlamadım.,ses_goruntu,notr
"Kadikoy icinden elimize ulasmasi bes gun surdu, gec kargolandi.",kargo,negatif
Kalite iyi sll kulakta bir sıkıntı yaşadık fakat apple servisinde değiştirdiler.,kalite,notr
Kalite kalıte 😀aldıktan hemen sonra apple kaydına yaptırdım garantısını başlattım faturasıyla,kalite,notr
Kaliteli bir ürün fiyatı da uygun,kalite,pozitif
Kaliteli bir ürün fiyatı da uygun,fiyat,pozitif
Kaliteli ve güzel,kalite,pozitif
Kalitesi .,kalite,notr
Kalitesi ve fiyatı çok iyi hızlı kargo için satıcıya teşekkür ederim..,kargo,pozitif
Kalitesi ve fiyatı çok iyi hızlı kargo için satıcıya teşekkür ederim..,kalite,pozitif
Kalitesi ve fiyatı çok iyi hızlı kargo için satıcıya teşekkür ederim..,fiyat,pozitif
Kalitesiz bi ürün kalitesiz demememin sebebi sesi sesi çok az geliyor tasarım yani iadare eder ama sesi az geldiği için kozmatiği övmenin manası yok,kalite,negatif
Kalitesiz bi ürün kalitesiz demememin sebebi sesi sesi çok az geliyor tasarım yani iadare eder ama sesi az geldiği için kozmatiği övmenin manası yok,ses_goruntu,negatif
Kargo hızlı teslim edildi. Lakin içerisinden kulaklık çıkmadı ve sesi dışarı oldukça yansıtıyor.,kargo,pozitif
Kargo hızlı teslim edildi. Lakin içerisinden kulaklık çıkmadı ve sesi dışarı oldukça yansıtıyor.,ses_goruntu,negatif
"Kargo hızlıydı, paketleme daha iyi olabilir. Garanti başlama tarihinde sıkıntı yaşamadım. Sesi, mikrofonu ve şarj süresi gayet iyi fakat kutusunun şarjı hızlı b",kargo,pozitif
"Kargo hızlıydı, paketleme daha iyi olabilir. Garanti başlama tarihinde sıkıntı yaşamadım. Sesi, mikrofonu ve şarj süresi gayet iyi fakat kutusunun şarjı hızlı b",batarya,negatif
"Kargo hızlıydı, paketleme daha iyi olabilir. Garanti başlama tarihinde sıkıntı yaşamadım. Sesi, mikrofonu ve şarj süresi gayet iyi fakat kutusunun şarjı hızlı b",ses_goruntu,pozitif
"Kargo hızlıydı, paketleme daha iyi olabilir. Garanti başlama tarihinde sıkıntı yaşamadım. Sesi, mikrofonu ve şarj süresi gayet iyi fakat kutusunun şarjı hızlı b",ambalaj,pozitif
Kargo kutusu gayet korunaklıydı. Apple kalitesi sorunsuz teslim edildi,kargo,pozitif
Kargo kutusu gayet korunaklıydı. Apple kalitesi sorunsuz teslim edildi,kalite,pozitif
Kargo kutusu gayet korunaklıydı. Apple kalitesi sorunsuz teslim edildi,ambalaj,pozitif
Kargo kutusu içinde hiçbir patpata ya da koruyucu malzemeye sarılmadan gönderildi. Sanki manavdan elma alıyoruz işinizi düzgün yapın,kargo,notr
Kargo kutusu içinde hiçbir patpata ya da koruyucu malzemeye sarılmadan gönderildi. Sanki manavdan elma alıyoruz işinizi düzgün yapın,kalite,notr
Kargo kutusu içinde hiçbir patpata ya da koruyucu malzemeye sarılmadan gönderildi. Sanki manavdan elma alıyoruz işinizi düzgün yapın,batarya,notr
Kargo kutusu içinde hiçbir patpata ya da koruyucu malzemeye sarılmadan gönderildi. Sanki manavdan elma alıyoruz işinizi düzgün yapın,ambalaj,notr
Kargo çok geç geldi.,kargo,negatif
Kargo çok uğraştırıcıydı 1 haftaya teslim edildi ürün şuanlık güzel fakat garantisi tam 2 yıl olarak gelmedi,kargo,notr
Kendime hediye aldımmm Güvenilir satıcı ürün orjinal geldi hiç bir sıkıntısı yok teşekkürler 🩵🩷🩵 birde kılıf aldım çok tatlı olduuu ✨🤎,kalite,pozitif
"Kesinlikle MediaMarkttan satın almayın, sipariş tarihim 7 Kasım elime geçişi 10 Kasım ürünün kurdum garanti bitme sürem 31 Ekim yani 10 gün önceden kurulmuş gib",genel,negatif
Kesinlikle almayın asla önermiyorum sipariş ettim sol kulaklık cızırtılı geldi bazı müziklerde belli oluyordu ama fazla basslı müziklerde belli olmuyordu ve sür,genel,negatif
Kesinlikle almayın asla önermiyorum sipariş ettim sol kulaklık cızırtılı geldi bazı müziklerde belli oluyordu ama fazla basslı müziklerde belli olmuyordu ve sür,kargo,notr
Kesinlikle almayın asla önermiyorum sipariş ettim sol kulaklık cızırtılı geldi bazı müziklerde belli oluyordu ama fazla basslı müziklerde belli olmuyordu ve sür,ses_goruntu,negatif
Kesinlikle daha önce müzik dinlemiyormuşum o derece iyi. 1 günde elime ulaştı gerçekten çok memnunum,genel,pozitif
Kesinlikle daha önce müzik dinlemiyormuşum o derece iyi. 1 günde elime ulaştı gerçekten çok memnunum,kargo,pozitif
Konuşurken ses karşı tarafa sağlıklı gitmiyor ama müzik dinlemek için alıyorsanız alın,ses_goruntu,negatif
Kulagimi acitti ama urun guzel,genel,pozitif
Kulaklık da sıkıntı var konuşurken sesım net gitmiyor nasıl iletişime geçebilirim,ses_goruntu,negatif
Kulaklık elime sorunsuz ulaştı ancak garanti kapsam süresi bitmiş şekilde elime ulaştı mecburen trendyol üzerinden sigortalamak zorunda kaldım,kargo,pozitif
Kulaklık güzel tavsiye ederim.,genel,pozitif
Kulaklık ilk bağlandığında ve ara ara hışırtı ses çıkarıyor. Daha çok sinyal sesi gibi. Onun dışında güzel kulaklık.,ses_goruntu,pozitif
Kulaklık kendi kndine sıfırlanıyor şarjı hiç kullanma kutunun içinde şarj yiyor hiçkimse yardımcı olmadı garanti falanda kapsamıyor bu arada kesinlikle ama kesi,batarya,notr
Kulaklık seri numaraları farklı,genel,negatif
Kulaklığımda bu şekilde demir parçaları oluşuyor daha yeni almama rağmen bi açıklama yaparmısınız?,genel,notr
Kulaklığımın sağ tarafından ses gelmeye başladı. Ürünü apple mağazasına götürdüğümde fatura tarihinin aldığım tarihten daha erken kesildiğini gördüler ve bu yan,ses_goruntu,pozitif
Kulaklığın iki tanesi aynı anda çalışmıyor. Sol çalışırken sağ çalışmıyor. Başka cihazlardan baktığımda kulaklığın adı dahi gözükmüyor.,genel,negatif
Kulakta emanet gibi duruyor düştü düşecek sanki. Ayrıca neden şarj girişi iPhone kablo uç değil 🤦🏻‍♀️,batarya,notr
Kulakta rahatsız etmıyor apple kalıtesıı,kalite,notr
Kulaktan sürekli düşmesi dışında problem yok gayet iyi,genel,pozitif
Kulağa oturması güzel ama ses kalitesini ben pek beğenmedim ama iş görür bu fiyata bu kadar,fiyat,notr
Kulağa oturması güzel ama ses kalitesini ben pek beğenmedim ama iş görür bu fiyata bu kadar,ses_goruntu,notr
Kulağa tam oturmuyor düşüyor memnun kalmadım.,genel,negatif
Kulağımdan sürekli düşüyor. Alalı 2 gün oldu ve kullanmayı bıraktım. Airpods 2 kullanıyordum ve hiç düşmüyordu. Kulak deliği epey büyük olmayanlar almasın.,genel,negatif
Kullanmaya başladım uzun süredir almak istiyordum içinde şarj kablosu yok yeni nesillerin hiçbirinde yok typce girişi ses kalitesi çok güzel baslar çok iyi teşe,ses_goruntu,pozitif
Kuponla güzel bi fiyata aldım orjinal begendim,genel,pozitif
Kuponla güzel bi fiyata aldım orjinal begendim,kalite,pozitif
Kuponla güzel bi fiyata aldım orjinal begendim,fiyat,pozitif
"Kusurlu geldi, uğraşmamak için iade etmedim; kutu içi seri numarası, kutu dışı ve airpods içindeki seri numarayla aynı değil. Apple destekten bilgi almanızı öne",kalite,negatif
Kutusu küçülmüş kablo le cıkmıyor bu parayı haketmiyor bi kulaklık bu para olamaz,fiyat,negatif
Küçük ama baya iyi bir ürün tavsiye ederim ses kalitesi mükemmel,genel,pozitif
Küçük ama baya iyi bir ürün tavsiye ederim ses kalitesi mükemmel,ses_goruntu,pozitif
Kızım için aldım.  Çok beğendi,genel,pozitif
Kızıma aldım. Çok güzel bir ürün. Ses kalitesi mükemmel. Orijinal bir ürün.,genel,pozitif
Kızıma aldım. Çok güzel bir ürün. Ses kalitesi mükemmel. Orijinal bir ürün.,ses_goruntu,pozitif
Lenovo kulaklığım daha dışarı ses vermezken bu efsane ses veriyo. Ama ses kalitesi çok iyi olduğu için devamlı olarak kullanıyorum.,ses_goruntu,pozitif
MEDİMARKT güvendiğim marka orjinal ürün.,kalite,pozitif
Media Marketten aldığım 2. Nesil kulaklığım bundan iyiydi piyasada olmadığı için tekrar alamadım maalesef onun çekim alanı da süperdi kaç metre uzaklıktan algıl,kalite,pozitif
Media markt tan aldım kulaklığın garantisi 1.5 ay önce başlamış gözüküyor.,genel,negatif
Merhaba aldığım kulaklıkta şarj problemi yaşıyorum. Şarjı hemen bitiyor ve şarj kutusu %4 ten fazla dolmuyor. Garanti kapsamında ilgilenir misiniz??,batarya,negatif
Merhaba kulaklık aldım fakat şarjı bir dakikada bitiyor bu konuda bana yardımcı olabilirmisiniz,batarya,negatif
Merhaba ürünün sol teki çalışmıyor,genel,negatif
Merhaba ürünün şarj problemi var ancak 2 şarkı dinleyebiliyorum yardımcı olur musunuz,batarya,negatif
Mikrofon sorunu vardı kapatıp açtım düzeldi. GARANTİ 6 AY ÖNCEDEN BAŞLATILMIŞ. Değişim yapmayacakları için uğraşmadım ama şehrinizde mediamarkt varsa gidin orda,ses_goruntu,negatif
Muhteşem bir ürün kesinlikle almalısınız bağlantı hızı ses kalitesi çok iyi çok beğendim 👏👏👏,genel,pozitif
Muhteşem bir ürün kesinlikle almalısınız bağlantı hızı ses kalitesi çok iyi çok beğendim 👏👏👏,ses_goruntu,pozitif
Mükemmel geldi ses kalitesi efsane ve telefonla da güzelce konuşuluyor,genel,pozitif
Mükemmel geldi ses kalitesi efsane ve telefonla da güzelce konuşuluyor,ses_goruntu,pozitif
Müthiş satıcı müthiş ürün gönül rahatlığıyla alın aldırın kesinlikle orijinal ses kalitesi muazzam apple farkı :),ses_goruntu,pozitif
Müthişş alın aldırın airpods 2 kullanan biri olarak farkları elle tutulur gürültü engelleyici,ses_goruntu,notr
Müzik dinlemekten keyif alamıyorum ses seviyesi hiç tatmin edici değil.Beklediğim gibi çıkmadı maalesef.,ses_goruntu,negatif
Nasıl 2. Nesil anlamadim sarji cabuk bitior 2-3 yil once aldigim powaray cakma kullaklik hala daha uzun sure gidior sarji okadar video izleyip dinliom bundan ca,kalite,pozitif
Nasıl 2. Nesil anlamadim sarji cabuk bitior 2-3 yil once aldigim powaray cakma kullaklik hala daha uzun sure gidior sarji okadar video izleyip dinliom bundan ca,batarya,negatif
Nasıl 2. Nesil anlamadim sarji cabuk bitior 2-3 yil once aldigim powaray cakma kullaklik hala daha uzun sure gidior sarji okadar video izleyip dinliom bundan ca,ses_goruntu,pozitif
Nasıl bir haksızlık daha 2 gün önce aldım fiyat 7999 tl fen 7499 tl ye düşmüş gibi gösteriyorlardı şimdi tam tersi 7499 tl den 6800 e düşürmüş gibi bu ürün gerç,fiyat,notr
Ne demek yalnızca 1 adet alabilirim,genel,notr
Neden şarj aleti yok yani bu kadar para veriyoruz niye şarj aleti yok,fiyat,negatif
Neden şarj aleti yok yani bu kadar para veriyoruz niye şarj aleti yok,batarya,negatif
Nestech satıcısından aldığım ürünü seri numarasından kontrol edebildim fakat garanti süresinin bitmesine bir ay kaldığını gösteriyor kulaklığın şarj kutusunda d,batarya,negatif
Orijinal apple ürünü media markttan aldım satıcıya cok dikkat edin alırken . Kargo cok güzel paketlenmişti ve 1 günde geldi. Fiyatı piyasanın en uygunuydu teşek,kargo,pozitif
Orijinal apple ürünü media markttan aldım satıcıya cok dikkat edin alırken . Kargo cok güzel paketlenmişti ve 1 günde geldi. Fiyatı piyasanın en uygunuydu teşek,kalite,pozitif
Orijinal apple ürünü media markttan aldım satıcıya cok dikkat edin alırken . Kargo cok güzel paketlenmişti ve 1 günde geldi. Fiyatı piyasanın en uygunuydu teşek,fiyat,pozitif
Orijinal apple ürünü media markttan aldım satıcıya cok dikkat edin alırken . Kargo cok güzel paketlenmişti ve 1 günde geldi. Fiyatı piyasanın en uygunuydu teşek,ambalaj,pozitif
Orijinal geldi ama anlamadığım şey şu garanti kaydetmede sorun yaşadım satın aldığım tarihi kabul etmedi destekten bağlandığımda da mayıs 2025 e kadar garanti g,genel,negatif
Orijinal geldi ama anlamadığım şey şu garanti kaydetmede sorun yaşadım satın aldığım tarihi kabul etmedi destekten bağlandığımda da mayıs 2025 e kadar garanti g,kalite,negatif
Orijinal satıcı,kalite,pozitif
Orijinal ve güzel beğendim,genel,pozitif
Orijinal ve güzel beğendim,kalite,pozitif
Orijinal ürün hızlı geldi fakat Ekim ayında sipariş verdim garanti başlangıç süresi Mayıs gözüküyor,kargo,pozitif
Orijinal ürün hızlı geldi fakat Ekim ayında sipariş verdim garanti başlangıç süresi Mayıs gözüküyor,kalite,pozitif
Orijinal ürün ve çok memnunum 💜😍,genel,pozitif
Orijinal ürün ve çok memnunum 💜😍,kalite,pozitif
Orijinalliği konusunda emin olamadım tam olarak,kalite,pozitif
Orjinal 2 aydır kullanıyorum gayet memnunum,genel,pozitif
Orjinal 2 aydır kullanıyorum gayet memnunum,kalite,pozitif
Orjinal olduğundan çok şüpeliyim,kalite,pozitif
Orjinal paketlemede çok iyi,kalite,pozitif
Orjinal paketlemede çok iyi,ambalaj,pozitif
Orjinal ürün geliyor bu fiyata başka yerde ... bulursunuz . Xiaomi cihazlarda kapak açtığınız zaman animasyon ile beraber telefonla bağlantı kuruyor parasinin ç,kalite,pozitif
Orjinal ürün geliyor bu fiyata başka yerde ... bulursunuz . Xiaomi cihazlarda kapak açtığınız zaman animasyon ile beraber telefonla bağlantı kuruyor parasinin ç,fiyat,pozitif
Orjinal ürün hızlı ve sorunsuz teslimat teşekkür ederim,kargo,pozitif
Orjinal ürün hızlı ve sorunsuz teslimat teşekkür ederim,kalite,pozitif
Orjinal ürün oğluma hediye aldım daha kendime de almıştım çok beğendim,genel,pozitif
Orjinal ürün oğluma hediye aldım daha kendime de almıştım çok beğendim,kalite,pozitif
Orjinal ürün paketlemesi de iyiydi,kalite,pozitif
Orjinal ürün paketlemesi de iyiydi,ambalaj,pozitif
Orjinalliğinden hiç şüpheniz olmasın terredüt etmiştim alırken nişanlıma doğum günü hediyesi olarak aldım  çok memnun,genel,pozitif
Orjinalliğinden hiç şüpheniz olmasın terredüt etmiştim alırken nişanlıma doğum günü hediyesi olarak aldım  çok memnun,kalite,pozitif
Ortlama 1 haftadır kullanıyorum . Son 2-3 gündür sol kulaklıkta cızırtı hissetmeye başladım . Bu konuda yardımcı olabilir misiniz ?,ses_goruntu,negatif
Oğlum için aldım çok beğendi.,genel,pozitif
Oğlum için aldım. Ses kalitesini çok beğendi. Severek kullanıyor. Teşekkürler.,ses_goruntu,pozitif
Paketle çok iyidi ses kalitesi de oldukça yüksek,ses_goruntu,pozitif
Paketleme gayet iyi ve kargo hızlıydı ürün sorunsuz geldi ve sorunsuz kullanıyorum,kargo,pozitif
Paketleme gayet iyi ve kargo hızlıydı ürün sorunsuz geldi ve sorunsuz kullanıyorum,ambalaj,pozitif
Paketleme iyiydi. Sapa saglam geldi. Sevgilime almistim cok mutlu oldu,kalite,pozitif
Paketleme iyiydi. Sapa saglam geldi. Sevgilime almistim cok mutlu oldu,ambalaj,pozitif
Paketleme kargolama başarılıydı beğendim 👍🏼,genel,pozitif
Paketleme kargolama başarılıydı beğendim 👍🏼,kargo,pozitif
Paketleme kargolama başarılıydı beğendim 👍🏼,ambalaj,pozitif
Paketleme özenliydi sorunsuz teslim edildi orjinal ürün sıkıntı yok beğendim,genel,pozitif
Paketleme özenliydi sorunsuz teslim edildi orjinal ürün sıkıntı yok beğendim,kargo,pozitif
Paketleme özenliydi sorunsuz teslim edildi orjinal ürün sıkıntı yok beğendim,kalite,pozitif
Paketleme özenliydi sorunsuz teslim edildi orjinal ürün sıkıntı yok beğendim,ambalaj,pozitif
Paranla rezil olmak istiyosanız alın  satıcı vatan. Trendyol üzerinden alındığı için şubeleri hiç bir şey yapmıyor aynı şekilde müşteri hizmetleride. Şarjada sı,fiyat,notr
Paranla rezil olmak istiyosanız alın  satıcı vatan. Trendyol üzerinden alındığı için şubeleri hiç bir şey yapmıyor aynı şekilde müşteri hizmetleride. Şarjada sı,batarya,notr
Rüzgarlı havada (bisiklet sürerken vs.) mikrofonu sesi almıyor ama kullanım ve müzik olarak mükemmel,genel,pozitif
Rüzgarlı havada (bisiklet sürerken vs.) mikrofonu sesi almıyor ama kullanım ve müzik olarak mükemmel,ses_goruntu,notr
SAĞ KULAKLIKTAN SES GELMİYOR..TEKRAR TEKRAR BAĞLADIM AMA DÜZELMİYOR. Çıldırdımmm,genel,negatif
SAĞ KULAKLIKTAN SES GELMİYOR..TEKRAR TEKRAR BAĞLADIM AMA DÜZELMİYOR. Çıldırdımmm,ses_goruntu,negatif
"Sadece patpata sarılıp gönderilmiş 😒.Kutuya bile koyulmamış.Kulaklığı denemedim henüz,umarım sorun yoktur ve orijinaldir",kalite,pozitif
"Sadece patpata sarılıp gönderilmiş 😒.Kutuya bile koyulmamış.Kulaklığı denemedim henüz,umarım sorun yoktur ve orijinaldir",ambalaj,notr
Sakın almayın ilgisiz satıcı,genel,negatif
Sakın almayın çak ürün satıyorlar,genel,negatif
Sakın almayın ürün arızalı çıktı iade ettim ürün de sorun yok diye geri gönderdiler trendyol da yardımcı olmadı sakın almayın,genel,negatif
Sakın almayın ürün arızalı çıktı iade ettim ürün de sorun yok diye geri gönderdiler trendyol da yardımcı olmadı sakın almayın,kalite,negatif
Satın aldığımda garantisi 1 yıl sonra bitiyor gözüküyordu apple sağolsun aradım ve hallettim,genel,negatif
Satın almamın üstünden 1 sene geçti hiçbir darbe düşme bi sıkıntı yaşamamasına rağmen ilk önce sol bağlanmadı şarj dahi olmadı sonra reset attım düzelmişti üzer,batarya,negatif
Sağ kulaklık çalışmıyor,genel,negatif
Sağ kulaklık çalışmıyor iade bilr edemiyorum rezillik resmen mediamarkt artık alışveriş yapmayacağım,genel,negatif
"Sağ kulaklık çalışmıyor, acil bir şekilde değişimini talep ediyorum.",genel,negatif
Sağ kulaklığın bassı az geliyor,ses_goruntu,notr
Ses falan süper Apple kalitesi fakat şarj bitmiş geldi,kalite,pozitif
Ses falan süper Apple kalitesi fakat şarj bitmiş geldi,batarya,negatif
Ses falan süper Apple kalitesi fakat şarj bitmiş geldi,ses_goruntu,pozitif
Ses güzel ama şarj problemi var. Az kullanmama rağmen tek kullanışta şarjı bitiyor en ihtiyacım olan yerde bir bakıyorum şarjı yok. Sabah 100 olan şarj 2 saat b,batarya,negatif
Ses güzel ama şarj problemi var. Az kullanmama rağmen tek kullanışta şarjı bitiyor en ihtiyacım olan yerde bir bakıyorum şarjı yok. Sabah 100 olan şarj 2 saat b,ses_goruntu,pozitif
Ses güzel ve sağlam paket elime ulaştı.,kargo,pozitif
Ses güzel ve sağlam paket elime ulaştı.,kalite,pozitif
Ses güzel ve sağlam paket elime ulaştı.,ses_goruntu,pozitif
Ses güzel ve sağlam paket elime ulaştı.,ambalaj,notr
Ses her şey çok güzel. Başta kararsız kalmıştım almaktan ama iyi ki almışım. Garantisi de 2024 ekime kadar geçerli.,ses_goruntu,pozitif
Ses iyi fakat konuşmada karşı taraf beni zor duyuyor,ses_goruntu,pozitif
"Ses kalitesi , sessiz ortamlarda güzel fakat yoğun ortam ve dış ortamda sessiz kalıyor.Konuşurken ses kesiliyor",ses_goruntu,pozitif
Ses kalitesi baya iyi apple ile tam uyumlu bayıldım,genel,pozitif
Ses kalitesi baya iyi apple ile tam uyumlu bayıldım,ses_goruntu,pozitif
"Ses kalitesi gayet iyi. Paketlemede özenliydi , teşekkürler .",ses_goruntu,pozitif
"Ses kalitesi gayet iyi. Paketlemede özenliydi , teşekkürler .",ambalaj,pozitif
Ses kalitesi güzel,ses_goruntu,pozitif
Ses kalitesi güzel ama dışarıya sesi çok fazla veriyor çok düşükte bile yanındaki duyuyor ne dinlediğini kutuda bi typ c şarj kablosu olsaydı iyi olurdu :/,batarya,notr
Ses kalitesi güzel ama dışarıya sesi çok fazla veriyor çok düşükte bile yanındaki duyuyor ne dinlediğini kutuda bi typ c şarj kablosu olsaydı iyi olurdu :/,ses_goruntu,pozitif
Ses kalitesi iyi,ses_goruntu,pozitif
Ses kalitesi iyi ama mikrofonu çok çok kötü karşıdakine ses boğuk gidiyor keşke almasaydım,ses_goruntu,negatif
Ses kalitesi iyi değil farklı marka telefona sahip arkadaşlara özellikle iPhone kullanıcılarına tavsiye etmiyorum denedim karşı tarafla görüşme müzik dinleme ba,genel,negatif
Ses kalitesi iyi değil farklı marka telefona sahip arkadaşlara özellikle iPhone kullanıcılarına tavsiye etmiyorum denedim karşı tarafla görüşme müzik dinleme ba,ses_goruntu,negatif
Ses kalitesi kullanımı gerçekten çok rahat kargoda sağlam geldi telefona bağlanması sorunsuz şarjı uzun süre gidiyor.,kargo,pozitif
Ses kalitesi kullanımı gerçekten çok rahat kargoda sağlam geldi telefona bağlanması sorunsuz şarjı uzun süre gidiyor.,batarya,pozitif
Ses kalitesi kullanımı gerçekten çok rahat kargoda sağlam geldi telefona bağlanması sorunsuz şarjı uzun süre gidiyor.,ses_goruntu,pozitif
Ses kalitesi kullanışlılık harika ancak bir kere yere düşürmemde hemen kulaklık çizildi sorun oluşturmuyor olmasına rağmen kullanırken dikkatli olmak gerekiyor,genel,pozitif
Ses kalitesi kullanışlılık harika ancak bir kere yere düşürmemde hemen kulaklık çizildi sorun oluşturmuyor olmasına rağmen kullanırken dikkatli olmak gerekiyor,ses_goruntu,pozitif
Ses kalitesi muazzam. Bende vardı şimdi eşime de aldım çok çok beğendi. Hem bir şeyler dinleyebiliyorsunuz hem de dışarıdaki sesleri duyuyorsunuz buna rağmen di,ses_goruntu,pozitif
Ses kalitesi mükemmel eşime hediye  olarak aldım çok beğendi,genel,pozitif
Ses kalitesi mükemmel eşime hediye  olarak aldım çok beğendi,ses_goruntu,pozitif
"Ses kalitesi mükemmel, şarj performansını kullanmaya devam ettikçe göreceğiz. Paketleme de çok iyiydi tek sorun ürün çok geç elime ulaştı. Alacaklar 1-2 güne el",genel,pozitif
"Ses kalitesi mükemmel, şarj performansını kullanmaya devam ettikçe göreceğiz. Paketleme de çok iyiydi tek sorun ürün çok geç elime ulaştı. Alacaklar 1-2 güne el",kargo,negatif
"Ses kalitesi mükemmel, şarj performansını kullanmaya devam ettikçe göreceğiz. Paketleme de çok iyiydi tek sorun ürün çok geç elime ulaştı. Alacaklar 1-2 güne el",batarya,pozitif
"Ses kalitesi mükemmel, şarj performansını kullanmaya devam ettikçe göreceğiz. Paketleme de çok iyiydi tek sorun ürün çok geç elime ulaştı. Alacaklar 1-2 güne el",ses_goruntu,pozitif
"Ses kalitesi mükemmel, şarj performansını kullanmaya devam ettikçe göreceğiz. Paketleme de çok iyiydi tek sorun ürün çok geç elime ulaştı. Alacaklar 1-2 güne el",ambalaj,negatif
Ses kalitesi mükemmel.,genel,pozitif
Ses kalitesi mükemmel.,ses_goruntu,pozitif
"Ses kalitesi sebebiyle puan kırdım, bas veyatta tiz sesleri çok yüksek vurgulamiyor şahsen çok beğenmedim iade edicem",ses_goruntu,negatif
Ses kalitesi çok düşük maalesef,ses_goruntu,negatif
Ses kalitesi çok güzel kendime hediye aldım bayıldım,genel,pozitif
Ses kalitesi çok güzel kendime hediye aldım bayıldım,ses_goruntu,pozitif
Ses kalitesi çok iyi fakat son ses açınca dışarı sanki kulaklık takmamışım gibi ses gidiyor bu yönü çok kötü .,ses_goruntu,negatif
"Ses kalitesi çok iyi, ürünü aldığımda garanti süresini kontrol etmek için appleın sitesine seri numarasını girdim fakat aldığım tarih işlenmemişti, apple müşter",ses_goruntu,pozitif
"Ses kalitesi, kullanım rahatlığı içime sindi. Tavsiye ediyorum, tereddüt etmeden alınabilecek bir ürün.",genel,pozitif
"Ses kalitesi, kullanım rahatlığı içime sindi. Tavsiye ediyorum, tereddüt etmeden alınabilecek bir ürün.",ses_goruntu,pozitif
Ses mükemmel kesinlikle tavsiye ederim,genel,pozitif
Ses mükemmel kesinlikle tavsiye ederim,ses_goruntu,pozitif
Ses patlak gibi geliyor bazen kulaktan düşüyor ve poşetin içine göstermelil şişme koymuşlar kulaklık bir yerde koruma bir yerde bu paraya idare eder,fiyat,negatif
Ses patlak gibi geliyor bazen kulaktan düşüyor ve poşetin içine göstermelil şişme koymuşlar kulaklık bir yerde koruma bir yerde bu paraya idare eder,ses_goruntu,negatif
Ses seviyesi çok düşük ama hafif kulağı ağırtmıyor,ses_goruntu,negatif
Ses yalandan geliyor hoşuma gitmedi bundan önce de redmi nin modelini kullandım çok iyidi,ses_goruntu,pozitif
"Ses çok az geliyor sevmedim kulağa tam oturmuyor iç kulak olmasına rağmen , şarjı uzun gidiyor sadece",batarya,pozitif
"Ses çok az geliyor sevmedim kulağa tam oturmuyor iç kulak olmasına rağmen , şarjı uzun gidiyor sadece",ses_goruntu,pozitif
Ses çok iyi sadece oyun oynarken boğuk bir ses oluyor oyuna gir çık yapınca az biraz düzeliyor onun dışında çok memnunum,genel,pozitif
Ses çok iyi sadece oyun oynarken boğuk bir ses oluyor oyuna gir çık yapınca az biraz düzeliyor onun dışında çok memnunum,ses_goruntu,negatif
Ses çok iyi çok hızlı geldi teşekkürler🤗,kargo,pozitif
Ses çok iyi çok hızlı geldi teşekkürler🤗,ses_goruntu,pozitif
Sesi boyutu ses kalitesi çok güzel ses engelleme özelliğide var çok beşenerek kullanıyorum hayatımı kolaylaştırdı,ses_goruntu,pozitif
Sesi güzel önce şüphe ettim orijinalliğinden sonra kızım araştırdı orjinal ürün paketlemeside güzeldi teşekkür ederim 🙏,kalite,pozitif
Sesi güzel önce şüphe ettim orijinalliğinden sonra kızım araştırdı orjinal ürün paketlemeside güzeldi teşekkür ederim 🙏,ses_goruntu,pozitif
Sesi güzel önce şüphe ettim orijinalliğinden sonra kızım araştırdı orjinal ürün paketlemeside güzeldi teşekkür ederim 🙏,ambalaj,pozitif
Sesi kalitesi çok iyi daha önce niye almamışım dedirtti güzel bir konfor.,kalite,pozitif
Sesi kalitesi çok iyi daha önce niye almamışım dedirtti güzel bir konfor.,ses_goruntu,pozitif
"Sesi umduğum gibi değil normal çıkıyor bazen çok kısık geliyor  , şarkı dinlerken de konuşurken de daha yüksek ses kalitesi olacak şekilde yapılabilirdi , aldığ",ses_goruntu,notr
Sesi çok iyi değil en yüksek sesi açmama rağmen kısık ses geliyor.,ses_goruntu,negatif
Severek kullanıyorum ses kalitesi Apple zaten tartışılmaz,ses_goruntu,pozitif
Sevgilim için aldım çok mutlu oldu kendimede alacağım teşekkürler kargo hızlıydı 😻,kargo,pozitif
Sevgilime doğum günü hediye olarak almıştım çok güzel,genel,pozitif
Sevgilime hediye aldim mukemmel begendi sanirim evlenicez,genel,pozitif
Sevgilime hediye almıştım harika,genel,pozitif
Siparis verdikten 2 hafta sonra geldi kargom,kargo,notr
"Slikonlular kulağıma uymuyor, 3. Nesil de kulağımdan düşüyor. Bu modelden çok memnunum",genel,pozitif
"Slikonlular kulağıma uymuyor, 3. Nesil de kulağımdan düşüyor. Bu modelden çok memnunum",kalite,notr
Sol kulaklık çalışmıyor bir de şimdi servisle uğraşacağım,genel,negatif
Sorunsuz elime ulaştı eşime hediye aldım şarjı güzel gidiyor,kargo,pozitif
Sorunsuz elime ulaştı eşime hediye aldım şarjı güzel gidiyor,batarya,pozitif
Sorunsuz geldi beğendim,genel,pozitif
Sorunsuz ulaştı,genel,pozitif
Süper bir ürün kesin tavsiyemdir👍,genel,pozitif
"SİZLERDEN ALMIŞ OLDUĞUM AİRPODS 2. NESİL 30 DK ÖNCE TESLİM EDİLDİ VE ÜRÜN BOZUK. NE ŞARJ OLUYOR, NE DE KULAKLIKLAR ÇALIŞIYOR. İVEDİLİKLE DESTEK OLMANIZI İSTİYOR",genel,negatif
"SİZLERDEN ALMIŞ OLDUĞUM AİRPODS 2. NESİL 30 DK ÖNCE TESLİM EDİLDİ VE ÜRÜN BOZUK. NE ŞARJ OLUYOR, NE DE KULAKLIKLAR ÇALIŞIYOR. İVEDİLİKLE DESTEK OLMANIZI İSTİYOR",kargo,negatif
"SİZLERDEN ALMIŞ OLDUĞUM AİRPODS 2. NESİL 30 DK ÖNCE TESLİM EDİLDİ VE ÜRÜN BOZUK. NE ŞARJ OLUYOR, NE DE KULAKLIKLAR ÇALIŞIYOR. İVEDİLİKLE DESTEK OLMANIZI İSTİYOR",kalite,negatif
"SİZLERDEN ALMIŞ OLDUĞUM AİRPODS 2. NESİL 30 DK ÖNCE TESLİM EDİLDİ VE ÜRÜN BOZUK. NE ŞARJ OLUYOR, NE DE KULAKLIKLAR ÇALIŞIYOR. İVEDİLİKLE DESTEK OLMANIZI İSTİYOR",batarya,negatif
"Tam fiyat performans bir kulaklık. Günlük kullanımda kesinlikle fazlasıyla is görür. Ebatı biraz küçük ama, bilginiz olsun.",fiyat,pozitif
Tam fiyat performans ürünü. şimdiye kadar aldığım en iyi kulaklık. Aslında önceki kulaklığım kaybolunca yenisini alana kadar idare etsin diye almıştım. Şarjı uz,fiyat,pozitif
Tam fiyat performans ürünü. şimdiye kadar aldığım en iyi kulaklık. Aslında önceki kulaklığım kaybolunca yenisini alana kadar idare etsin diye almıştım. Şarjı uz,batarya,pozitif
"Tatmin edici bi ses özelliği yok,normal işinizi görecek bi ürün fazla beklentiniz olmasın.",batarya,negatif
"Tatmin edici bi ses özelliği yok,normal işinizi görecek bi ürün fazla beklentiniz olmasın.",ses_goruntu,negatif
"Tavsiye ederim, ses kalitesi gayet iyi dış sesi çok güzel kesiyor.",genel,pozitif
"Tavsiye ederim, ses kalitesi gayet iyi dış sesi çok güzel kesiyor.",ses_goruntu,pozitif
Tek kelimeyle mükemmel kargo çok hızlı teslimat paketleme süper teşekkürler emeği geçenlere gönül rahatlığıyla spariş verebilirsiniz ben kendime aldı geçen yıl,genel,pozitif
Tek kelimeyle mükemmel kargo çok hızlı teslimat paketleme süper teşekkürler emeği geçenlere gönül rahatlığıyla spariş verebilirsiniz ben kendime aldı geçen yıl,kargo,pozitif
Tek kelimeyle mükemmel kargo çok hızlı teslimat paketleme süper teşekkürler emeği geçenlere gönül rahatlığıyla spariş verebilirsiniz ben kendime aldı geçen yıl,ambalaj,pozitif
Tek pişmanlığım gürültü engelliyici almamak keşke onu sipariş verseydim ama aynı özellikler var zaten kaliteli çok severek kullanıyorum,genel,negatif
Tek pişmanlığım gürültü engelliyici almamak keşke onu sipariş verseydim ama aynı özellikler var zaten kaliteli çok severek kullanıyorum,kalite,pozitif
Tek pişmanlığım gürültü engelliyici almamak keşke onu sipariş verseydim ama aynı özellikler var zaten kaliteli çok severek kullanıyorum,ses_goruntu,negatif
Tek tarafın şarjı daha hızlı bitiyor,batarya,negatif
Tek yıldız verıyorum çünkü içinden şarj kablosu cıkmadı🥲,genel,negatif
Telefon görüşmelerinde sürekli bir kopukluk oluyor ses karşıya tam gitmiyor. Ama birşeyler dinlerken bir dorun yok ses iyi,ses_goruntu,negatif
Telefon görüşmesinde de müzik dinlerkende gayet iyi fiyatını hak ediyor mu bence etmiyor zamlanmadan alayım dedim kutudan hiç bir şey çıkmıyor bilginiz olsun,fiyat,pozitif
Telefon görüşmesinde de müzik dinlerkende gayet iyi fiyatını hak ediyor mu bence etmiyor zamlanmadan alayım dedim kutudan hiç bir şey çıkmıyor bilginiz olsun,ses_goruntu,pozitif
Telefonda konusurken hiç sorun yasamıyorm hızlı bağlanto kuruyor. Beklediğimin üstünde performans tavsiye ederm,genel,pozitif
Telefonla konuşurken karşi taraf sesimin gelmediğini söylüyor onun dışında müzik dinlerken ses kalitesi ve sarji fiyatina göre gayet yerinde,fiyat,notr
Telefonla konuşurken karşi taraf sesimin gelmediğini söylüyor onun dışında müzik dinlerken ses kalitesi ve sarji fiyatina göre gayet yerinde,batarya,notr
Telefonla konuşurken karşi taraf sesimin gelmediğini söylüyor onun dışında müzik dinlerken ses kalitesi ve sarji fiyatina göre gayet yerinde,ses_goruntu,notr
Telefonla konuşurken sesim karşı tarafa gitmiyor sadece dinlemek için alsaydım 300₺’ye çakma olanlarını alırdım ama uğraşmak da istemedim onun dışında aldığımda,ses_goruntu,negatif
Telefonla konuşurken sesin iletilmesi çok iyi dediler diye aldım büyük bi hayal kırıklığıymış erkekler gibi…,ses_goruntu,notr
"Telefonum ve bilgisayarımla uyumlu olsun diye aldım, fakat önceki JBL bluetooth kulaklığımdan kat kat daha pahalı ve ses geçirgenliği de aşırı fazla, apple ürün",fiyat,negatif
"Telefonum ve bilgisayarımla uyumlu olsun diye aldım, fakat önceki JBL bluetooth kulaklığımdan kat kat daha pahalı ve ses geçirgenliği de aşırı fazla, apple ürün",ses_goruntu,negatif
Teslimat hızlı idi çabuk geldi kargolama sağlamdı teşekkür ederim,kargo,pozitif
Teslimat hızlı idi çabuk geldi kargolama sağlamdı teşekkür ederim,kalite,pozitif
Torunuma aldım çok memnun,genel,pozitif
Trendyol alınan pahalı ürünlere kargo ücreti ekleyince alasım gelmiyor ama sırf diğer satıcılara göre daha güvenilir hissettirdiği için beni alıyorum. 2 telefon,genel,negatif
Trendyol alınan pahalı ürünlere kargo ücreti ekleyince alasım gelmiyor ama sırf diğer satıcılara göre daha güvenilir hissettirdiği için beni alıyorum. 2 telefon,kargo,negatif
Trendyol alınan pahalı ürünlere kargo ücreti ekleyince alasım gelmiyor ama sırf diğer satıcılara göre daha güvenilir hissettirdiği için beni alıyorum. 2 telefon,fiyat,negatif
"Trendyol artık eskisi kadar iyi değil, hem ürün satışı kısmında hemde kargolama kısmında. Artık uzun bir süre trendyoldan alışveriş yapmayacam.",kargo,negatif
"Trendyol satıcısından almama rağmen kutusu elime sağlam ulaşmadı, daha önceden açılmaya çalışılmış gibi bir izlenim bıraktı kargoyu açtığımda ürün kapağı fotoğr",kargo,pozitif
"Trendyol satıcısından almama rağmen kutusu elime sağlam ulaşmadı, daha önceden açılmaya çalışılmış gibi bir izlenim bıraktı kargoyu açtığımda ürün kapağı fotoğr",ambalaj,negatif
Umdugum gibi cikmadi urun aracta kullanamiyirum 1 dakika konusulmuyor karsi tarafa ses gitmiyor,ses_goruntu,negatif
Urun 15 nisanda  elime ulasti bu sure zarfinda sarji bitene kadar sarj etmedim bugun sarja taktim kulakliklardan biri hic bir sekilde sarj olmuyor bu konuda yol,batarya,negatif
Uzun zamandır kullanıyorum ses kalitesinden memnunum,genel,pozitif
Uzun zamandır kullanıyorum ses kalitesinden memnunum,ses_goruntu,pozitif
Vatan Bilgisayar kullanılmış ürün göndermiştir. 06.03.2024 tarihinde teslim edilen ürünün garanti bitiş tarihi 17.12.2025. İademi yapın. Bu mağazadan alışveriş,kalite,negatif
Xiaomi kalitesi der susarım gerçekten çok güzel,kalite,pozitif
Xiaomi sipariş etmiştim redmi göndermişsiniz,genel,negatif
Ya bir ara tek kulak gitti (sol) korktum bozuldu diye çünkü yorumlarda gördüm birde önceki günü şarja takmıştım hani şarjı bitmemiştir diye düşündüm yine de 1 -,genel,negatif
Ya bir ara tek kulak gitti (sol) korktum bozuldu diye çünkü yorumlarda gördüm birde önceki günü şarja takmıştım hani şarjı bitmemiştir diye düşündüm yine de 1 -,kalite,negatif
Ya bir ara tek kulak gitti (sol) korktum bozuldu diye çünkü yorumlarda gördüm birde önceki günü şarja takmıştım hani şarjı bitmemiştir diye düşündüm yine de 1 -,batarya,negatif
Yaklaşık 2 aydır kullanıyorum. Çok memnunum. Telefonum samsung a73 bağlantıda problem yaşamadım.,genel,pozitif
Yaklaşık 6 aydır kullanıyorum. Ses kalitesi güzel telefonla konuşurken karşıya giden ses temiz ve güzel iletiliyor genel olarak çok memnunum ama bazı sıkıntılar,genel,pozitif
Yaklaşık 6 aydır kullanıyorum. Ses kalitesi güzel telefonla konuşurken karşıya giden ses temiz ve güzel iletiliyor genel olarak çok memnunum ama bazı sıkıntılar,ses_goruntu,pozitif
Yani bu kadar paraya değiceğini düşünmüyorum fiyatı çok abartı kulağı acıtıyor kullanımı zor ses düzeyi yetersiz şarj kutusundan zor çıkıyor pratik değil daha u,fiyat,notr
Yani bu kadar paraya değiceğini düşünmüyorum fiyatı çok abartı kulağı acıtıyor kullanımı zor ses düzeyi yetersiz şarj kutusundan zor çıkıyor pratik değil daha u,batarya,notr
Yani bu kadar paraya değiceğini düşünmüyorum fiyatı çok abartı kulağı acıtıyor kullanımı zor ses düzeyi yetersiz şarj kutusundan zor çıkıyor pratik değil daha u,ses_goruntu,notr
Yani bukadar para veriyoruz güzel bi paketleme beklerdim kargo gelince ayakkabı aldım sandım. 3 krşluk ürünü çok güzel sarıyorlar siz sadece koli içine koyup gö,kargo,pozitif
Yani bukadar para veriyoruz güzel bi paketleme beklerdim kargo gelince ayakkabı aldım sandım. 3 krşluk ürünü çok güzel sarıyorlar siz sadece koli içine koyup gö,fiyat,pozitif
Yani bukadar para veriyoruz güzel bi paketleme beklerdim kargo gelince ayakkabı aldım sandım. 3 krşluk ürünü çok güzel sarıyorlar siz sadece koli içine koyup gö,ambalaj,pozitif
Yani kutulama şekliniz bu mu herhangi bir balonlu naylona koyamıyor musunuz ayrıca hediye paketi olarak istedim dümdüz kartona koyup getirmişsiniz.,ambalaj,notr
"Yani yorumlara güvenerek aldım, çok merak ediyorum sesi bu kadar az olan bir kulaklık nasıl bu kadar beğeniliyor? Resmen sesi yok. Yanımda eşim kulaklık takılıy",ses_goruntu,negatif
Yanlış bilgi ve yönlendirme yapıldı ve iadesini kabul etmiyorlar.,genel,negatif
Yavaş teslimat,kargo,negatif
Yeni kullanmaya başladım şuanlık bir sıkıntısı yok sorun yaşamadım kullandıkça güncelliycem,genel,negatif
Yorumla inanıp aldım ama gürüldü engeleme özelliği yok dışarda konuşmak mümkün değil ses kalitesi kötü.,ses_goruntu,negatif
Yorumlarda herkes olumlu yazmış fakat ses kalitesi çok kötü sesi yok gibi ekran dügmeside çalışmıyor baglantı kesiliyor sürekli,ses_goruntu,negatif
Yorumumu güncelliyorum Sesi kaliteli olabilir ama kesinlikle kulağı küçük bayağı küçük insanların alması gereken bir kulaklık hareket etmezsem kulağımdan düşmüy,genel,negatif
Yorumumu güncelliyorum Sesi kaliteli olabilir ama kesinlikle kulağı küçük bayağı küçük insanların alması gereken bir kulaklık hareket etmezsem kulağımdan düşmüy,kalite,pozitif
Yorumumu güncelliyorum Sesi kaliteli olabilir ama kesinlikle kulağı küçük bayağı küçük insanların alması gereken bir kulaklık hareket etmezsem kulağımdan düşmüy,ses_goruntu,notr
Zaten bitane almıştım 2. Aldım güzel teşekkürler,genel,pozitif
abime aldım bu rengini de çok begendi,genel,pozitif
airpods kalitesi. cok güzel bir kulaklık ama benim siparisimden kılıf cikmadi.,kalite,pozitif
almayın arkadaşlar satıcı ile ilgili bir problem yok sorun kulaklıkta dışarıya çok ses veriyor,genel,negatif
almayın arkadaşlar satıcı ile ilgili bir problem yok sorun kulaklıkta dışarıya çok ses veriyor,ses_goruntu,negatif
annene hefiye aldım beğendi güzel,genel,pozitif
apple kalitesi tartışılmaz. ürün orijinal ve özenli paketlenmişti. hızlı şekilde elime ulaştı. gönül rahatlığı ile alabilirsiniz.,genel,pozitif
apple kalitesi tartışılmaz. ürün orijinal ve özenli paketlenmişti. hızlı şekilde elime ulaştı. gönül rahatlığı ile alabilirsiniz.,kargo,pozitif
apple kalitesi tartışılmaz. ürün orijinal ve özenli paketlenmişti. hızlı şekilde elime ulaştı. gönül rahatlığı ile alabilirsiniz.,kalite,pozitif
apple kalitesi tartışılmaz. ürün orijinal ve özenli paketlenmişti. hızlı şekilde elime ulaştı. gönül rahatlığı ile alabilirsiniz.,ambalaj,pozitif
arkadaşlar kulaklıktan çok az ses geliyor dışardaki tüm sesi duyuyorsun sesi en yükseğe de verdim dışardaki ses kulakliktaki sesten daha iyi duyuluyor ben iade,ses_goruntu,pozitif
arkadaşımın kızına aldık bayıldı çok beyendi..,genel,pozitif
arızalı urun geldı ne yazık tek kulaklık calısıuo ıade ediyorum,kalite,negatif
audiophile değilseniz alın F/P ürün. Kapağını açınca direkt bağlanması kolaylığını sevdim iş görür. Çok gürültülü bir yerde değilseniz telefonla konuşmada da ye,ses_goruntu,notr
aynı kulaklığı bir kaç ay önce de almıştım çok sağlamdı sonra bir gün şarj etmeyi bıraktı bozulmuştu şimdi aynı kulaklığı yine aldım ancak bu sefer çok kısa bir,kalite,negatif
aynı kulaklığı bir kaç ay önce de almıştım çok sağlamdı sonra bir gün şarj etmeyi bıraktı bozulmuştu şimdi aynı kulaklığı yine aldım ancak bu sefer çok kısa bir,batarya,pozitif
ayyy cok sevdimmm,genel,pozitif
"bass ayarı falan yapıldığında biraz daha iyi. Aslında genel olarak fiyat performans açısından çok iyi, ama şarkıya kapılmak istiyorsanız sizlik değil bende daha",fiyat,pozitif
"bass ayarı falan yapıldığında biraz daha iyi. Aslında genel olarak fiyat performans açısından çok iyi, ama şarkıya kapılmak istiyorsanız sizlik değil bende daha",ses_goruntu,pozitif
bataryası çabuk bitiyor,batarya,negatif
bazen sesi ortada takı kalıyo  ve telefonda da acilmiyo,ses_goruntu,notr
bağlantı kopmaları yaşıyorum sürekli ama fiyatına göre çok iyi 1 ay oldu alalı hiç şarjı bitmedi,fiyat,pozitif
bağlantı kopmaları yaşıyorum sürekli ama fiyatına göre çok iyi 1 ay oldu alalı hiç şarjı bitmedi,batarya,negatif
bağlantı noktasında mı sorun var emin değilim ama 2. günden sonra şarj almamaya başladı kulaklık ile kutu arasında temas sorunu var galiba maalesef iade ya,batarya,negatif
beklediğim den iyi çıktı ses kalitesi olsun ürün kalitesi olsun muhteşem almanizi tavsiye ederim,genel,pozitif
beklediğim den iyi çıktı ses kalitesi olsun ürün kalitesi olsun muhteşem almanizi tavsiye ederim,kalite,pozitif
beklediğim den iyi çıktı ses kalitesi olsun ürün kalitesi olsun muhteşem almanizi tavsiye ederim,ses_goruntu,pozitif
belli bir süre guzel kullanimi vardi sonra baglanti sorunlari cikmaya basladi oyunlarda ses aktarimi geriden geliyordu ve 3 aylik kullanilmama sonrasi bir daha,ses_goruntu,notr
ben 2.nesil kullanıyordum bozuldu diye aldım ama bence onun ses kalitesi çok daha iyiydi ya da bunun ayarları yapamadım bilemiyorum,genel,negatif
ben 2.nesil kullanıyordum bozuldu diye aldım ama bence onun ses kalitesi çok daha iyiydi ya da bunun ayarları yapamadım bilemiyorum,kalite,negatif
ben 2.nesil kullanıyordum bozuldu diye aldım ama bence onun ses kalitesi çok daha iyiydi ya da bunun ayarları yapamadım bilemiyorum,ses_goruntu,pozitif
ben aldıktan sonra fiyatı düştü,fiyat,negatif
beğenerek aldim ses çok güzel cikiyo tavsiye ederim,genel,pozitif
beğenerek aldim ses çok güzel cikiyo tavsiye ederim,ses_goruntu,pozitif
beğenmedim ses kalitesi düşük ve çenemi oynarsam duruyo müzik,ses_goruntu,negatif
beğenmedim. birini ariyorsun 3 kere çaldı diyelim kapatmak istiyorsun istediğin kadar dokun kapatmıyor. görüşme esnasında kapatıyor. beğenmedim başkasına hayrın,ses_goruntu,notr
bir süre kullandıktan sonra bir tarafı gitti ve diğer tarafında bir cızırtı var,ses_goruntu,negatif
birkaç ay kullandım sol çalışmıyor (garantiye göndereceğim) yolda yürürken ses kesik kesik geliyor,ses_goruntu,negatif
bravo size işini çok iyi yapıyorsunuz bize bin TL ye kayın ücret odettitip içine kablo bile koymaya tenezzül bile etmiyorsunuz ben nereden bulucam buna kabloyu,fiyat,pozitif
bravo size işini çok iyi yapıyorsunuz bize bin TL ye kayın ücret odettitip içine kablo bile koymaya tenezzül bile etmiyorsunuz ben nereden bulucam buna kabloyu,batarya,pozitif
bu fiyata alınacak en iyi kulaklıkdır,fiyat,pozitif
bu üründen 3 tane aldım tam olarak 3 tane ilk gelen kutusndsn açtığım gibi sağ taraftan ses gelmiyordu iade ettim 2. si ı nasıl olduysa bir anda kulaklığın iki,genel,negatif
bu üründen 3 tane aldım tam olarak 3 tane ilk gelen kutusndsn açtığım gibi sağ taraftan ses gelmiyordu iade ettim 2. si ı nasıl olduysa bir anda kulaklığın iki,ses_goruntu,negatif
bu üründen 3 tane aldım tam olarak 3 tane ilk gelen kutusndsn açtığım gibi sağ taraftan ses gelmiyordu iade ettim 2. si ı nasıl olduysa bir anda kulaklığın iki,ambalaj,negatif
bu üründen daha önce pembe almıştım halen kullanıyorum iyi çıkınca eşim de siyah istedi ona da bundan sipariş verdim ama kısa sürede bir teki çalışmamaya başlad,genel,pozitif
bu ürünü kimse almasın Bluetoothta görmüyor telefon haberiniz olsun.,genel,negatif
buds 4 lite vardı 10 numaraydı bunu beyenemedim,genel,notr
bugun elime ulastı gerçekten bu kadarını beklemiyordum ses kalitesi fln harika bukadar ucuz olupta çok pahalı kulaklıkta değer bence sadece daha arama yapamadım,genel,pozitif
bugun elime ulastı gerçekten bu kadarını beklemiyordum ses kalitesi fln harika bukadar ucuz olupta çok pahalı kulaklıkta değer bence sadece daha arama yapamadım,fiyat,negatif
bugun elime ulastı gerçekten bu kadarını beklemiyordum ses kalitesi fln harika bukadar ucuz olupta çok pahalı kulaklıkta değer bence sadece daha arama yapamadım,ses_goruntu,pozitif
cihaz arızalı sol kulaklik yüzde 90 dan fazla şarj almıyor 5 dk sonra bitiyor temsilcilerin yanlış yonlendirmesiyle bosa geçen 1 aylik bir iade talep süreci olu,kalite,negatif
cihaz arızalı sol kulaklik yüzde 90 dan fazla şarj almıyor 5 dk sonra bitiyor temsilcilerin yanlış yonlendirmesiyle bosa geçen 1 aylik bir iade talep süreci olu,batarya,negatif
cop gibi boş yere para vermeyin,fiyat,negatif
daha 1 yıl oldu ses kalitesi düştü garanti bitti ürün orijinal diye aldım ama anlamadom,ses_goruntu,notr
"dikkat edin ürün sahte,almayın",genel,negatif
"dikkat edin ürün sahte,almayın",kalite,negatif
dinleme için gayet iyi ama telefon görüşmesi için kötü bi kulaklık. kulaklıkla telefon görüşmesi yapanlar için hiiiçççç tavsiye etmiyorum gidin başka kaliteli k,genel,negatif
dinleme için gayet iyi ama telefon görüşmesi için kötü bi kulaklık. kulaklıkla telefon görüşmesi yapanlar için hiiiçççç tavsiye etmiyorum gidin başka kaliteli k,kalite,pozitif
dinleme için gayet iyi ama telefon görüşmesi için kötü bi kulaklık. kulaklıkla telefon görüşmesi yapanlar için hiiiçççç tavsiye etmiyorum gidin başka kaliteli k,ses_goruntu,negatif
diğer tip kulaklıklara göre düşük bir ses kalitesi var ve kulaklıktan gelen müzik sesi çok dışarı çıkıyor,ses_goruntu,negatif
dış ortam ses olayında yetersiz. onun dışında Gayet başarılı,ses_goruntu,pozitif
dışarı baya ses veriyor ses kalitesi orta,ses_goruntu,negatif
dışarı çok ses veriyor,ses_goruntu,negatif
"en uygun burdaydı, çok hızlı gönderildi baya iyi paketlenmişti. Herhangi bir sorun yaşamadım aylardır kullanıyorum. Şarjı da beklediğimden iyi gidiyor",fiyat,pozitif
"en uygun burdaydı, çok hızlı gönderildi baya iyi paketlenmişti. Herhangi bir sorun yaşamadım aylardır kullanıyorum. Şarjı da beklediğimden iyi gidiyor",batarya,pozitif
"en uygun burdaydı, çok hızlı gönderildi baya iyi paketlenmişti. Herhangi bir sorun yaşamadım aylardır kullanıyorum. Şarjı da beklediğimden iyi gidiyor",ambalaj,pozitif
esıme hediye aldım. ses kalitesi çok güzel hem müzik dınleme hem telde konuşma hiç sorun yok  tavsıys ederim hıc  pişman olmadım,genel,negatif
esıme hediye aldım. ses kalitesi çok güzel hem müzik dınleme hem telde konuşma hiç sorun yok  tavsıys ederim hıc  pişman olmadım,ses_goruntu,pozitif
"evimin sessizliğinden ayrıldığım anda doğru düzgün bir şey duyamıyorum, ses seviyesi aşırı yetersiz. kendim duyamıyorum diye sesi fulleyip etrafımdakilere müzik",ses_goruntu,notr
eşime aldım gayet iyi ve kullanışlı,genel,pozitif
fazlasıyla beğendim günümü kolaylaştırıyor,genel,pozitif
fena değil,genel,pozitif
fiyat performans olarak ürün Gayet iyi çok şey beklemeyeceksiniz konuşabilirsiniz İyi de duyarsınız tavsiye ederim,genel,pozitif
fiyat performans olarak ürün Gayet iyi çok şey beklemeyeceksiniz konuşabilirsiniz İyi de duyarsınız tavsiye ederim,fiyat,pozitif
fiyat performans ses kalitesi gayet yeterli şarjıda iyi dayanıyor bu fiyata düşünmeden alınıcak ürün (ıphone telefonlarsa ses daha yüksek çıkıyor),fiyat,pozitif
fiyat performans ses kalitesi gayet yeterli şarjıda iyi dayanıyor bu fiyata düşünmeden alınıcak ürün (ıphone telefonlarsa ses daha yüksek çıkıyor),batarya,pozitif
fiyat performans ses kalitesi gayet yeterli şarjıda iyi dayanıyor bu fiyata düşünmeden alınıcak ürün (ıphone telefonlarsa ses daha yüksek çıkıyor),ses_goruntu,pozitif
fiyat performansı,fiyat,pozitif
fiyata göre pek iyi değil sesi net değil garantili olması hicaz rahatlatıcı en azından bişey olursa yaptirabiliriz diye düşünüyorum,fiyat,negatif
fiyata göre pek iyi değil sesi net değil garantili olması hicaz rahatlatıcı en azından bişey olursa yaptirabiliriz diye düşünüyorum,ses_goruntu,negatif
fiyatina gore mukemmel ses kalitesi herkesi tatmin etmeyebilir ama gayet iş görür,genel,pozitif
fiyatina gore mukemmel ses kalitesi herkesi tatmin etmeyebilir ama gayet iş görür,fiyat,pozitif
fiyatina gore mukemmel ses kalitesi herkesi tatmin etmeyebilir ama gayet iş görür,ses_goruntu,pozitif
fp ürünü kullanışlı,genel,notr
garanti süresi 2 yıl yazıyor ama 6 aydan az kalmıştı. İade etmek istedigimde trendyol benden ücret kesintisi yapacagını belirtti. Hem satıcıdan hem trendyoldan,fiyat,negatif
garantisi çok erken başlatılmış neredeyse bir yıl kadar yetkili servisle görüştüm servise gönderdim 21 iş günü beklemem gerektiğini söylediler bu paraya bu hizm,fiyat,pozitif
geldiğin gün ilk kullanımda sesi tek kulaklığı takmama rağmen gayet yüksekti son seste dinleyemiyordum ama sonraki kullanımda sesi birden düştü ikisini takmış o,ses_goruntu,negatif
genel olarak fena değil ama bas kısmı kötü biraz,ses_goruntu,negatif
geri arama yapmadığı için iade ettim.,genel,negatif
geri plandan sürekli bir cızırtı sesi var belki de bana gelen cihaz sorunludur. Fiyatı uygun olduğu için iadeyle uğraşmak istemedim.,fiyat,notr
geri plandan sürekli bir cızırtı sesi var belki de bana gelen cihaz sorunludur. Fiyatı uygun olduğu için iadeyle uğraşmak istemedim.,ses_goruntu,negatif
gerçekten cok guzel kutulu eksiksiz bi şekilde elime ulaştı,kargo,pozitif
gerçekten cok guzel kutulu eksiksiz bi şekilde elime ulaştı,ambalaj,pozitif
gerçekten çok iyi hem direk kapağı açar açmaz bağlanıyor hemde telefonla konuşurken sesin net gidiyor anlaşılıyor 1 puanı sadece şarjı olmadığından kırdım ama o,batarya,pozitif
gerçekten çok iyi hem direk kapağı açar açmaz bağlanıyor hemde telefonla konuşurken sesin net gidiyor anlaşılıyor 1 puanı sadece şarjı olmadığından kırdım ama o,ses_goruntu,pozitif
guzel ındırımdeydı,fiyat,notr
görüntüsü güzel. sesi orta düzey. kibar,ses_goruntu,pozitif
güzel aldığımdan beri kere tek şarja taktım 1 aydır aldım ürünü gürültü de önlüyor kulakdan da düşmüyor kolay kolay.,batarya,pozitif
güzel aldığımdan beri kere tek şarja taktım 1 aydır aldım ürünü gürültü de önlüyor kulakdan da düşmüyor kolay kolay.,ses_goruntu,pozitif
güzel ama aşırı bir kalite beklemeyin,kalite,notr
güzel begendim kullandıkça gorucez,genel,pozitif
güzel beklediğimden iyi geldi gayet sağlam hic birinde sorun yok şuanlık biraz kullanayım herhangi bir sorun cikarsa yorumumu guncellerim ama bence gayet iyi,kalite,pozitif
güzel bi kulaklık sorunsuz geldi teşekkürler,genel,pozitif
güzel mükemmel değil ama ortanın bir tık üstü seviyede,genel,pozitif
güzel ses yüksek iyi,ses_goruntu,pozitif
güzel tabii klasik apple musluğa düşürdüm tık demedi pratik kulakta tutuşu güzel,genel,pozitif
güzel ürün kaliteli lakin bir jarj kablosu yok koymamışlar,kalite,pozitif
hafif cızırtı var gibi umarım bozuk değildir onun dışında kargo hızlı geldi,genel,negatif
hafif cızırtı var gibi umarım bozuk değildir onun dışında kargo hızlı geldi,kargo,pozitif
hafif cızırtı var gibi umarım bozuk değildir onun dışında kargo hızlı geldi,kalite,negatif
hafif cızırtı var gibi umarım bozuk değildir onun dışında kargo hızlı geldi,ses_goruntu,negatif
harika ürün telefonunuz xiomi ise kesinlikle tavsiye ederim,genel,pozitif
"hasarsiz geldi, seri numarasini sorgulattim orijinal. sadece paketlemesi hic hos degildi👎🏻 en azindan patpata sarilabilirdi direkt kutunun icinde geldi allaht",kalite,pozitif
"hasarsiz geldi, seri numarasini sorgulattim orijinal. sadece paketlemesi hic hos degildi👎🏻 en azindan patpata sarilabilirdi direkt kutunun icinde geldi allaht",ambalaj,notr
henüz bir süredir kullanıyorum şu anlık iyi,genel,pozitif
hiç memnun değilim karşı tarafa ses gitmiyor,genel,negatif
hiç memnun değilim karşı tarafa ses gitmiyor,ses_goruntu,negatif
hocam bunun sesi çok az geliyor bi yanlışlık olmasın,ses_goruntu,negatif
hızlı geldi harika...oyun için almistim ses çok sonradan geliyor...fakat muzik dinlemek için ideal...iade edeceğim.,genel,negatif
hızlı geldi harika...oyun için almistim ses çok sonradan geliyor...fakat muzik dinlemek için ideal...iade edeceğim.,kargo,pozitif
hızlı geldi harika...oyun için almistim ses çok sonradan geliyor...fakat muzik dinlemek için ideal...iade edeceğim.,ses_goruntu,pozitif
hızlı sağlam teslimat ses kalitesi güzel teşekkürler,kargo,pozitif
hızlı sağlam teslimat ses kalitesi güzel teşekkürler,ses_goruntu,pozitif
iadem hala onaylanmıyor. 2 Haftadır bekliyorum,genel,negatif
idare eder.,genel,notr
ilk yıl dolmadan gayet iyi şarjı güzel gidiyor ama 11 ay sonra çöp,batarya,negatif
ipone 11 e uyum sağlamıyor almak isteyenler kimse beni uyarmadı mağdur oldum siz almayın sakın,genel,negatif
ipone 11 e uyum sağlamıyor almak isteyenler kimse beni uyarmadı mağdur oldum siz almayın sakın,kalite,pozitif
iyi hos guzel ama 2 kulakligida ayni anda calistiramadim. sifirlama yaptim tekrar eslestirdim ama olmadi baska bir yolu varmi yoksa,genel,pozitif
iyi ki almışım dedim,genel,pozitif
iyi normal,genel,pozitif
iyi ses kalitesi,ses_goruntu,pozitif
içinde şarj kablosu çıkmadı çıkıyor olması lazımdı,genel,negatif
içinde şarja atit bişey yoktu,batarya,notr
kablo gelmedi,batarya,notr
kaliteli kulaklık kullanan birisi için alt sınıf ürünü olabilir kulaklık bass zayıf tiz zayıf uzun süre taktığın zaman rahatsız da ediyor. fiyatına göre idare e,kalite,pozitif
kaliteli kulaklık kullanan birisi için alt sınıf ürünü olabilir kulaklık bass zayıf tiz zayıf uzun süre taktığın zaman rahatsız da ediyor. fiyatına göre idare e,fiyat,pozitif
kaliteli kulaklık kullanan birisi için alt sınıf ürünü olabilir kulaklık bass zayıf tiz zayıf uzun süre taktığın zaman rahatsız da ediyor. fiyatına göre idare e,ses_goruntu,pozitif
kaliteli ve güzel,kalite,pozitif
kapağı sorunlu geldi aldıktan hemen sonra 1000 lira indirime girdi.,kalite,notr
kapağı sorunlu geldi aldıktan hemen sonra 1000 lira indirime girdi.,fiyat,negatif
kararsiz bi urun bi gun cok guzel calisiyo bi gun sesi biraz iisik oluyo bi gun kulakliklarin birine hic ses gelmiyo iutuya koyup beklediginizde duzeliuo duzgun,ses_goruntu,pozitif
kardeşime hediye aldım çok mutlu oldu,genel,pozitif
"kaç defa aldım,pişmanlık. 2 ay ancak götürüyor boşa para",genel,negatif
"kaç defa aldım,pişmanlık. 2 ay ancak götürüyor boşa para",fiyat,negatif
"kesinlikle almayın Android cihazımda düzgün çalışmadı. Hata verdi ilk bağlantıyı yaparken.  Kulağa tam oturmuyor, spor koşu yürüyüş vs yaparken çok rahat düşüyo",genel,negatif
kesinlikle çok kötü 1 yıl içinde bozuldu almayın,genel,negatif
kesinlikle çok kötü 1 yıl içinde bozuldu almayın,kalite,negatif
konuşurken dışardaki sesler karşıya gidiyor pek anlasamiyoruz onun harici müzik dinlerken iyi,genel,pozitif
kualklikta şarz kablosu çıkmadı,genel,negatif
kulaklik geldi fakat sol kulaklik calismiyor hic ses yok iade  talebi olusturdum sonucu bekliyorum,ses_goruntu,negatif
kulaklık güzel ama sesi biraz az yani oyun için pubg için jbl öneririm,ses_goruntu,notr
kulaklıkta ses gecikmesi problemi var beklediğim kalitede değil,kalite,negatif
kulaklıkta ses gecikmesi problemi var beklediğim kalitede değil,ses_goruntu,negatif
kulaklığı telefona bağlayıp kurmak çok kolay. uygulamasından da sesinin ayarlandığı zaman  ses kalitesi çok iyi oluyor. kulaklığın ucununda tıkaç gibi olmasında,ses_goruntu,pozitif
kulakta düzgün durmuyor,genel,negatif
kullandıktan kısa süre sonra sol kulaklıktan ses gelmemeye başladı.Ürünün arkasında durmuyorlar elimde kaldı.tavsiye etmiyorum,genel,negatif
kullandıktan kısa süre sonra sol kulaklıktan ses gelmemeye başladı.Ürünün arkasında durmuyorlar elimde kaldı.tavsiye etmiyorum,ses_goruntu,negatif
kullanışlı ürün uygun fiyata aldım beğenerek kullanıyorum,fiyat,pozitif
kutum açık geldi bu nasıl rezillik böyle,ambalaj,negatif
kutunun içinden şarz cihazı çıkmadı,genel,negatif
kutusu hasarlı geldi iade etmeme rağmen iade talebim reddildi tavsiye etmiyorum,genel,negatif
kutusu hasarlı geldi iade etmeme rağmen iade talebim reddildi tavsiye etmiyorum,ambalaj,negatif
kızım için aldım,genel,notr
kızıma hediye aldım çok beğendi,genel,pozitif
"mediamarkt bana bozuk urun gonderdi, kulakligin dokunmatigi calismiyor ve butun sesi disariya veriyor. mediamarkta gittim ve bir ton ugrastiktan sonra gonderdik",genel,negatif
"mediamarkt bana bozuk urun gonderdi, kulakligin dokunmatigi calismiyor ve butun sesi disariya veriyor. mediamarkta gittim ve bir ton ugrastiktan sonra gonderdik",kalite,negatif
"mediamarkt bana bozuk urun gonderdi, kulakligin dokunmatigi calismiyor ve butun sesi disariya veriyor. mediamarkta gittim ve bir ton ugrastiktan sonra gonderdik",ses_goruntu,negatif
merhaba ürün elime bugün ulaştı ama garanti süresi 20 haziran 2025 te bitecek görünüyor yardımcı olur musunuz,genel,negatif
müzik dinlemek için almıştım ama ses boğuk geliyor ugyulamayi indirip duzletmeye calistim ama uygulama da çöp bir işe yaramiyor bu yuzden iadeee bununla mi ugra,ses_goruntu,negatif
müzik dinlemek için gayet iyi şarj süresi çok iyi ancak konuşma konuşunda karşı tarafa ses iletimi çok kötü çevre sesi iletiyor konuşan kişinin sesi bozuk şekil,genel,negatif
müzik dinlemek için gayet iyi şarj süresi çok iyi ancak konuşma konuşunda karşı tarafa ses iletimi çok kötü çevre sesi iletiyor konuşan kişinin sesi bozuk şekil,kalite,negatif
müzik dinlemek için gayet iyi şarj süresi çok iyi ancak konuşma konuşunda karşı tarafa ses iletimi çok kötü çevre sesi iletiyor konuşan kişinin sesi bozuk şekil,batarya,pozitif
müzik dinlemek için gayet iyi şarj süresi çok iyi ancak konuşma konuşunda karşı tarafa ses iletimi çok kötü çevre sesi iletiyor konuşan kişinin sesi bozuk şekil,ses_goruntu,negatif
müzik dinlerken normal ama konuşmada beş kuruş etmez karşı tarafın sesini hiç duymuyorum,genel,negatif
müzik dinlerken normal ama konuşmada beş kuruş etmez karşı tarafın sesini hiç duymuyorum,ses_goruntu,negatif
"ofiste bu kulağımdayken telefondaki arkadaşım beni duymadığını söyledi , dizi izlerken ekranı kapatınca bazen ses kapanıyor video devam ediyor, fiyat olarak asl",fiyat,notr
"ofiste bu kulağımdayken telefondaki arkadaşım beni duymadığını söyledi , dizi izlerken ekranı kapatınca bazen ses kapanıyor video devam ediyor, fiyat olarak asl",ses_goruntu,notr
orijinal ürün ses kalitesi iyi,ses_goruntu,pozitif
oğluma aldım beğendi.,genel,pozitif
oğlumun sürekli kullandığı marka beğeniyor,genel,pozitif
paketleme kötüydü bu konuda hiç beğenmedim deneyip çalışıp çalışmadığınada bakacağım,ambalaj,negatif
paketleme ve kargo hızı mükemmel sesi az çıkıyordu fakat ayarlardan hareket kısmınd herhangi bir şey atayın ses artırmaya sesi çok iyi oluyor bilginize,genel,pozitif
paketleme ve kargo hızı mükemmel sesi az çıkıyordu fakat ayarlardan hareket kısmınd herhangi bir şey atayın ses artırmaya sesi çok iyi oluyor bilginize,kargo,negatif
paketleme ve kargo hızı mükemmel sesi az çıkıyordu fakat ayarlardan hareket kısmınd herhangi bir şey atayın ses artırmaya sesi çok iyi oluyor bilginize,ses_goruntu,negatif
paketleme ve kargo hızı mükemmel sesi az çıkıyordu fakat ayarlardan hareket kısmınd herhangi bir şey atayın ses artırmaya sesi çok iyi oluyor bilginize,ambalaj,negatif
performans i çok iyi fiyatına göre,fiyat,pozitif
rahat konuşamıyorum. karşı taraf sesin çok az ve kötü geldiğini söylüyor. iade etmediğim için pişmanım.,genel,negatif
rahat konuşamıyorum. karşı taraf sesin çok az ve kötü geldiğini söylüyor. iade etmediğim için pişmanım.,ses_goruntu,negatif
redminini active buds 6 ve play kulaklıklarını kullandım ikisindede bir problem var kulakta sabit kalmıyorlarlar yapışmıyorlar kulağa 10 dk sonra yolda yürürken,genel,negatif
satılan ürün çakma arkadaşlar bilginiz olsun seri no yok Xiaomi garantiye ürünü kabul etmiyor bunu bilerek alın,genel,negatif
ses kalitesi asırı iyi duruşu da güzel bence ben çok sevdim paketlemesi de güzeldi sıfır ürün🎀💗,ses_goruntu,pozitif
ses kalitesi asırı iyi duruşu da güzel bence ben çok sevdim paketlemesi de güzeldi sıfır ürün🎀💗,ambalaj,pozitif
ses kalitesi baya kötü en yüksek ayarda ses seviyesi oldukça az müzik sesi falan az geliyor millet neye göre 5 yıldız falan vermiş  anlamaidm yorumlara bakarak,ses_goruntu,negatif
"ses kalitesi biraz düşük, çabuk arıza verebiliyor.",ses_goruntu,notr
ses kalitesi dışarıya yansıyan ses kalitesi güzel iyi fakat telefonla konuşma sırasında karşı tarafa ses iyi gitmiyor anlaşılmıyor giden ses,ses_goruntu,negatif
ses kalitesi falan mükemmel herkese tavsiye ederim ben severek kullanıyorum,genel,pozitif
ses kalitesi falan mükemmel herkese tavsiye ederim ben severek kullanıyorum,ses_goruntu,pozitif
ses kalitesi gayet iyi şarjı rahat 1 2 hafta götürüyor en son ne zaman şarja taktığımı unutuyorum bazen,batarya,pozitif
ses kalitesi gayet iyi şarjı rahat 1 2 hafta götürüyor en son ne zaman şarja taktığımı unutuyorum bazen,ses_goruntu,pozitif
ses kalitesi güzel konuşurkende güzel komut verebilme özelliğini seviyorum,ses_goruntu,pozitif
"ses kalitesi iyi, dışarıdayken telefonla görüşürken ses iyi gitmiyor ama etrafta ses yoksa iyi iletiyor sesi. fiyat performans kısaca gayet iyi",fiyat,pozitif
"ses kalitesi iyi, dışarıdayken telefonla görüşürken ses iyi gitmiyor ama etrafta ses yoksa iyi iletiyor sesi. fiyat performans kısaca gayet iyi",ses_goruntu,negatif
"ses kalitesi sık sık boğuklaşıyor, bağlantıyı kesip bekleyip tekrar bağlanınca düzeliyor gibi. idare eder abartmaya hiç gerek olmayan bi kulaklık",ses_goruntu,negatif
"ses kalitesi çok iyi , Xiaomi 15 ultra ile sorunsuz çalışıyor.",ses_goruntu,pozitif
ses kalitesi çok iyi değil kulağa biraz zor oturuyor parasına alınırmı bilmiyorum onun dışında iyi aşırı pişman değilim.,genel,negatif
ses kalitesi çok iyi değil kulağa biraz zor oturuyor parasına alınırmı bilmiyorum onun dışında iyi aşırı pişman değilim.,fiyat,negatif
ses kalitesi çok iyi değil kulağa biraz zor oturuyor parasına alınırmı bilmiyorum onun dışında iyi aşırı pişman değilim.,ses_goruntu,negatif
ses kalitesini beğenmedim,ses_goruntu,notr
ses muhendısıyım ses kalitesi tizler ve mid tizler yuksek basslar cok şiddetli degil ama bu fiyata alınabılır apple bir cihazınız varsa,fiyat,notr
ses muhendısıyım ses kalitesi tizler ve mid tizler yuksek basslar cok şiddetli degil ama bu fiyata alınabılır apple bir cihazınız varsa,ses_goruntu,notr
ses seviyesi yetersiz,ses_goruntu,negatif
ses çok kısık geliyor. bu açıdan kötü. şarjı uzun süre gidiyor ama dur ya dünyadan soyutlanmak için müzik dinleyeyim kulaklığı değil,batarya,notr
ses çok kısık geliyor. bu açıdan kötü. şarjı uzun süre gidiyor ama dur ya dünyadan soyutlanmak için müzik dinleyeyim kulaklığı değil,ses_goruntu,negatif
sesi az fiyatina gore iyi degil,fiyat,negatif
sesi az fiyatina gore iyi degil,ses_goruntu,negatif
sesi az geliyor,ses_goruntu,negatif
sesi bas i kaliteli ama ses çok zayıf zor duyuyom.Luften anlayan ysrdimci olsun yoksa kuramadım mi,kalite,pozitif
sesi bas i kaliteli ama ses çok zayıf zor duyuyom.Luften anlayan ysrdimci olsun yoksa kuramadım mi,ses_goruntu,pozitif
sesi cok az,ses_goruntu,negatif
sesi harika görünüsü zaten süper iyki almısım tereddütte olanlar düsünmeden alabilir,genel,pozitif
sesi harika görünüsü zaten süper iyki almısım tereddütte olanlar düsünmeden alabilir,ses_goruntu,pozitif
sesi çok az,ses_goruntu,negatif
sesi çok kötü birde iadeyi kabul etmediler,genel,negatif
sesi çok kötü birde iadeyi kabul etmediler,ses_goruntu,negatif
sesi çok yüksek gelmedi sadece bunun dışında beğendim,genel,pozitif
sesi çok yüksek gelmedi sadece bunun dışında beğendim,ses_goruntu,pozitif
severek kullanıyorum sarjı iyi gidiyor,batarya,pozitif
"sevgilime aldim cok sevdi canim sevgilim gule gule kullan , paketlemesi de guzeldi saglam geldi",kalite,pozitif
"sevgilime aldim cok sevdi canim sevgilim gule gule kullan , paketlemesi de guzeldi saglam geldi",ambalaj,pozitif
sevgilime aldim guzel ses duzeyi,ses_goruntu,pozitif
sevgilimin kulaklığı bozulmuştu ona aldım çok memnun paketlemesi falan da cok guzeldi,genel,pozitif
sevgilimin kulaklığı bozulmuştu ona aldım çok memnun paketlemesi falan da cok guzeldi,kalite,negatif
sevgilimin kulaklığı bozulmuştu ona aldım çok memnun paketlemesi falan da cok guzeldi,ambalaj,pozitif
sol kulaklık bir süre sonra ses kopmaları oldu,ses_goruntu,notr
"sol kulaklık çalışmadı, şarj almadı, aldığında da 10 dakika içinde bitti kısaca arızalı geldi gurgenclere götürdük yenisini verdiler eşime hediye almıştım doğum",kalite,negatif
"sol kulaklık çalışmadı, şarj almadı, aldığında da 10 dakika içinde bitti kısaca arızalı geldi gurgenclere götürdük yenisini verdiler eşime hediye almıştım doğum",batarya,negatif
sol kulaklığı kullanmadığım için denemelisin bugün maç seyrederken denedim çalışmıyor,genel,negatif
sordum ve ancli olduğu söylendi özelliklerde de anc olduğu yazıyor ama bana gelen ancsiz olandı.,ses_goruntu,notr
sorunsuz elime ulaştı,kargo,pozitif
süper hızlı gönderi kaliteli tavsiye ederim,genel,pozitif
süper hızlı gönderi kaliteli tavsiye ederim,kalite,pozitif
süpppper alın aldırın özellikler çok iyi,genel,pozitif
tam fotoğraftaki gibi geldi bana çok iyi tavsiye ediyorum,genel,pozitif
telefonu cebime atınca bağlantı kesik kesik geliyor,genel,negatif
urune bir lafim yok ancak trendyol ozensiz paketlemesi vardi urun sans eseri saglam geldi ayrica urunun garantisi 3 ay once baslamis ilettim bakalim yanit ne ol,kalite,pozitif
urune bir lafim yok ancak trendyol ozensiz paketlemesi vardi urun sans eseri saglam geldi ayrica urunun garantisi 3 ay once baslamis ilettim bakalim yanit ne ol,ambalaj,negatif
yani 6000 TL verdiğim kulaklık kulağımda durmuyor düşüyor saçma sapan bir tasarım ama işte aldık,genel,negatif
yani 6000 TL verdiğim kulaklık kulağımda durmuyor düşüyor saçma sapan bir tasarım ama işte aldık,fiyat,notr
yillardir bu kulakligi kullaniyorum sarji cok uzun sure gidiyor ve cok hizli sarj oluyor %100 memnuniyet garantili,genel,pozitif
yillardir bu kulakligi kullaniyorum sarji cok uzun sure gidiyor ve cok hizli sarj oluyor %100 memnuniyet garantili,batarya,pozitif
yorumlara bakarak aldım . ses kalitesi okadar iyi degil,ses_goruntu,negatif
yüksek ses bekleyen almasın boşuna. ayrıca kula içine tam yerleşmiyor.,ses_goruntu,negatif
ÇOK MEMNUN KALDIM,genel,pozitif
Çok beğendim Apple kalitesi,genel,pozitif
Çok beğendim Apple kalitesi,kalite,pozitif
Çok beğendim ses kalitesi de güzel,genel,pozitif
Çok beğendim ses kalitesi de güzel,ses_goruntu,pozitif
Çok beğendim ve hızlı da geldi :) ses kalitesi de çok güzel,genel,pozitif
Çok beğendim ve hızlı da geldi :) ses kalitesi de çok güzel,ses_goruntu,pozitif
Çok beğenerek kullanıyorum ses akisi Cok guzel👍,ses_goruntu,pozitif
Çok boğuk geliyor ses konuşurken karşıdaki asla duymuyor. Önermiyorum pişman oldum,genel,negatif
Çok boğuk geliyor ses konuşurken karşıdaki asla duymuyor. Önermiyorum pişman oldum,ses_goruntu,negatif
Çok güzel,genel,pozitif
Çok güzel bir kulaklık uzun süre de şarjı gidiyor çok beğendim,genel,pozitif
Çok güzel bir kulaklık uzun süre de şarjı gidiyor çok beğendim,batarya,pozitif
Çok güzel bir ürün ve kullanışlı,genel,pozitif
Çok güzel geldi paketleme çok güzel hızlı bir şekilde elime ulaştı sorunsuz ve orijinal tavsiye ediyorum,genel,pozitif
Çok güzel geldi paketleme çok güzel hızlı bir şekilde elime ulaştı sorunsuz ve orijinal tavsiye ediyorum,kargo,pozitif
Çok güzel geldi paketleme çok güzel hızlı bir şekilde elime ulaştı sorunsuz ve orijinal tavsiye ediyorum,kalite,pozitif
Çok güzel geldi paketleme çok güzel hızlı bir şekilde elime ulaştı sorunsuz ve orijinal tavsiye ediyorum,ambalaj,pozitif
Çok güzel gerçekten ses kalitesi harika. Sorunsuz bir şekilde geldi ben MediaMarkt satıcısından aldım indirimli olarak gerçekten muhteşem.,genel,pozitif
Çok güzel gerçekten ses kalitesi harika. Sorunsuz bir şekilde geldi ben MediaMarkt satıcısından aldım indirimli olarak gerçekten muhteşem.,fiyat,pozitif
Çok güzel gerçekten ses kalitesi harika. Sorunsuz bir şekilde geldi ben MediaMarkt satıcısından aldım indirimli olarak gerçekten muhteşem.,ses_goruntu,pozitif
Çok güzel iPhone kalitesiyle,kalite,pozitif
Çok güzel mesaj okuyor aramaları komutla açabiliyorsun  karşı tarafında şeninde sesin çok temiz ve güzel gidiyor,ses_goruntu,pozitif
Çok güzel paketlemesi de gayet güzel di,ambalaj,pozitif
Çok güzel ses kalitesi süper yalnızca dışarıya Aşırı derecede ses veriyor.,ses_goruntu,pozitif
Çok güzel sesi her şeyi çok teşekkür ederim bayıldım🩷iyiki almışım iyiki🌸🧁,genel,pozitif
Çok güzel sesi her şeyi çok teşekkür ederim bayıldım🩷iyiki almışım iyiki🌸🧁,ses_goruntu,pozitif
Çok güzel çok beğendim özenli kargo  güncelleme şarjı çabuk bitiyor,genel,pozitif
Çok güzel çok beğendim özenli kargo  güncelleme şarjı çabuk bitiyor,kargo,pozitif
Çok güzel çok beğendim özenli kargo  güncelleme şarjı çabuk bitiyor,batarya,negatif
Çok güzel çok memnunum alacaklara tavsiyem gürültü engelleyici özelliği olan kulaklık seçin,genel,pozitif
Çok güzel çok memnunum alacaklara tavsiyem gürültü engelleyici özelliği olan kulaklık seçin,ses_goruntu,pozitif
Çok güzeldi kullanımı çok iyi,genel,pozitif
Çok güzeldi tam istediğim gibi geldi,genel,pozitif
Çok hızlı bi şekilde gayet güzel paketlenmiş şekilde geldi süper tek sorun slikonsuz olması ben sonradan fark ettim ama alışıyosun,ambalaj,pozitif
Çok hızlı bir şekilde kargoya verildi. 2 günde elime ulaştı. Çok güzel sorunsuz bir şekilde geldi ✨🌸,kargo,pozitif
Çok hızlı geldi ve orijinalliğinden emin olabilirsiniz.,kargo,pozitif
Çok hızlı geldi ve orijinalliğinden emin olabilirsiniz.,kalite,pozitif
Çok iyi 3-4 gün gidiyor sarjı,batarya,pozitif
Çok iyi eşime hediye aldım sorınsuz çalıyor,genel,pozitif
Çok iyi fiyat,fiyat,pozitif
Çok iyi kardeşime hediye aldım. Aldıktan sonra indirime girdi 😑,fiyat,negatif
Çok iyi orijinal rahatlıkla alabilirsiniz ben kılıf da aldım,genel,pozitif
Çok iyi orijinal rahatlıkla alabilirsiniz ben kılıf da aldım,kalite,pozitif
Çok iyi paketleme kargolama her şey,kargo,pozitif
Çok iyi paketleme kargolama her şey,ambalaj,pozitif
Çok iyi sanki müzik kafamın içinde çalıyor mediamarkt satıcıdan aldım güzel paketlenmiş orijinal garanti vs sorun yoktu,kalite,pozitif
Çok iyi sanki müzik kafamın içinde çalıyor mediamarkt satıcıdan aldım güzel paketlenmiş orijinal garanti vs sorun yoktu,ambalaj,pozitif
Çok iyi ve nazik bir satıcı ilgisinden dolayı kendisine teşekkür ederiz komutanım,genel,pozitif
Çok iyi çok beğendim kocama teşekkür ederim,genel,pozitif
Çok iyi çok rahat sorunsuz ve hızlı kargo ..,kargo,pozitif
Çok iyi. Ses kalitesi ve basından oldukça memnunum.,genel,pozitif
Çok iyi. Ses kalitesi ve basından oldukça memnunum.,ses_goruntu,pozitif
Çok kullanmadım  şimdilik iyi gibi kargo özenliydi,kargo,pozitif
Çok kötü bir ürün sesi dışarı veriyor iade ettim hala değerlendirmede kaç gün geçti almayın aldırmayın,genel,negatif
Çok kötü bir ürün sesi dışarı veriyor iade ettim hala değerlendirmede kaç gün geçti almayın aldırmayın,ses_goruntu,negatif
Çok memnun kaldım harika kulaklık,genel,pozitif
Çok memnunum,genel,pozitif
Çok minimal küçük sesi mükemmel veriyor anc mi bu mu diye düşündüm ben ancsiz aldım ve memnun kaldım güzel gerçekten tek sıkıntısı özensiz paketleme teknolojik,genel,pozitif
Çok minimal küçük sesi mükemmel veriyor anc mi bu mu diye düşündüm ben ancsiz aldım ve memnun kaldım güzel gerçekten tek sıkıntısı özensiz paketleme teknolojik,ses_goruntu,negatif
Çok minimal küçük sesi mükemmel veriyor anc mi bu mu diye düşündüm ben ancsiz aldım ve memnun kaldım güzel gerçekten tek sıkıntısı özensiz paketleme teknolojik,ambalaj,negatif
"Çok severek aldığım bu kulaklığı ilk başta aldığımda farketmemiştim , eşimle konuşurken eşim bana sürekli sesin ilk başlarda cızırtılı geliyor demişti aldırış e",ses_goruntu,negatif
Çok uygun fiyata yakaladım çok teşekkürler hızlı bir şekilde geldi. Apple kalitesi gayet güzel memnunum.,genel,pozitif
Çok uygun fiyata yakaladım çok teşekkürler hızlı bir şekilde geldi. Apple kalitesi gayet güzel memnunum.,kalite,pozitif
Çok uygun fiyata yakaladım çok teşekkürler hızlı bir şekilde geldi. Apple kalitesi gayet güzel memnunum.,fiyat,pozitif
Çok üst düzey bir sesi yok normal derecede iyi,ses_goruntu,notr
Öncelikle original olarak satılan ürünü 22 kasımda satın aldım garanti süresi 06.2024 de doluyor olarak görünüyor garanti süresini bir kenara bıraktım şarj ediy,batarya,notr
Öncelikle ürün orijinal. Daha önce farklı kulaklıklar kullandım. Yaklaşık 1 ay önce satın aldım. Yorum ve değerlendirmeleri de incelemiştim. Ya yorumu yapanlar,kalite,pozitif
Ürunu begendim fakat bazen sesimin karsi tarafa boguk gittigini soylediler umarim urun disi bir durumdan kaynaklidir onun disinda bence gayet yeterli ve iyi,genel,pozitif
Ürunu begendim fakat bazen sesimin karsi tarafa boguk gittigini soylediler umarim urun disi bir durumdan kaynaklidir onun disinda bence gayet yeterli ve iyi,ses_goruntu,negatif
Ürün 2 günde elime ulaştı. Orijinal kapalı kutusunda geldi. Ses kalitesi mükemmel yalnız müzik dinlerken kısa süreli ses gidip geliyor. Elektronik arızası var .,genel,pozitif
Ürün 2 günde elime ulaştı. Orijinal kapalı kutusunda geldi. Ses kalitesi mükemmel yalnız müzik dinlerken kısa süreli ses gidip geliyor. Elektronik arızası var .,kargo,pozitif
Ürün 2 günde elime ulaştı. Orijinal kapalı kutusunda geldi. Ses kalitesi mükemmel yalnız müzik dinlerken kısa süreli ses gidip geliyor. Elektronik arızası var .,ses_goruntu,pozitif
Ürün 2 günde elime ulaştı. Orijinal kapalı kutusunda geldi. Ses kalitesi mükemmel yalnız müzik dinlerken kısa süreli ses gidip geliyor. Elektronik arızası var .,ambalaj,pozitif
Ürün Orjinal Pakatleme özenle yapılmış Sağ salim elime ılaştı Ayrıca Sipariş Ettim 20 dk sonra Kargodan mesaj geldi hiç bu kadar hızlı kargolayan firma görmedim,kargo,pozitif
Ürün Orjinal Pakatleme özenle yapılmış Sağ salim elime ılaştı Ayrıca Sipariş Ettim 20 dk sonra Kargodan mesaj geldi hiç bu kadar hızlı kargolayan firma görmedim,kalite,pozitif
"Ürün ambalajsız geldi, üstelik fatura tarihim 12.05 garanti bitiş tarihim 03.05.",ambalaj,notr
Ürün arızalı geldi değişime gönderdin servise gönderdiler servis kutudan çıkan garanti tarihi ile Apple‘daki garanti tarihi aynı olmadığı için onarım yapmıyor g,kalite,negatif
"Ürün arızalı çıktı yetkili servis raporu istendi aldım ama Trendyol hala destek olmuyor, bir daha asla buradan sipariş vermem yasal haklarımı arayacağım",kalite,negatif
Ürün beğendim orjinalliğini kontrol ettim yorumuma ekleme yapıyorum kullanmaya başladım ses kalitesini beğenmedim müzik dinlerlen boğuk boğuk geliyor ayrıca tel,genel,pozitif
Ürün beğendim orjinalliğini kontrol ettim yorumuma ekleme yapıyorum kullanmaya başladım ses kalitesini beğenmedim müzik dinlerlen boğuk boğuk geliyor ayrıca tel,ses_goruntu,negatif
Ürün bozuk aramaları  cevaplamıyor aslan Telekom ürünün arkasında durmuyor,genel,negatif
Ürün bozuk aramaları  cevaplamıyor aslan Telekom ürünün arkasında durmuyor,kalite,negatif
Ürün bozuk yollandı apple müşteri hizmetletinden defalarca yardım almama rağmen bluetoothu görmüyor,genel,negatif
Ürün bozuk yollandı apple müşteri hizmetletinden defalarca yardım almama rağmen bluetoothu görmüyor,kalite,negatif
Ürün bozuldu servis benim hatam olduğunu söylüyor kullanmadım bile kesinlikle almayın!!,genel,negatif
Ürün bozuldu servis benim hatam olduğunu söylüyor kullanmadım bile kesinlikle almayın!!,kalite,negatif
Ürün dün elime ulaştı kargolama güzeldi hızlı teslimat oldu uygun fiyatlı şimdiye kadar kullandığım en iyi kulaklık diyebilirim bas sistemi çok güzel sesi çok n,kargo,pozitif
Ürün dün elime ulaştı kargolama güzeldi hızlı teslimat oldu uygun fiyatlı şimdiye kadar kullandığım en iyi kulaklık diyebilirim bas sistemi çok güzel sesi çok n,fiyat,pozitif
Ürün dün elime ulaştı kargolama güzeldi hızlı teslimat oldu uygun fiyatlı şimdiye kadar kullandığım en iyi kulaklık diyebilirim bas sistemi çok güzel sesi çok n,ses_goruntu,pozitif
Ürün elime geçtikten sonra garanti süresini sorguladım. 6 ay önce başladığını gördüm. Konu ile ilgili net bir dönüş sağlanmadı. Onun dışında herhangi bir sıkınt,genel,negatif
Ürün elime hızlı ulaştı orjinal ürün ben gareti olsun diye trendyol satıcısından aldım gayet güzel bir kulaklık sesi olsun rahatlığı olsun alabilirsinix,kalite,pozitif
Ürün elime hızlı ulaştı orjinal ürün ben gareti olsun diye trendyol satıcısından aldım gayet güzel bir kulaklık sesi olsun rahatlığı olsun alabilirsinix,ses_goruntu,pozitif
Ürün elime hızlı ulaştı satıcıya teşekkürler,genel,pozitif
Ürün elime ulaştı. Gayet kullanışlı bir cihaz. Kargo paketlemesi iyiydi ama daha korunaklı olabilir. Onun dışında cihaz orjinal .,kargo,pozitif
Ürün elime ulaştı. Gayet kullanışlı bir cihaz. Kargo paketlemesi iyiydi ama daha korunaklı olabilir. Onun dışında cihaz orjinal .,kalite,pozitif
Ürün elime ulaştı. Gayet kullanışlı bir cihaz. Kargo paketlemesi iyiydi ama daha korunaklı olabilir. Onun dışında cihaz orjinal .,ambalaj,pozitif
Ürün elime çok hızlıca ulaştı ayrıca çok kaliteli ve sesi çok güzel istediğiniz kadar yükseklikte kaliteli ürün çok teşekkür ederim kolay gelsin hayırlı güzel s,kalite,pozitif
Ürün elime çok hızlıca ulaştı ayrıca çok kaliteli ve sesi çok güzel istediğiniz kadar yükseklikte kaliteli ürün çok teşekkür ederim kolay gelsin hayırlı güzel s,ses_goruntu,pozitif
Ürün elimize ulaştı fakat sağ teki arızalı. İade işlemlerini başlattık. Umarım değişimi kolay şekilde gerçekleşir. Ürünümün yenisi ile değişmesi halinde yorumu,kalite,negatif
Ürün gayet güzel ve hızlı  geldi baya memnun kaldım,genel,pozitif
Ürün gayet güzel ve hızlı  geldi baya memnun kaldım,kargo,pozitif
Ürün gayet kaliteli ve şık küçük olması ayrı bir avantaj,kalite,pozitif
Ürün geldi bağlantı sorunu yaşıyorum ve kulaklıkla müzik dinlerken kulaklığın içinden ses geliyor bunu söylediğim halde servise gönderin diyorlar ben sıfır ürün,ses_goruntu,negatif
Ürün geldi kaliteli duruyor anneme hediye olarak aldım umarım oda beğenir. Bir yıldızi kulaklığın birinden az ses geliyor onun için kırdım,kalite,pozitif
Ürün geldi kaliteli duruyor anneme hediye olarak aldım umarım oda beğenir. Bir yıldızi kulaklığın birinden az ses geliyor onun için kırdım,ses_goruntu,pozitif
Ürün gerek ses düzeyi gerekse mikrofon olarak geçerli not aldı ama ebat olarak küçük olduğu için düşme riski olabilir diye düşünüyorum bunun dışında kaliteli bi,kalite,pozitif
Ürün gerek ses düzeyi gerekse mikrofon olarak geçerli not aldı ama ebat olarak küçük olduğu için düşme riski olabilir diye düşünüyorum bunun dışında kaliteli bi,ses_goruntu,pozitif
Ürün gerçekten f/p ürünü.Bağlantısı da kolay oldu uygulaması sayesinde ses kalitesini de beğendik şarjı 4 gündür henüz bitmedi kutusu da küçük ve zarif anneme a,batarya,negatif
Ürün gerçekten f/p ürünü.Bağlantısı da kolay oldu uygulaması sayesinde ses kalitesini de beğendik şarjı 4 gündür henüz bitmedi kutusu da küçük ve zarif anneme a,ses_goruntu,pozitif
Ürün gerçekten harika bu fiyata bu performans süper şarjı hiç bitmiyor,genel,pozitif
Ürün gerçekten harika bu fiyata bu performans süper şarjı hiç bitmiyor,fiyat,pozitif
Ürün gerçekten harika bu fiyata bu performans süper şarjı hiç bitmiyor,batarya,negatif
Ürün gerçekten çok güzel ses kalitesi inanılmaz güzel fakat bir olaya çok üzüldüm insan şarj kablosu göndermez mi ya hadi elektrik priz fişi kimse göndermiyor k,ses_goruntu,pozitif
Ürün guzel ama bir parçası eksik gönderilmiş. şarj kablosu kutunun içinde yoktu.,genel,pozitif
Ürün görseldeki gibi geldi yalnız sorduğum sorulara cvpları hala beklemekteyim ürünün ses kalitesi ve kullanımı kolay kargo biraz zaman alıyor müşteri hizmetler,kargo,notr
Ürün görseldeki gibi geldi yalnız sorduğum sorulara cvpları hala beklemekteyim ürünün ses kalitesi ve kullanımı kolay kargo biraz zaman alıyor müşteri hizmetler,ses_goruntu,notr
Ürün görseldeki ile aynı şekilde geldi. QR kodunu okutuğumda orjinal ürün olduğunu ilk kez kullanıma açıldığını belirtildi.,kalite,pozitif
Ürün güzel ancak sınırlı garanti 6 aylık vardı ona göre alın :),genel,pozitif
Ürün güzel fakat aynı şehire 4 günde geldi kargo çok geç,genel,pozitif
Ürün güzel fakat aynı şehire 4 günde geldi kargo çok geç,kargo,negatif
Ürün güzel fakat fatura ulaşmadı bana,genel,pozitif
Ürün güzel kaliteli ama bazı olumsuz yanlarından bahsetmek istiyorum. Ben jbl den geçtim ses kalitesi olarak aynılar nerdeyse fakat airpods sesi biraz açtığınız,genel,pozitif
Ürün güzel kaliteli ama bazı olumsuz yanlarından bahsetmek istiyorum. Ben jbl den geçtim ses kalitesi olarak aynılar nerdeyse fakat airpods sesi biraz açtığınız,ses_goruntu,pozitif
Ürün güzel paketi de güzel geldi,genel,pozitif
Ürün güzel paketlenmiş sağlam bir şekilde geldi kaliteli bir marka sesi kalitesi oldukça güzel,genel,pozitif
Ürün güzel paketlenmiş sağlam bir şekilde geldi kaliteli bir marka sesi kalitesi oldukça güzel,kalite,pozitif
Ürün güzel paketlenmiş sağlam bir şekilde geldi kaliteli bir marka sesi kalitesi oldukça güzel,ses_goruntu,pozitif
Ürün güzel paketlenmiş sağlam bir şekilde geldi kaliteli bir marka sesi kalitesi oldukça güzel,ambalaj,pozitif
Ürün güzel ses kalitesi iyi ama 1 sene sonra şarjı 10 dakika dayanmıyor pil ömrü bitiyor,genel,pozitif
Ürün güzel ses kalitesi iyi ama 1 sene sonra şarjı 10 dakika dayanmıyor pil ömrü bitiyor,batarya,negatif
Ürün güzel ses kalitesi iyi ama 1 sene sonra şarjı 10 dakika dayanmıyor pil ömrü bitiyor,ses_goruntu,pozitif
Ürün güzel şarjı çok tutuyor. Hızlı şarj oluyor. Ama kulaktan düşüyor çok değil ama yinede düşündürür.,genel,pozitif
Ürün güzel şarjı çok tutuyor. Hızlı şarj oluyor. Ama kulaktan düşüyor çok değil ama yinede düşündürür.,batarya,pozitif
Ürün hızlı ulaştı elime fakat kapağında trim sıkıntısı var. Ayrıca dokunmatik olarak çalışması gereken (tap’leme) özelliği aktif değil. Kulaklığın her yerine do,kalite,notr
Ürün hızlı ve sağlam geldi. Kullanımı çok rahat.,kalite,pozitif
Ürün iyi bir sorun yok şarjı biraz bitiyor ama en büyük sorun garantisi ben almadan önce başlamış Apple yardım destekle düzelttik alan herkesin mutlaka kontrol,genel,pozitif
Ürün iyi bir sorun yok şarjı biraz bitiyor ama en büyük sorun garantisi ben almadan önce başlamış Apple yardım destekle düzelttik alan herkesin mutlaka kontrol,batarya,negatif
Ürün konusunda bir sıkıntım yok kaliteli ürün ve hizmet sundular fakat trendyol kargo sürecinde beni çok üzdü. Başka bir dağıtım şubesine gönderdiler sonrasında,kargo,notr
Ürün konusunda bir sıkıntım yok kaliteli ürün ve hizmet sundular fakat trendyol kargo sürecinde beni çok üzdü. Başka bir dağıtım şubesine gönderdiler sonrasında,kalite,pozitif
Ürün kulakta durmuyor arkadaşlar kaç kişiye denettim hiç konforlu degıl Malesef,genel,negatif
Ürün kulakta rahat duruyor. Ben kapalı ortamda müzik dinledim ve ses tonu çok iyi geliyordu. Telefon görüşmesi henüz yapmadım. Sadece kargo biraz geç geldi 😖,kargo,negatif
Ürün kulakta rahat duruyor. Ben kapalı ortamda müzik dinledim ve ses tonu çok iyi geliyordu. Telefon görüşmesi henüz yapmadım. Sadece kargo biraz geç geldi 😖,ses_goruntu,pozitif
Ürün kulaktan kayıp düşüyor,genel,negatif
Ürün kulağımdan sürekli düşüyor. Hiç tavsiye etmiyorum,genel,negatif
Ürün kullanışlı ses kalitesi çok iyi,ses_goruntu,pozitif
Ürün kusurlu şekilde geldi apple çok iyi marka ama bu şekilde olması üzücü yardımcı olmuyolarr,kalite,negatif
Ürün kutusu boş geldi,ambalaj,negatif
Ürün kutusu daha önce açılmış  ürün geldi kutu açarken hava sıkışması oluyor bunda olmadı  ve kulaklık dokunmatikleri çalışmıyor iade edicem ürünü,kalite,negatif
Ürün kutusu daha önce açılmış  ürün geldi kutu açarken hava sıkışması oluyor bunda olmadı  ve kulaklık dokunmatikleri çalışmıyor iade edicem ürünü,ambalaj,negatif
Ürün kutusunun şarjı çok çabuk bitiyor ilk fark ettiğimde hijyen sebebiyle alınmadı teknosa 👎🏻,batarya,negatif
Ürün olması gerektiği gibi gayet güzel,genel,pozitif
Ürün on numara kulakta rahatız etme yok bazen takılı oldugunu unutuyosun ve sesi cok iyi tavsiye ederim,genel,pozitif
Ürün on numara kulakta rahatız etme yok bazen takılı oldugunu unutuyosun ve sesi cok iyi tavsiye ederim,ses_goruntu,pozitif
Ürün orijinal ancak sağ kulaklığı bozuk geldi. Apple mağazasına giderek değiştirdim.,genel,negatif
Ürün orijinal ancak sağ kulaklığı bozuk geldi. Apple mağazasına giderek değiştirdim.,kalite,negatif
Ürün orijinal değil çakma ürün gerekli birimlere başvurup şikayet edeceğim,kalite,negatif
Ürün orijinaldir . Kendim için aldım çok güzel çok beğendim. Kargom da hızlı ve güzel paketlenmişti  teşekkürler 🙏🏻,genel,pozitif
Ürün orijinaldir . Kendim için aldım çok güzel çok beğendim. Kargom da hızlı ve güzel paketlenmişti  teşekkürler 🙏🏻,kargo,pozitif
Ürün orijinaldir . Kendim için aldım çok güzel çok beğendim. Kargom da hızlı ve güzel paketlenmişti  teşekkürler 🙏🏻,kalite,pozitif
Ürün orijinaldir . Kendim için aldım çok güzel çok beğendim. Kargom da hızlı ve güzel paketlenmişti  teşekkürler 🙏🏻,ambalaj,pozitif
Ürün orijinaldir eşime hediye aldım çok beğendi,kalite,pozitif
Ürün orjinal fakat kulaklığın sağ teki bozuldu,genel,negatif
Ürün orjinal fakat kulaklığın sağ teki bozuldu,kalite,negatif
Ürün orjinal paketlemesi de güzeldi hızlı bir şekilde elime ulaştı,kargo,pozitif
Ürün orjinal paketlemesi de güzeldi hızlı bir şekilde elime ulaştı,kalite,pozitif
Ürün orjinal paketlemesi de güzeldi hızlı bir şekilde elime ulaştı,ambalaj,pozitif
Ürün orjınal 2. Nesil kutuda gelmedı,kalite,pozitif
Ürün orjınal 2. Nesil kutuda gelmedı,ambalaj,notr
"Ürün sağlam bir şekilde teslim alındı teşekkür ederim maalesef kutu içeriği şarz kablosu çıkmadı, bundan gerisi güzel çok teşekkür ederim ki beğendim çok iyi iş",genel,pozitif
"Ürün sağlam bir şekilde teslim alındı teşekkür ederim maalesef kutu içeriği şarz kablosu çıkmadı, bundan gerisi güzel çok teşekkür ederim ki beğendim çok iyi iş",kargo,pozitif
"Ürün sağlam bir şekilde teslim alındı teşekkür ederim maalesef kutu içeriği şarz kablosu çıkmadı, bundan gerisi güzel çok teşekkür ederim ki beğendim çok iyi iş",kalite,pozitif
Ürün sağlam geldi. Çalışıyor fakat içinde şarj kablosu yoktu. Yani iadeyle uğraşmayacağım ama hoş değil. Dikkatli olmak gerekiyor,kalite,pozitif
Ürün ses olarak kalite olarak güzel ama garantisi çok erken başlamış 3 ay kaldı gözüküyodu apple destekle hallettim,kalite,pozitif
Ürün ses olarak kalite olarak güzel ama garantisi çok erken başlamış 3 ay kaldı gözüküyodu apple destekle hallettim,ses_goruntu,pozitif
Ürün tabiki orjinal sesi bası fevkalade mikrofon konusunda da çok başarılı bazıları linçlemişti mikrofonu iyi değil diye ama öyle bir sorun yaşamadım düşünmeden,kalite,negatif
Ürün tabiki orjinal sesi bası fevkalade mikrofon konusunda da çok başarılı bazıları linçlemişti mikrofonu iyi değil diye ama öyle bir sorun yaşamadım düşünmeden,ses_goruntu,negatif
Ürün ulaştı çalışıyor sıkıntı yok. Fakat ürünü cihazla eşleştirdiğim vakit gördüm ki garantisi 11 ay 14 gün kalmış yani 9 Kasım 2024 tarihinde kapsam dışı kalac,genel,negatif
Ürün çok ama çok güzel orijinal ürün,kalite,pozitif
Ürün çok güzel Apple kalitesi Media Markt satıcısından aldım ürünüm gelince Apple destek e yazıp orijinalliğine emin oldum  ve garanti süresi bir sene gibi bir,kalite,pozitif
Ürün çok güzel bir şekilde elime ulaştı fakat telefonuma bağladığımda 4 ay sonra garantisinin bittiğini gördüm garanti süresini önceden başlatmak nedir neyseki,kargo,pozitif
Ürün çok hızlı geldi bunun için teşekkürler. Ürünü 5 ekimde aldım kullanamadım hala. Sağ tarafta sorun var bu gün apple desteğe gittim yeni verdiler kulaklığımı,kargo,pozitif
Ürün çok iyi orijinal 2 yıl garantisi var herkese öneririm,kalite,pozitif
Ürün çok kaliteli çok  teşekkür ederim.,kalite,pozitif
Ürün çok kullanışlı sesi falan süper jarjı uzun gidiyor diğer türlüsü vardı kulağımda durmuyordu bu tam kulağıma uyuyor,ses_goruntu,pozitif
"Ürün çok kısa sürede, sapasağlam elime ulaştı teslimat hızı mükemmel.Kulaklığın ses kalitesi ve malzeme yapısı fiyatının çok üzerinde, gerçekten kaliteli hisset",genel,pozitif
"Ürün çok kısa sürede, sapasağlam elime ulaştı teslimat hızı mükemmel.Kulaklığın ses kalitesi ve malzeme yapısı fiyatının çok üzerinde, gerçekten kaliteli hisset",kargo,pozitif
"Ürün çok kısa sürede, sapasağlam elime ulaştı teslimat hızı mükemmel.Kulaklığın ses kalitesi ve malzeme yapısı fiyatının çok üzerinde, gerçekten kaliteli hisset",kalite,pozitif
"Ürün çok kısa sürede, sapasağlam elime ulaştı teslimat hızı mükemmel.Kulaklığın ses kalitesi ve malzeme yapısı fiyatının çok üzerinde, gerçekten kaliteli hisset",fiyat,pozitif
"Ürün çok kısa sürede, sapasağlam elime ulaştı teslimat hızı mükemmel.Kulaklığın ses kalitesi ve malzeme yapısı fiyatının çok üzerinde, gerçekten kaliteli hisset",ses_goruntu,pozitif
Üründe arıza var,genel,negatif
Üründen gerçekten çok memnun kaldım bu fiyata göre böyle bir performans beklemiyordum alın aldırın mutlaka,genel,pozitif
Üründen gerçekten çok memnun kaldım bu fiyata göre böyle bir performans beklemiyordum alın aldırın mutlaka,fiyat,pozitif
Ürünler cok geç kargoya veriliyor ilgisiz vatan bilgisayar yani alırken iki kez düşünün,kargo,negatif
Ürünü 19 mayısta aldım garantisi ocak ayında başlatılmış apple da böyle hatalar yapılmazdı satıcıdan bi halt olmaz,genel,negatif
Ürünü 20 kasımda teslim aldım fakat ürünün garanti süresi 11 ay sonra sona eriyor. Fatura talebinde bulunmama rağmen 4 gündür faturamı göndermediler. Şiddetle b,kargo,notr
Ürünü alalı 2 ay oldu ama kulaklığın teki çalışmıyor satıcının ilgilenmesini istiyorum güncelleme kesinlikle almayın 2 ay içinde bozuldu çok dikkatli kullanmama,genel,negatif
Ürünü alalı 2 ay oldu ama kulaklığın teki çalışmıyor satıcının ilgilenmesini istiyorum güncelleme kesinlikle almayın 2 ay içinde bozuldu çok dikkatli kullanmama,kalite,negatif
Ürünü alalı 3 ay oldu telefona bağlanmıyor bluetoothla garantiye nasıl gönderebilirim lütfen bilgi verin,genel,negatif
Ürünü alalı henüz 2 ay bile olmadı ama sağ kulaklık bozuldu.! Sol taraftan çok güzel ses geliyor fakat sağ kulaklık şarjı olduğu halde ses gelmiyor. İki ay da n,genel,negatif
Ürünü alalı henüz 2 ay bile olmadı ama sağ kulaklık bozuldu.! Sol taraftan çok güzel ses geliyor fakat sağ kulaklık şarjı olduğu halde ses gelmiyor. İki ay da n,kalite,negatif
Ürünü alalı henüz 2 ay bile olmadı ama sağ kulaklık bozuldu.! Sol taraftan çok güzel ses geliyor fakat sağ kulaklık şarjı olduğu halde ses gelmiyor. İki ay da n,batarya,negatif
Ürünü alalı henüz 2 ay bile olmadı ama sağ kulaklık bozuldu.! Sol taraftan çok güzel ses geliyor fakat sağ kulaklık şarjı olduğu halde ses gelmiyor. İki ay da n,ses_goruntu,negatif
Ürünü alalı neredeyse bir sene olacak şarj sıkıntısı dışında hiçbir sıkıntısı yok,batarya,negatif
Ürünü alırken 2 yıl garantisi var diye aldım 1 yıl garantisi olduğunu öğrendim,genel,negatif
"Ürünü açtım ve garantisinin dolduğunu gördüm, sıfır açılmamış bir ürünün garantisi nasıl dolmuş olabiliyor ? yazdım cevap alamadım iade ettim umarım gereği yapı",genel,negatif
Ürünü açıp eşleştirmeden  garanti süresini bilmediğiniz için açtım .eşleştidim ..8 ay garanti kaldığını dördüm .trendyol ile iletişime geçtim bana garantimiz al,genel,negatif
"Ürünü daha 19.11.2023 tarihinde satın alıp 21.11.2023 tarihinde kullanmaya başlamama rağmen,garanti süresi 08.06.2023 olarak gözüküyor.Apple ile görüştüm eğer ç",genel,negatif
Ürünü mayıs ayında aldım garantisi Ocak ayında başlatılmış ancak konu ile ilgili muhatap bulamıyorum.,genel,negatif
Ürünü nişanlıma aldım çok begendim orjinal kesinlikle tavsiye ederim,genel,pozitif
Ürünü nişanlıma aldım çok begendim orjinal kesinlikle tavsiye ederim,kalite,pozitif
Ürünü orijinal diye aldım ve bozuldu şarj olmuyor Trendyol‘un derhal satıcı ile iletişim kurup bana geri dönmelerini istiyorum aksi halde hukuki yollara başvura,genel,negatif
Ürünü orijinal diye aldım ve bozuldu şarj olmuyor Trendyol‘un derhal satıcı ile iletişim kurup bana geri dönmelerini istiyorum aksi halde hukuki yollara başvura,kalite,negatif
Ürünü orijinal diye aldım ve bozuldu şarj olmuyor Trendyol‘un derhal satıcı ile iletişim kurup bana geri dönmelerini istiyorum aksi halde hukuki yollara başvura,batarya,negatif
Ürünü orjinal diyerek aldım ama orjinal değil. Garanti süresi 1 yıl iade edeceğim. Çok güzel çalışıyorsunuz harikasınız,genel,negatif
Ürünü orjinal diyerek aldım ama orjinal değil. Garanti süresi 1 yıl iade edeceğim. Çok güzel çalışıyorsunuz harikasınız,kalite,negatif
Ürünü sevdim yalnız kulağıma olmuyor. Çok büyükler eğer kulak delikleriniz küçükse kesinlikle almayın pro versiyonunu tercih edin. Hareket edince düşecek gibi o,genel,negatif
Ürünü sorgulattım orjinallik garantisi var ses kalitesi 1-2 ye göre inanılmaz farkediyor tam bir performans ürünü fiyat olarak da güzel teşekkürler satıcıya kor,fiyat,pozitif
Ürünü sorgulattım orjinallik garantisi var ses kalitesi 1-2 ye göre inanılmaz farkediyor tam bir performans ürünü fiyat olarak da güzel teşekkürler satıcıya kor,ses_goruntu,pozitif
Ürünü teknosa mağazasından aldım kargo sırasında kayboldu ve ben arayana kadar hiç bir şeyden haberleri yoktu daha sonrasında 2-3 gün gecikmeli kaybolan ürünü b,kargo,notr
Ürünü yeni aldım fakat %100 kullanmadığım halde %70lere kadar kullanıp tekrar kutusuna koymam gerekiyor aksi takdirde dışarıda durduğunda şarjı 3-5 saate bitiyo,batarya,negatif
"Ürünü yeni almama rağmen garantisi başlatılmış görünüyor. Onun dışında herhangi bir sıkıntısı yok, ses kalitesi çok iyi",ses_goruntu,negatif
"Ürünün açıklamasında aktif gürültü engelleme var olarak yazıyor ancak Apple ın kendi sitesinden de sonradan ulaştığım bilgi, bu kulaklıkta o özelliğin olmadığı",ses_goruntu,notr
Ürünün faturası gelmedi ayrı yollamışsınız kargo bedelini bize yansıtmışsınız 189₺ çok saçma ürünü teslim alıyorsunuz faturası sonradan tarafınıza ücretli geliy,kargo,negatif
Ürünün faturası gelmedi ayrı yollamışsınız kargo bedelini bize yansıtmışsınız 189₺ çok saçma ürünü teslim alıyorsunuz faturası sonradan tarafınıza ücretli geliy,fiyat,negatif
Ürünün garanti süresi 2 ay dolmuş görünüyor nasıl iş anlamamıyorum cidden,genel,negatif
Ürünün içinden şarj kablosu çıkmadı !,genel,negatif
Ürünün sağ kulaklığı bozuk geldi hemen satıcıya yazdım iade veya değişim sağlanamayacağını söylediler sıfır alınan ürünün suan yetkili servise giderek onarım ya,genel,negatif
Ürünün sağ kulaklığı bozuk geldi hemen satıcıya yazdım iade veya değişim sağlanamayacağını söylediler sıfır alınan ürünün suan yetkili servise giderek onarım ya,kalite,negatif
"Ürünün seri numarasını kontrol ettirdiğimde orijinal çıktı. Hızlı teslimat, güzel paketleme emeğinize sağlık",kargo,pozitif
"Ürünün seri numarasını kontrol ettirdiğimde orijinal çıktı. Hızlı teslimat, güzel paketleme emeğinize sağlık",kalite,pozitif
"Ürünün seri numarasını kontrol ettirdiğimde orijinal çıktı. Hızlı teslimat, güzel paketleme emeğinize sağlık",ambalaj,pozitif
Ürünün sesi az çıkıyor,ses_goruntu,negatif
çok beğendik kızım için aldım hediye,genel,pozitif
çok beğendim 3 aydır kullanıyorum çok memnunun kaldım,genel,pozitif
çok beğendim çok memnunumçok beğendim çok memnunumçok beğendim çok memnunum,genel,pozitif
çok bir beklentiniz olmasın. Fiyat performans ürünü,fiyat,pozitif
çok guzelllll şarjı günlerce bitmiyor inanılmaz kullanışlı fiyat zaten şahane. Hızlı kargo kaliteli ürün,kargo,pozitif
çok guzelllll şarjı günlerce bitmiyor inanılmaz kullanışlı fiyat zaten şahane. Hızlı kargo kaliteli ürün,kalite,pozitif
çok guzelllll şarjı günlerce bitmiyor inanılmaz kullanışlı fiyat zaten şahane. Hızlı kargo kaliteli ürün,fiyat,pozitif
çok guzelllll şarjı günlerce bitmiyor inanılmaz kullanışlı fiyat zaten şahane. Hızlı kargo kaliteli ürün,batarya,negatif
çok güzel  oğluma aldm begendi,genel,pozitif
çok güzel bir ürün denedim kullandım herkese tavsiye ederim,genel,pozitif
çok güzel olmuş ellerine sağlık ocağı ve sağlık ocağı hastaneler için randevu alma sistemi,genel,pozitif
çok güzel paketleme çok iyiydi.,ambalaj,pozitif
çok güzel ses kalitesi,ses_goruntu,pozitif
çok güzel şarjı 1 hafta gidiyor nerdeyse ama biraz cızırtılı ses veriyor,batarya,pozitif
çok güzel şarjı 1 hafta gidiyor nerdeyse ama biraz cızırtılı ses veriyor,ses_goruntu,negatif
çok harika hakkı vermişsiniz ben çok beğendim teşekkürler,genel,pozitif
çok iyi bir ürün şarjı çok uzun dayanıyor. tavsiye ederim.,genel,pozitif
çok iyi bir ürün şarjı çok uzun dayanıyor. tavsiye ederim.,batarya,pozitif
çok memnunum orijinal ürün ses kalitesi vs muhteşem,genel,pozitif
çok memnunum orijinal ürün ses kalitesi vs muhteşem,ses_goruntu,pozitif
çok severek kullanıyorum,genel,pozitif
çok çok iyifir,genel,pozitif
çokkk memnunummmm,genel,pozitif
ürunde sol kulaklıkda cızırtı vardı iade ettim reddedildi ve biraz uğraştım servisde 2.kez gidişimde degisebildim şuan normal,ses_goruntu,negatif
ürün 1 ayı geçmeden bozuldu sol tarafı iade oluşturamıyorum kardeşim almıştı mavisini hiç sorun yaşamadı benimki neden böyle oldu anlamadım birden sol taraf çal,genel,negatif
ürün 1 ayı geçmeden bozuldu sol tarafı iade oluşturamıyorum kardeşim almıştı mavisini hiç sorun yaşamadı benimki neden böyle oldu anlamadım birden sol taraf çal,kalite,negatif
ürün bir günde geldi ve bu fiyata alınabilecek en güzel apple kulaklık öneririm satıcıya da teşekkür ederim,fiyat,pozitif
ürün cok iyi ses kalitesi iyi ama gönderilen kargocuya saygı çerçevesinde konustugum için laf etmeyecem kargo evime gelmedi aradık dediler arama yok ertesi gün,kargo,negatif
ürün cok iyi ses kalitesi iyi ama gönderilen kargocuya saygı çerçevesinde konustugum için laf etmeyecem kargo evime gelmedi aradık dediler arama yok ertesi gün,ses_goruntu,pozitif
ürün elime bozuk geldi sol taraf çalışmıyor ayrıca ses kalitesi fiyatina göre bile düşük,genel,negatif
ürün elime bozuk geldi sol taraf çalışmıyor ayrıca ses kalitesi fiyatina göre bile düşük,kalite,negatif
ürün elime bozuk geldi sol taraf çalışmıyor ayrıca ses kalitesi fiyatina göre bile düşük,fiyat,negatif
ürün elime bozuk geldi sol taraf çalışmıyor ayrıca ses kalitesi fiyatina göre bile düşük,ses_goruntu,negatif
ürün elime ulaştı fakat şarj aleti yok,kargo,notr
ürün elime ulaştı fakat şarj aleti yok,batarya,negatif
ürün gayat güzel   kargo çok hızlı ilandaki gibi bir günde elime ulaştı paketleme gayet düzgün ve sağlamdı  tavsiye ederim,genel,pozitif
ürün gayat güzel   kargo çok hızlı ilandaki gibi bir günde elime ulaştı paketleme gayet düzgün ve sağlamdı  tavsiye ederim,kargo,pozitif
ürün gayat güzel   kargo çok hızlı ilandaki gibi bir günde elime ulaştı paketleme gayet düzgün ve sağlamdı  tavsiye ederim,kalite,pozitif
ürün gayat güzel   kargo çok hızlı ilandaki gibi bir günde elime ulaştı paketleme gayet düzgün ve sağlamdı  tavsiye ederim,ambalaj,pozitif
ürün gayet çok iyi sesi net ama bir sıkıntı var kulaklığı kulağıma taktığımda telefona bağlanım geri çıkıyor eğer böyle sıkıntısı olmasaydı 5 yıldızı hak ediyor,ses_goruntu,notr
ürün geç geldi ama sorunsuz güzel,kargo,negatif
ürün güvenilir güzel severek kullanıyorum,genel,pozitif
ürün güzel gayet klasik apple kalitesi ama paketleme ozensiz patpata bile sarılmamıs kargocu abi ulasamayınca balkona atmis sagolsun sans eseri calisiyor resmen,genel,negatif
ürün güzel gayet klasik apple kalitesi ama paketleme ozensiz patpata bile sarılmamıs kargocu abi ulasamayınca balkona atmis sagolsun sans eseri calisiyor resmen,kargo,negatif
ürün güzel gayet klasik apple kalitesi ama paketleme ozensiz patpata bile sarılmamıs kargocu abi ulasamayınca balkona atmis sagolsun sans eseri calisiyor resmen,ambalaj,negatif
ürün güzel sadece kulaktan çabuk çıkıyor dikkatli olmanız gerekiyor çıkmasın diye sert takınca da kulak yarası oluştu,genel,pozitif
ürün ilk geldi ses kalitesi felan çok güzeldi ikinci gün oldu bı baktım sesi gitti çok az ses gelmeye başladı verdiğim paraya çok üzüldüm gerçekten,fiyat,pozitif
ürün ilk geldi ses kalitesi felan çok güzeldi ikinci gün oldu bı baktım sesi gitti çok az ses gelmeye başladı verdiğim paraya çok üzüldüm gerçekten,ses_goruntu,pozitif
ürün kusurlu geldi ses kalitesi çok kötü. iade etmek istiyorum fakat ambalajı açıldığı için iadesi olmuyormuş. ikinci el durumuna düşüyormuş. açmadan ses kalite,kalite,negatif
ürün kusurlu geldi ses kalitesi çok kötü. iade etmek istiyorum fakat ambalajı açıldığı için iadesi olmuyormuş. ikinci el durumuna düşüyormuş. açmadan ses kalite,ses_goruntu,negatif
ürün kusurlu geldi ses kalitesi çok kötü. iade etmek istiyorum fakat ambalajı açıldığı için iadesi olmuyormuş. ikinci el durumuna düşüyormuş. açmadan ses kalite,ambalaj,negatif
ürün kutulaması güzel  ve kargo süresi kısaydı.,kargo,pozitif
ürün kutulaması güzel  ve kargo süresi kısaydı.,ambalaj,pozitif
ürün orijinal erkek arkadaşıma hediye aldım gayet güzel,kalite,pozitif
ürün orijinal. herhangi bir sıkıntı yok gayet güzel fakat dışarı ses veriyor alırken göz önünde bulundurun,kalite,pozitif
ürün orijinal. herhangi bir sıkıntı yok gayet güzel fakat dışarı ses veriyor alırken göz önünde bulundurun,ses_goruntu,negatif
ürün orjinal degil asla buna inanmayin orjinal olsa koskoca apple kutusundan pazardan alinan cakma sarj kablosu cikma olasiligini size birakiyorum tavsiye etmiy,genel,negatif
ürün orjinal degil asla buna inanmayin orjinal olsa koskoca apple kutusundan pazardan alinan cakma sarj kablosu cikma olasiligini size birakiyorum tavsiye etmiy,kalite,negatif
ürün orjinal degil asla buna inanmayin orjinal olsa koskoca apple kutusundan pazardan alinan cakma sarj kablosu cikma olasiligini size birakiyorum tavsiye etmiy,batarya,pozitif
ürün yeni geldi sorunsuz çalışıyor ama şarj için içinden kablo çıkmadı. elimde şarj etmek için kablo olduğu için benlik sorunluk ama söyleyeyim,genel,pozitif
ürün çok güzel ama içinden şarj cihazı çıkmadı,batarya,negatif
ürün çok güzel ama kargo zamanı çok yanlış yarın gelecek dedi ondan sonraki gün gelidi ondan dahil ürün çok güzel bence alın,kargo,pozitif
ürün çok güzel kaliteli harika bişey çok tşk ederim paketleme ve ürün içinde,genel,pozitif
ürün çok güzel kaliteli harika bişey çok tşk ederim paketleme ve ürün içinde,kalite,pozitif
ürün çok güzel kaliteli harika bişey çok tşk ederim paketleme ve ürün içinde,ambalaj,pozitif
ürün çok güzel sadece sesi dışarıya veriyor çok,ses_goruntu,pozitif
ürün çok iyi,genel,pozitif
ürün çok iyi ve saglma kaliteli uygulamadan ayar yapabiliyorsun bas tiz ayarı ve müzik dinlerken ses çok güzel sadece telefon görüşmesinde biraz ses az ama güze,kalite,pozitif
ürün çok iyi ve saglma kaliteli uygulamadan ayar yapabiliyorsun bas tiz ayarı ve müzik dinlerken ses çok güzel sadece telefon görüşmesinde biraz ses az ama güze,ses_goruntu,negatif
üründe sorun var sesi boğuk derinden geliyor üstüne birde kulaklıklarda cızırtı var ben yalın temiz bir ses beklerken derinden geliyor sanki uzaktan geliyor hem,ses_goruntu,negatif
"üründen hiç memnun kalmadım.alali 1 ay oldu,konuşurken karşıdan gelen ses iyi,fakat benim sesimi çok az geliyor diyorlar.magduriyetimin giderilmesini istoyorum",genel,negatif
"üründen hiç memnun kalmadım.alali 1 ay oldu,konuşurken karşıdan gelen ses iyi,fakat benim sesimi çok az geliyor diyorlar.magduriyetimin giderilmesini istoyorum",ses_goruntu,pozitif
ürünü 3 martta aldım ama sol kulaklık şarj almıyor ve çalışmıyor.,batarya,negatif
ürünü beğendim tavsiye ederim ama şarj kablosu yok bunu bilgilendirme yapmanız gerekirdi.,genel,pozitif
"ürünü çok beğendim,ses kalitesi güzel ,kargo ve paketlenmesi iyi,gönül rahatlığıyla alabilirsiniz.",genel,pozitif
"ürünü çok beğendim,ses kalitesi güzel ,kargo ve paketlenmesi iyi,gönül rahatlığıyla alabilirsiniz.",kargo,pozitif
"ürünü çok beğendim,ses kalitesi güzel ,kargo ve paketlenmesi iyi,gönül rahatlığıyla alabilirsiniz.",ses_goruntu,pozitif
"ürünü çok beğendim,ses kalitesi güzel ,kargo ve paketlenmesi iyi,gönül rahatlığıyla alabilirsiniz.",ambalaj,pozitif
ürünün içinden şarj etmek için herhangi bir aparat çıkmadı.,batarya,negatif
ürünün içinden şarj kablosu çıkmadı,genel,negatif
ürünün sarjı yokmu,batarya,negatif
ürünün ses kalitesi çok güzel gerçekten dışarıyla bağlantını kesiyor çok memnundum şarjı da çook uzun gidiyor ama alalı daha 3 ay olmadan sol kulaklık hiçbir se,genel,pozitif
ürünün ses kalitesi çok güzel gerçekten dışarıyla bağlantını kesiyor çok memnundum şarjı da çook uzun gidiyor ama alalı daha 3 ay olmadan sol kulaklık hiçbir se,batarya,pozitif
ürünün ses kalitesi çok güzel gerçekten dışarıyla bağlantını kesiyor çok memnundum şarjı da çook uzun gidiyor ama alalı daha 3 ay olmadan sol kulaklık hiçbir se,ses_goruntu,pozitif
üç aydır kullanıyorum çok memnun kaldım sesi de gayet iyi veriyor,genel,pozitif
üç aydır kullanıyorum çok memnun kaldım sesi de gayet iyi veriyor,ses_goruntu,pozitif
İdare eder,genel,notr
İki günde elime ulaştı. Paketleme iyiydi. Ama içinden kablosu çıkmadı. Benim şarjımın kablosu buna uyumlu değil. Eskiden kablo koyuyorlardı ama şimdi kaldırmışl,kargo,notr
İlk aldığımı kaybettiğim için ikincisini aldım aynı satıcıdan 100% orijinal çok da hızlı gönderdiler çok teşekkür ederim,kalite,pozitif
İlk açtığımda  çok beğendim ama  ne yazık ki şarj kablosunu  koymamışlar,genel,pozitif
İlk defa bır üründen pişman oldum bozuk ürünü satıp 3 defa ıyade gonderdım her defasında retedildi  bu fırmadan uzak durun bence,genel,negatif
İlk defa bır üründen pişman oldum bozuk ürünü satıp 3 defa ıyade gonderdım her defasında retedildi  bu fırmadan uzak durun bence,kalite,negatif
İnanılmaz iyi bir kalite dışarının sesini çok net kesiyor yalnızca son seslerde dışarıdan hafif duyuluyor müzik sesi onun dışından 10/10,kalite,pozitif
İnanılmaz iyi bir kalite dışarının sesini çok net kesiyor yalnızca son seslerde dışarıdan hafif duyuluyor müzik sesi onun dışından 10/10,ses_goruntu,pozitif
İndirimlerle iyi bir fiyata yakalım.çok memnunum,genel,pozitif
İndirimlerle iyi bir fiyata yakalım.çok memnunum,fiyat,pozitif
"İyi gibi , şarjı hızlı bitiyor sanki …",batarya,negatif
İyiki almışım,genel,pozitif
İyiki almışım ses kalitesi gerçekten harika,genel,pozitif
İyiki almışım ses kalitesi gerçekten harika,ses_goruntu,pozitif
İyiki almışım çok büyük kolaylık oldu benim için,genel,pozitif
İyiki almışım. Mikrofon benim için en değerli şey. Çok iyi mikrofonu. Çok hafif. Ses çok iyi.,ses_goruntu,pozitif
İçeriğinde şarz aleti var yazıyor ve kutusunda yeri de var açıklamada da yazıyor ayrıca resmi satıcı satıyor ama koyulmamış onun harici f/p,ambalaj,notr
İçinde şarj aleti yok,batarya,negatif
Şahane bayıldum uygun fiyat,fiyat,pozitif
Şarj kablosu çıkmaması üzücü. Az para değil gerçekten. Ama kaliteli ve kutu kapalı ve sağlam geldi.,kalite,pozitif
Şarj kablosu çıkmaması üzücü. Az para değil gerçekten. Ama kaliteli ve kutu kapalı ve sağlam geldi.,fiyat,pozitif
Şarj konusunda sıkıntıları var. Uğraşmadım ama değiştirmeye falan,batarya,negatif
Şarjı çok çabuk bitiyor.,batarya,negatif
Şarjı çok çabuk bitiyor. Keşke almasaydım,batarya,negatif
Şarjımın bitmemesie rağmen bağlanmıyor yardımcı olur musunuz,genel,negatif
Şarjımın bitmemesie rağmen bağlanmıyor yardımcı olur musunuz,batarya,negatif
Şimdilik iyi ses kalitesi normal,ses_goruntu,pozitif
Şimdilik kulanıslı güzel,genel,pozitif
Şu kulaklığın başına gelmeyen şey kalmadı,genel,negatif
şarj aleti yanında gelmiyor onun haricinde ses kalitesi çok iyi tasarım olarak da çok kibar duruyor çok beğendim,genel,negatif
şarj aleti yanında gelmiyor onun haricinde ses kalitesi çok iyi tasarım olarak da çok kibar duruyor çok beğendim,batarya,pozitif
şarj aleti yanında gelmiyor onun haricinde ses kalitesi çok iyi tasarım olarak da çok kibar duruyor çok beğendim,ses_goruntu,pozitif
şarj kablosu çıkmadı garanti belgesi doldurulmamış,genel,negatif
şarj kablosu çıkmadı içinden,genel,negatif
şarj kablosu çıkmadı nasıl bir ürün gönderiyorsunuz yetkili satıcı olacaksınız birde😡,genel,negatif
şarj konusunda baya iyi ama telefon görüşmesinde kötü karşıya ses çok gitmiyor,batarya,pozitif
şarj konusunda baya iyi ama telefon görüşmesinde kötü karşıya ses çok gitmiyor,ses_goruntu,negatif
şarjı istediğim gibi gitmiyor. 3 günde bir sarj etmem gerekiyor ama kapta kuçuk tabi neresinden o kadar sarj  olsun.,batarya,negatif
şarjı çok hızlı bitmeye başladı garanti kapsamında değişim/tamir istiyorum ama kimse ilgilenmiyor,batarya,negatif
şarjı çıkmadı,batarya,negatif
